title,artist,top10,peak_rank,ar1_coef,ma1_coef,ar1_manual,model_aic,mean_streams,std_streams,trend_slope,peak_day,volatility,early_late_ratio,danceability,energy,valence,tempo,acousticness,loudness,speechiness
$$$ - with Matt Ox,XXXTENTACION,0,28,-0.017147266114234193,-0.9114409488978007,-0.5116582412142047,547.8784996757066,49330.57142857143,152430.237029013,1067.6584415584425,12,229425.16921142285,1.4608791365586686,0.774,0.507,0.508,140.067,0.0636,-6.952,0.065
'Til You Can't,Cody Johnson,0,127,-0.01610321971215081,-0.9999999999400817,-0.40381687933519705,228.0019034708381,216754.45454545456,15590.001005094351,-3049.3090909090947,0,17825.608757066337,1.0,0.501,0.815,0.46,160.087,0.0513,-4.865,0.0436
(Don't Fear) The Reaper,Blue Öyster Cult,0,43,-0.21269614085675853,-0.9525184324348897,-0.5056163369227928,561.024104403725,159540.61904761905,224634.73052437734,4654.827272727276,12,361152.0852494521,0.743843458567496,0.333,0.927,0.385,141.466,0.0029,-8.55,0.0733
(Everything I Do) I Do It For You,Bryan Adams,0,92,0.2581393317621048,-0.785952732436721,-0.35333894740952654,421.20911038920326,19987.21052631579,19438.042988398716,59.336842105262605,7,26299.714221092047,1.0,0.533,0.36,0.299,131.229,0.0805,-12.633,0.0282
(Sittin' On) the Dock of the Bay,Otis Redding,0,121,0.13350392440046335,-0.942587956803653,-0.27484273583545904,460.99878207437604,44458.76190476191,17705.52363073594,-210.719480519479,7,24220.949625479177,0.9569278418892482,0.769,0.367,0.535,103.621,0.684,-11.226,0.0312
(You Make Me Feel Like) A Natural Woman,Aretha Franklin,0,49,-0.011194468090440357,-0.9316805656404464,-0.48774670358793565,560.0648266572443,90399.71428571429,208698.96432379133,-4129.102597402595,10,313215.1581199855,2.62664215165122,0.603,0.271,0.405,110.89,0.679,-10.083,0.0284
(não) era amor,GIULIA BE,0,40,-0.13338006866113047,-0.9971837371588442,-0.5516693685788226,463.7021148465382,84573.14285714286,19385.04866492464,-228.32077922078102,1,30697.66840266537,1.014607875304735,0.625,0.555,0.328,88.888,0.415,-6.43,0.146
0.03,ØZI,1,8,0.009280873564432123,0.41513340476011285,0.33384551867777973,372.5751445620326,18956.761904761905,3781.716905432567,333.3584415584418,12,2381.4690523918216,0.7822225022048633,0.786,0.669,0.679,117.945,0.0566,-5.944,0.0737
00:00 (Zero O’Clock),BTS,1,5,-0.2668387229515667,-0.5827898953164686,-0.9544205457617881,532.6324222527485,42621.142857142855,108187.18506951416,6285.544155844154,19,152437.72942700243,0.1656160277827126,0.56,0.547,0.199,157.962,0.0806,-6.456,0.0675
0X1=LOVESONG (I Know I Love You) feat. Seori,TOMORROW X TOGETHER,1,7,-0.06589041455219845,-0.8729433436721648,-0.5225396224378746,562.3788425954519,68552.14285714286,220549.2250421522,8467.975324675328,16,332479.9484371952,0.055298665356688335,0.584,0.836,0.484,104.973,0.0558,-4.925,0.079
1+1,Ready Kirken,0,101,0.4400550844213045,-0.998532739406342,-0.32636608703779274,301.00980233224317,5271.476190476191,370.6179677302965,9.692207792207988,14,412.78791164470886,0.9614887428632986,0.636,0.713,0.904,175.004,0.0836,-6.619,0.0526
"1, 2, 3 (feat. Jason Derulo & De La Ghetto)",Sofía Reyes,1,2,-0.022496826621698753,-0.9995318362916821,-0.4903183611729854,465.51801030818785,15347.190476190477,21061.666617948915,-922.6844155844157,10,30324.503724339822,3.490608102913667,0.792,0.895,0.794,94.968,0.165,-3.112,0.0589
10 NUMARA,Lvbel C5,1,1,-0.20406627193701976,0.9999999963163769,0.05534328580490984,501.8459640821544,375963.28571428574,85755.67458172076,9249.475324675324,9,61790.04920897458,0.7059283115280729,0.684,0.652,0.654,142.068,0.00667,-10.144,0.164
"10,000 Hours (with Justin Bieber)",Dan + Shay,1,2,-0.37895227136067544,-0.5163724517365579,-0.990821257557612,588.2496218529672,133139.19047619047,435711.6220361723,22183.24545454545,19,635471.716535331,0.17504425816388802,0.654,0.63,0.43,89.991,0.153,-4.644,0.0259
11 Minutes (with Halsey feat. Travis Barker),YUNGBLUD,0,11,0.14501228468087235,-0.8845648749990468,-0.4399891529548178,546.1703331409597,52603.857142857145,146303.5685055419,3029.8519480519467,14,202881.52621268897,0.1856054421052077,0.464,0.852,0.233,160.075,0.0116,-3.804,0.067
11 PM,Maluma,1,3,-0.5775395649390889,0.19304251457139038,-0.6391859902313332,563.4619500671936,95007.71428571429,236713.8771394583,10317.407792207792,20,265899.4396265062,0.36788910105672823,0.777,0.712,0.68,95.692,0.217,-4.84,0.277
11 RAZONES,Aitana,1,10,0.430387478761157,-0.9999999998298845,-0.1736246073465296,474.12612811246106,152578.09523809524,36923.86840888484,-4182.292207792208,4,30533.56609286737,1.4369094516552166,0.55,0.874,0.348,166.011,0.00599,-3.937,0.0508
11 Y 6,Fito Paez,0,113,-0.18907758695525212,-0.9980270768221363,-0.5240448307547599,323.24151529656615,21941.14285714286,1216.4097948946508,175.92077922077945,18,884.625491380392,0.8925949195555227,0.746,0.506,0.35,101.361,0.159,-7.945,0.0267
115万キロのフィルム,Official HIGE DANdism,1,6,-0.46981512796390684,0.7768892519991811,0.18760694034756262,325.73808186046375,11091.666666666666,2025.944984288833,319.4220779220781,20,715.5317183745246,0.6646284953395473,0.516,0.791,0.48,96.921,0.00345,-1.927,0.0318
12 Bande,Varinder Brar,0,70,0.09425122696203861,-0.23935687234195785,-0.02207055669799736,401.14097949034704,77086.85714285714,8984.42687726519,1158.598701298702,8,4535.771939537965,0.8121288644542458,0.706,0.693,0.838,141.794,0.0123,-5.502,0.259
12:51,krissy & ericka,0,123,-0.8783535548045661,0.993447171103266,0.1280320189671908,369.2715485527276,22506.0,2405.0659232624157,103.81168831168864,20,2031.678480345746,0.9584947185834986,0.503,0.357,0.438,136.135,0.727,-9.36,0.0272
134340,BTS,1,4,-0.08353899671182448,-0.8951695916283111,-0.5223256025234427,517.5874971399214,30840.714285714286,72750.15068754996,2821.724675324675,15,110559.24587613648,0.23047232314597135,0.665,0.687,0.651,106.023,0.155,-6.466,0.0547
13樓的大笨象,Stephanie Cheng,0,41,-0.26642884882180484,-0.9993506539201227,-0.5937469895855256,300.59857509229636,3292.5238095238096,462.78696312950564,51.831168831168846,18,550.0128612132629,0.7719526175009553,0.423,0.721,0.482,168.046,0.344,-5.838,0.0425
16 Lines,Lil Peep,0,23,0.03294284159514365,-0.9479121712689004,-0.4625713222524248,555.9057905431449,72477.57142857143,190314.85255793793,-2050.585714285712,13,278496.9528437026,4.4742003154830625,0.607,0.45,0.121,105.992,0.0663,-8.507,0.0338
17,Pink Sweat$,0,166,-0.21237196016420373,-0.9941327155171396,-0.10144017850916066,405.54245934583923,25760.333333333332,4759.082577989899,227.34415584415635,1,5728.561360411531,0.8957470010905125,0.558,0.364,0.252,129.17,0.169,-8.663,0.0502
17 (feat. Joshua and DK of SEVENTEEN),Pink Sweat$,0,80,-0.6564952786580577,-0.9999999649656238,-0.6970753921040089,195.4083953634049,29328.0,8792.730975072534,60.654545454545676,2,16760.705669607403,1.0,0.615,0.383,0.306,129.358,0.112,-8.575,0.0597
1950,King Princess,0,13,-0.05172570276043626,-0.9203296782667022,-0.49104145129755467,509.55400675022685,26387.380952380954,58381.579380809264,1410.449350649351,17,89215.08807565848,0.18547051983952814,0.6,0.535,0.269,71.912,0.648,-7.043,0.107
1x1 (feat. Nova Twins),Bring Me The Horizon,0,20,-0.06582602570648328,-0.9098981108044812,-0.5255347835739489,554.1834796713175,62326.380952380954,179178.24328982108,-5681.0441558441535,6,272228.75014755514,8.60959814416548,0.452,0.937,0.604,164.032,0.000209,-3.346,0.161
2 soon,keshi,0,91,-0.3213998197067975,0.8465893563975411,0.3091960667020655,298.4150240071511,6680.666666666667,844.6300025868376,116.3415584415586,18,386.9315830996482,0.7889473487816709,0.517,0.663,0.146,174.032,0.146,-6.688,0.0375
"20 Questions - From ""Bergman’s Reliquary""",Veronica Maggio,0,17,-0.7476036429241136,-0.9999991119134785,-0.2962278223260297,445.22515714243775,57876.0,14261.675454234148,-219.02337662337607,1,21496.931745251462,1.0543004028731147,0.713,0.624,0.481,110.002,0.379,-5.392,0.0784
20/20,Lil Tjay,0,52,-0.6617736168021147,-0.6132450810274969,-0.8545736166839671,529.8218723006264,161627.66666666666,118907.6716113462,936.2038961038983,2,219146.63101345525,0.9282793421728401,0.886,0.336,0.536,100.044,0.557,-12.779,0.239
2000 Miles - 2007 Remaster,Pretenders,0,23,-0.39440403609002245,-0.8957437234762762,-0.5846781972397073,490.7984992668076,34357.04761904762,38607.39849214222,-1309.6103896103887,5,66628.1913849348,2.3244113230454646,0.292,0.709,0.452,99.303,0.00292,-9.052,0.0303
2002,Anne-Marie,1,1,0.39814759226130303,-0.9157262416509819,-0.13234787347205887,516.4625861887502,39181.333333333336,73153.50335218685,1284.2480519480519,14,87276.56902541198,0.3416243520575479,0.697,0.683,0.603,96.133,0.0372,-2.881,0.117
2002 - Acoustic,Amber Leigh Irish,0,145,0.0985542170685588,-0.9911701865955822,-0.23131958511403758,261.1628023428633,21817.25,1078.9923250422128,-92.70882352941175,4,1346.1431325580995,1.0,0.589,0.296,0.611,165.799,0.842,-9.335,0.083
2055,Sleepy Hallow,1,7,0.09160042090982011,-0.8328301246570183,-0.3121738620735694,524.612987492725,81679.52380952382,83986.58056449315,5099.387012987013,15,113746.22576985796,0.26486178253662634,0.829,0.512,0.638,80.511,0.492,-5.865,0.187
2084,Dear Jane,0,12,-0.5763920350929237,0.9997148595788624,0.08075926973778556,326.729074258735,5654.285714285715,999.8606161364095,80.89870129870133,10,742.2732919888739,0.7989904064690543,0.361,0.846,0.443,104.932,0.132,-3.717,0.0337
23 (With Ape Drums),Randy,1,7,-0.029176289156977772,-0.9161569211202255,-0.39323412164357224,450.0295049831125,21492.095238095237,13980.98240946561,-943.6818181818182,19,19446.06159991015,2.1524716411697367,0.828,0.724,0.896,96.058,0.0424,-3.555,0.0715
23 de Junio,Vetusta Morla,0,65,0.7477909181089729,-0.9988582886742172,-0.03576499834746059,262.8108306705136,30106.0,9857.86686240604,-1161.450549450549,0,10079.324088270449,1.0,0.442,0.473,0.547,172.879,0.616,-8.63,0.0394
24 на 7,FACE,0,142,-0.6708105269131864,-0.323722267641834,-0.8408831327697133,408.40539239401375,6982.380952380952,6042.887259109163,501.6688311688311,13,8665.684711983238,0.34933232368831096,0.565,0.481,0.518,72.737,0.602,-13.575,0.757
295,Sidhu Moose Wala,1,2,0.3295926410397225,-0.9999999999457314,0.042533008558419134,457.19115094721263,168039.38095238095,40314.91785983635,-6024.912987012986,1,20369.089121693683,1.6539475897369373,0.557,0.794,0.432,91.366,0.179,-5.698,0.2
2U (feat. Justin Bieber),David Guetta,1,1,-0.5544599881631769,-0.3053344090992054,-0.775116216906972,513.492589388871,54074.47619047619,66205.87936747659,2436.7545454545448,19,102204.246235406,0.5503552935374683,0.548,0.65,0.557,144.937,0.219,-5.827,0.0591
2step,Ed Sheeran,1,9,0.9995969784503446,-0.9999999999996279,-0.14499093251198836,534.2827857966884,54981.90476190476,104713.68932606971,-8679.97792207792,1,118096.55473619881,8.725484542985752,0.693,0.643,0.477,95.055,0.138,-5.867,0.0828
34+35,Ariana Grande,1,1,-0.11735398855396016,-0.9999999998390895,-0.38355942959401534,502.9232490405647,44806.95238095238,52595.362890364784,1454.0740259740255,15,79848.59653549021,0.5921148574317647,0.83,0.585,0.485,109.978,0.237,-6.476,0.094
3:00 AM,Finding Hope,0,94,0.3643047696252091,-0.9999740791566926,-0.1912545771556078,319.09048787386155,8060.285714285715,851.743318302004,106.12207792207788,10,668.6576926948495,0.8469483410894239,0.55,0.147,0.0346,81.991,0.563,-18.675,0.0404
3:59 AM,DIVINE,0,12,0.060010959449881836,-0.9984001545016686,-0.16077416542660353,434.59458706679703,93712.19047619047,15794.151025945825,-2098.063636363634,1,12843.867066717095,1.3677316379394902,0.669,0.588,0.237,97.026,0.177,-6.902,0.339
5% TINT,Travis Scott,1,9,0.05518014000825815,-0.8699655124282502,-0.45595220321953117,593.1802178472041,134826.2857142857,472556.3079333854,17393.641558441563,16,678298.1496467667,0.07084839418342519,0.712,0.481,0.062,140.0,0.173,-5.415,0.0487
500 PS,CRO,0,35,-0.3954601208464915,0.9997131295123922,0.20753947076996415,212.9199100346972,8698.583333333334,3997.3821946021403,-875.5069930069927,0,2818.8758382971637,1.0,0.505,0.581,0.38,104.354,0.403,-6.524,0.0675
505,Arctic Monkeys,0,11,-0.9999999469483639,0.9999999495982764,-0.048103925708591816,431.96568071347775,41511.42857142857,15998.158038532134,1645.7038961038966,8,9700.13278504475,0.5787764424578214,0.526,0.866,0.248,140.266,0.00287,-5.822,0.0568
7 rings,Ariana Grande,1,1,0.38850101959893263,-0.9854037630535171,-0.07270774134666348,513.1586025696972,63546.90476190476,71012.08843630899,-1329.3753246753242,4,85017.16557348875,1.5672416032227159,0.778,0.317,0.327,140.048,0.592,-10.732,0.334
743,Miranda!,0,88,-0.13529956303648366,-0.999999896398588,-0.4513732388498312,401.71849439550215,16300.714285714286,4156.977601035421,-22.966233766233966,0,6405.417600750165,1.0594796876686698,0.851,0.747,0.959,110.972,0.098,-6.427,0.0302
8 Letters,Why Don't We,1,5,0.4016294391554547,-0.9999999588965827,-0.34247350696238554,380.21122439590016,5279.333333333333,2588.683712831555,-15.535064935064876,2,3004.3891409070166,1.100038662284941,0.607,0.478,0.255,88.979,0.649,-5.702,0.031
9 and Three Quarters (Run Away),TOMORROW X TOGETHER,0,42,0.011836381089088428,-0.7448950884208697,-0.4986252933876341,452.8578445048897,13911.333333333334,13899.582297024112,-68.44155844155871,13,19667.04328591362,1.392261101418743,0.639,0.756,0.531,128.931,0.0055,-4.42,0.0606
9 to 5,Dolly Parton,0,80,-0.47449066157303127,-0.9506912896804891,-0.6291272644883134,477.77283215666563,37416.80952380953,30417.878009985925,73.19870129870269,16,52666.84249753349,0.9748315389977539,0.554,0.783,0.813,105.39,0.416,-5.852,0.0457
@ my worst,blackbear,0,33,-0.06456663554193044,-0.9277045472460766,-0.5037565300702905,563.8642576747924,111468.04761904762,229512.82149006636,134.85324675324702,9,351169.13836729375,0.8625101762719974,0.615,0.774,0.336,136.887,0.0173,-5.152,0.0551
A Different Way (with Lauv),DJ Snake,0,17,0.09355937133990194,-0.8790408475789913,-0.4186504801267099,520.5705288278798,33344.57142857143,76714.4109188479,2143.688311688311,15,109183.43441817308,0.23975315032924838,0.784,0.757,0.587,104.996,0.495,-3.912,0.0384
A Ella,KAROL G,0,43,-0.4030637152382342,-0.932998386807509,-0.6971543986734466,417.2204215965645,7157.714285714285,6673.188537101337,78.65324675324688,17,11703.50863320483,0.8923700292268179,0.73,0.769,0.594,181.988,0.244,-4.936,0.178
A Holly Jolly Christmas,Brett Eldredge,0,56,-0.44182672093663766,0.9411432392355529,0.19792034552986007,399.4253895142344,15431.380952380952,4538.093615649538,-3.2701298701302846,20,4697.71715730098,0.9029695366498848,0.681,0.474,0.7,71.957,0.621,-8.623,0.0423
A Holly Jolly Christmas,Lady A,0,51,-0.5107810976331919,-0.9278359517452202,-0.8128861752593516,442.9916421322462,25979.52380952381,13617.476420356192,610.6584415584415,17,23549.50396563588,0.7360102030580513,0.626,0.52,0.746,147.031,0.392,-4.389,0.0284
A Little Bit Off,Five Finger Death Punch,0,49,-0.20442539925160463,-0.9807051700796995,-0.44771830753382874,234.63544724433456,9808.833333333334,6352.608989401301,-314.8391608391609,4,9745.758833444906,1.0,0.664,0.828,0.82,103.985,0.00839,-6.053,0.0404
A Mí,Rels B,0,44,-0.2357766734452204,-0.9999999214182038,-0.28297828107474127,456.1711194545821,79776.14285714286,16978.473772582107,-785.2077922077915,1,22803.586082620863,1.1556646515196878,0.846,0.548,0.516,94.925,0.241,-6.397,0.256
A Nossa Praia - Ao Vivo,Matheus & Kauan,0,59,0.4302095974008893,-0.9618190372755634,-0.08292659848657696,400.36972118018065,40650.47619047619,5386.891502430406,-533.7675324675323,1,4942.724919262653,1.1829047608409107,0.513,0.784,0.456,121.466,0.366,-5.174,0.108
A Place for My Head,Linkin Park,0,46,-0.9200093027379787,-0.07625545498062386,-0.6528332156380869,495.7979626746898,26344.04761904762,59018.17852595539,-4184.88181818182,1,86344.66768682071,7.944370687559603,0.603,0.908,0.457,133.063,0.0144,-5.254,0.184
A Roça ou a Cidade (Da Roça Pra Cidade) - Ao Vivo,Os Barões Da Pisadinha,0,107,0.48210273740611714,-0.9837961761453452,-0.009598651270030473,326.7229952964326,113515.66666666667,25253.677194068634,-3239.8464285714285,1,23615.11958222217,1.0,0.602,0.962,0.835,172.201,0.293,-2.375,0.0621
A Thousand Miles,Vanessa Carlton,0,61,-0.3927973504812471,-0.9898584459732905,-0.7171554239475081,425.2967750532411,13345.619047619048,8189.903886151478,224.6155844155842,19,13949.22514120408,0.852600820701077,0.56,0.825,0.268,94.931,0.323,-3.862,0.0379
A Thousand Years,Christina Perri,0,56,-0.2738562811859623,-0.9993830462779418,-0.6613713589781883,438.6363492074566,10292.809523809523,10817.33066984927,166.67142857142878,16,17758.781718561102,0.7873715124816446,0.421,0.407,0.161,139.028,0.309,-7.445,0.0267
A Tu Merced,Bad Bunny,1,8,-0.09091831707528511,-0.8973095762205472,-0.5400999930818641,595.3329596924514,217671.61904761905,507435.5926705403,-10239.803896103893,10,778896.1853521238,6.145055203194738,0.86,0.791,0.887,92.023,0.169,-4.784,0.0568
A-O-K,Tai Verdes,0,15,-0.21635803456632752,-0.9169019229974127,-0.5580211794094673,520.0744300366546,124379.71428571429,98002.69012252522,-9876.335064935061,1,127373.47079171354,3.3198281486645955,0.731,0.626,0.862,82.488,0.125,-6.919,0.0805
ABC,The Jackson 5,0,102,-0.930686038082098,0.09427521567272064,-0.7011212693671336,300.14410612699385,35719.07692307692,41728.497077880704,-677.6428571428537,1,71127.02753656657,1.0,0.53,0.869,0.935,187.93,0.318,-6.029,0.0588
ALL GIRLS ARE THE SAME,RØNIN,0,45,-0.1331586906862154,-0.9991675326059384,-0.523700452636976,300.5267811292271,1742.1904761904761,370.6309445420797,27.59740259740261,10,503.97865778225173,0.7843122042051361,0.785,0.343,0.468,118.065,0.593,-10.923,0.0862
"ALONE, PART 3",XXXTENTACION,0,22,0.7425851090050517,-0.9999999999885554,-0.4445497449593506,559.1307627630329,56281.19047619047,165301.075159589,-9747.305194805189,1,229296.99551626816,7.510526767397054,0.61,0.258,0.164,127.08,0.883,-12.758,0.0331
ANIMA,ReoNa,0,100,-0.6435946195446667,0.9990024223853375,0.08633925153166012,360.43850616861073,29370.0,2639.2873316574724,-29.574025974025876,8,1737.0329667280353,1.0124679934085434,0.455,0.918,0.498,96.513,0.000732,-4.503,0.141
ANTEN FREESTYLE (PLA4 INTRO),Khontkar,0,37,-0.5462310665457875,0.9999990621558259,0.5034098519628886,315.1126318285521,52763.76470588235,15179.559927471399,-2943.01470588235,0,3898.6170284313644,1.0,0.776,0.487,0.301,133.944,0.543,-10.646,0.101
ASAP,STAYC,1,4,0.05176419182230816,0.19487213752289295,0.3484867804251706,307.02573859742955,6503.809523809524,1915.2148361164932,296.948051948052,13,435.1776189097964,0.497830653214421,0.764,0.802,0.323,132.02,0.102,-4.217,0.0351
ASTROTHUNDER,Travis Scott,0,14,0.08050566311962203,-0.8983879742754282,-0.4520856429894665,587.0729207870496,118341.28571428571,405404.25478176284,9188.892207792207,14,580457.9909598519,0.09673716936349022,0.7,0.46,0.286,151.901,0.142,-8.111,0.0661
AUSLÄNDER,Rammstein,1,4,0.8242257579617723,0.4574918185819714,1.5676706714772888,524.1066053645014,85171.23809523809,233906.34865911305,18053.927272727273,20,155935.53236369026,0.09675964817714129,0.681,0.912,0.479,125.031,0.000757,-4.159,0.0912
AYA,MAMAMOO,0,22,0.21509573990058573,-0.9999688915689124,-0.13809042425409457,408.0242671005932,11153.333333333334,5009.612572543323,154.36103896103904,18,6428.619682910166,0.8677989952229889,0.634,0.858,0.637,91.688,0.101,-2.226,0.0809
Acapulco,Jason Derulo,0,17,-0.2763917111818524,-0.6797837586096583,-0.5641224030940164,482.9156436959795,29860.809523809523,28686.986702317776,-91.90519480519406,4,46880.55391361645,1.3687484507607501,0.774,0.792,0.507,122.062,0.051,-4.021,0.0523
Acordo - Ao Vivo,Henrique & Juliano,0,27,-0.5892476429467689,0.7925739139949615,0.038329543047823,500.7498588754917,332693.38095238095,82054.62457033536,-9106.13506493507,8,55600.15391694073,1.4147088727255417,0.608,0.82,0.673,108.394,0.611,-3.689,0.119
Acuérdate De Mí,Morat,0,32,-0.13507707292849544,-0.9264744829994215,-0.5409690718598519,483.7953685254223,15685.095238095239,30640.300826735278,81.72987012987075,7,48523.61911530816,0.42780664462289403,0.328,0.517,0.287,184.446,0.266,-6.124,0.0777
Adhiya,Karan Aujla,1,3,0.9999835805001838,-0.9999912101419658,-0.015515618674943915,441.03474100963115,125605.33333333333,13874.010043906292,-1090.1519480519446,3,12159.096639450647,1.160350738984596,0.753,0.758,0.794,92.063,0.0901,-7.845,0.168
Adios,EVERGLOW,0,21,-0.11270758094489865,-0.9753473756354821,-0.5463697837996687,435.9878312980667,12997.238095238095,9769.25327313911,70.59870129870147,13,15106.75126756246,0.975932671150284,0.633,0.706,0.399,128.185,0.000588,-5.137,0.0627
Afraid (feat. HARLEE),James Hype,0,109,-0.35355941983035244,-0.9181460316089488,-0.6159979835711107,470.55490989432326,42388.71428571428,23256.715184145472,-10.785714285714874,9,39723.15420667775,0.9302195593123939,0.744,0.78,0.762,125.997,0.101,-3.631,0.0529
Africa,TOTO,0,31,-0.16881829911189344,-0.9994414502849148,-0.4006578117706671,416.3819408864343,6653.714285714285,6892.4236123224955,-555.6584415584415,1,9231.128870701566,3.749489150530311,0.671,0.373,0.732,92.718,0.257,-18.064,0.0323
Afro Trap Pt. 7 (La puissance),MHD,1,3,-0.3024660851928237,-0.9429041057177635,-0.5560972945950414,480.65570100582437,24838.095238095237,30198.535796899887,320.8857142857153,14,50363.16868347345,0.8418807878510143,0.97,0.806,0.815,120.003,0.0955,-5.628,0.298
After Hours,The Weeknd,1,1,-0.23986389136728678,-0.999999999280242,-0.5593378366837629,494.5746500054809,31255.190476190477,44959.25085761555,-2103.5259740259758,4,68867.49831979888,2.679597971068946,0.651,0.567,0.138,108.953,0.0934,-5.941,0.0317
After School,Weeekly,1,3,-0.3838796343096537,-0.693018398432369,-0.6808898975783086,491.0839103029784,40659.28571428572,39336.19647909768,2307.6415584415586,20,62749.72665077913,0.45297467997518753,0.634,0.928,0.738,164.007,0.00719,-1.609,0.0514
Agora Eu Pego Mesmo,Os Barões Da Pisadinha,0,80,0.19738917600444558,-0.9399901116466487,-0.19741207404487537,456.6471179722844,109340.71428571429,24282.789955307962,3049.2298701298705,17,20787.109635781497,0.6367998376889924,0.815,0.887,0.952,172.032,0.592,-6.386,0.0459
Agua,Jarabe De Palo,0,26,-0.10428152210847647,-0.8224429101504782,-0.4801560826522783,505.5743523596567,34471.47619047619,52717.51986960136,258.18181818181876,17,82084.68109170858,0.7757491045688827,0.715,0.358,0.742,145.751,0.743,-15.522,0.033
Agua (with J Balvin),Tainy,0,57,-0.19004988154358526,-0.9577369862941406,-0.5114944207082917,469.3987537521983,14398.42857142857,23553.722230500316,-1206.1142857142859,6,36253.596532309726,3.617914269678687,0.778,0.651,0.569,100.094,0.167,-5.421,0.266
Ahora,J Balvin,1,8,-0.08987717444325294,-0.9496561842005334,-0.45495449847783553,451.85020474500027,9244.095238095239,14300.375209545618,380.596103896104,11,21768.669045844304,0.41385858098740136,0.81,0.784,0.817,88.001,0.0874,-3.223,0.0622
Ain't My Fault,Zara Larsson,0,39,0.09771204597923625,-0.9140872651467117,-0.4352217872158515,525.1932729946808,30657.428571428572,86339.88373011982,1476.8714285714284,14,122809.16571946084,0.23691628572137124,0.576,0.782,0.355,141.153,0.00778,-4.825,0.0296
Ain't No Sunshine,Bill Withers,0,28,-0.03548569708354078,-0.8991364249768181,-0.46155010080675835,560.6684665425771,106897.76190476191,210910.8280480063,-7923.145454545448,7,316618.0905255415,2.835739781832727,0.527,0.415,0.515,78.169,0.457,-11.451,0.122
Ain't Your Mama,Jennifer Lopez,0,33,0.018436366550696182,-0.9959550779578582,-0.34768411694392076,457.98548383580874,17153.428571428572,16765.85779428632,67.15974025974059,1,24384.05344461827,0.9516461486333861,0.757,0.678,0.82,120.075,0.0472,-5.529,0.233
Ainda Sou Tão Seu - Ao Vivo,Felipe Araújo,0,61,0.39060751369033075,-0.9775584425547682,-0.2234236824618721,429.3177236606126,60588.76190476191,8908.176377456954,249.86363636363635,18,10351.067538664793,0.9241004772713541,0.725,0.678,0.604,126.916,0.188,-5.268,0.0298
Airplane pt.2,BTS,1,3,-0.10128014919279303,-0.9298457681425127,-0.5163336575092989,519.4173537153397,36140.47619047619,76546.51827771077,2705.5987012987016,16,117097.26851921013,0.25903567581735754,0.77,0.817,0.866,139.979,0.0265,-4.092,0.0339
Ajab Si,KK,0,64,-0.6670410572369146,0.7970885003746653,0.21566089466171356,362.78737132369076,44988.28571428572,4936.081375639868,713.8974025974027,20,1743.8614910594247,0.7956601836617025,0.697,0.438,0.58,117.954,0.397,-8.411,0.0289
Ajnabee,Bhuvan Bam,0,31,0.5619040313672675,-0.25640053370591487,0.248342216631022,326.6634209879694,26231.944444444445,8635.416990975287,-1532.2693498451995,1,2919.81300889636,1.0,0.589,0.646,0.345,88.999,0.521,-8.157,0.0287
Alarm,Anne-Marie,0,43,0.08889925528968107,-0.9172562697727638,-0.44675251763557194,518.7115200608039,28730.190476190477,73559.08622818546,-1169.6337662337658,8,104901.92766980024,1.0135651786211894,0.756,0.589,0.811,146.928,0.0812,-5.093,0.232
Alcohol-Free,TWICE,1,2,0.6493468132620046,-0.9999999990649577,-0.01845187603649158,556.1338015111547,80456.61904761905,205418.33252807983,-10128.558441558453,0,220695.8216428213,3.6633240997229914,0.688,0.909,0.702,97.097,0.0474,-1.992,0.0624
Aldri tilbake,Rotlaus,0,13,0.5532536131327032,-0.9999998024024463,0.14667674871654504,402.740159135708,32342.095238095237,11719.779580670498,-1788.3779220779224,0,4862.94854460748,2.1762675905963067,0.611,0.867,0.669,129.979,0.226,-4.897,0.0317
Aliança,Tribalistas,0,51,-0.2795617410079229,-0.7475979177138229,-0.5914676959668032,483.7490707931824,72759.76190476191,29031.50874137363,430.0948051948056,0,45448.28166550964,0.9001098093310707,0.641,0.314,0.335,132.983,0.96,-13.932,0.032
Alien Blues,Vundabar,0,30,0.37744922604977593,-0.9318681879485605,-0.19479301364711146,508.27451295340586,29749.285714285714,60646.72144331571,823.0298701298701,9,72527.88240766444,0.0764622993095869,0.467,0.757,0.433,82.282,0.0807,-5.093,0.033
Alive,Pearl Jam,0,97,0.45855949046789074,-0.9998898895816658,-0.09263065643358752,206.10117505486684,7047.272727272727,5163.538781088185,-908.7181818181815,4,5185.267226479268,1.0,0.284,0.875,0.595,75.009,0.00752,-6.069,0.0422
All Around Me,Justin Bieber,0,11,0.05770818953096185,-0.8664838375877778,-0.41886134934349695,558.9903625542024,70352.61904761905,208903.1775544141,10348.925974025971,18,293137.238927793,0.1633762856129566,0.53,0.438,0.694,117.148,0.811,-7.564,0.0372
All I Ask,Adele,0,33,-0.376355212990307,-0.989056463072597,-0.5987317929534878,418.06686132547867,10383.714285714286,6679.122983081629,-114.15324675324699,7,11204.7105143328,1.1661164098801664,0.591,0.28,0.348,141.916,0.889,-5.494,0.0283
All I Wanna Do,Martin Jensen,0,86,-0.21567614179194283,-0.995669573101818,-0.42788481284104674,395.2247266433999,12736.047619047618,3665.7366761245694,130.7818181818183,14,5716.237167927868,0.8385778710438967,0.728,0.794,0.523,112.071,0.148,-3.992,0.0635
All I Want,Kodaline,0,58,-0.30303493989829855,-0.9964083961246137,-0.3438880517423291,295.97767558254895,4367.809523809524,306.44188745256014,-12.475324675324615,1,386.26714848664,1.02496270512183,0.188,0.411,0.159,187.376,0.174,-9.733,0.0484
All In,Lil Baby,0,34,-0.11650498806618066,-0.9983857176285551,-0.5468201426130325,562.0874179735488,195528.33333333334,229579.01275498932,-8038.0064935064875,1,352596.0951292959,1.5193273059528016,0.836,0.649,0.294,95.084,0.0716,-6.442,0.332
All My Life,Foo Fighters,0,24,0.3319989814802964,-0.9970159370804682,-0.3454598060978675,360.53545877123145,4399.2,2844.509546477213,251.49323308270678,15,2975.39744499431,1.0,0.577,0.604,0.637,167.719,0.000218,-5.703,0.0495
All Night Parking (with Erroll Garner) Interlude,Adele,1,9,-0.03157334491333036,-0.9998139806887132,-0.46182612506213844,489.91989458642513,25553.238095238095,36217.69762725816,-513.5025974025974,3,53709.385526623744,1.2374258261538844,0.734,0.497,0.307,127.989,0.67,-9.666,0.166
All On Me,Devin Dawson,0,128,-0.3734981255905717,-0.5347038318915137,-0.6467126527605942,528.0257437205668,146872.09523809524,91038.86238404676,2277.362337662341,18,145108.449278419,0.8287805621156713,0.634,0.666,0.625,80.989,0.139,-5.489,0.029
All Star,Smash Mouth,0,77,0.2552000355838667,-0.7932048173163097,-0.3300054484038049,449.62700346721863,7986.714285714285,12633.525335176948,230.48441558441527,12,16978.28201085139,0.7652659377316531,0.731,0.867,0.776,104.019,0.0395,-5.881,0.032
All The Small Things,blink-182,0,80,-0.21896639233310486,-0.8961265540456295,-0.5446198102192678,313.04235875158093,31082.5,26995.138815693677,1837.0791208791215,9,43828.577318630225,1.0,0.434,0.897,0.684,148.726,0.0103,-4.918,0.0488
All The Stars (with SZA),Kendrick Lamar,1,1,-0.14284197230218587,-0.7200984754593874,-0.9257331786567744,559.9078833252062,81227.80952380953,214195.37110480617,10783.553246753245,19,306559.3003197383,0.2502903909268414,0.698,0.633,0.552,96.924,0.0605,-4.946,0.0597
All We Got (feat. KIDDO),Robin Schulz,1,2,-0.24172412215218497,-0.7111441201284531,-0.5932172391956351,496.96997832209956,34607.95238095238,40787.344131279824,-188.0714285714274,2,66411.9662963498,0.9142075691281241,0.504,0.76,0.64,183.933,0.286,-4.246,0.0426
All of Me,John Legend,0,15,-0.03383212103598221,-0.9175699832343788,-0.4921602071586152,518.7819734348831,24638.333333333332,74135.5588322168,2602.135064935064,15,110542.17398544097,0.10908688069984848,0.422,0.264,0.331,119.93,0.922,-7.064,0.0322
All the Pretty Girls,KALEO,0,66,-0.42834826659314734,0.3722936268413166,-0.03928808795516747,394.4688009225269,6073.476190476191,3972.2025630390576,25.58831168831171,10,3807.8566001754843,1.139818185981544,0.466,0.496,0.352,74.747,0.626,-6.606,0.0302
All the Time,Zara Larsson,0,17,-0.20282050378208205,-0.6045998139814746,-0.37472841714221794,543.9088062428755,33707.619047619046,60507.74000428626,-3031.1506493506463,1,85004.26998951288,2.8550408379574788,0.665,0.799,0.5,101.976,0.18,-2.868,0.0617
Almost (Sweet Music),Hozier,1,10,-0.12041688623171715,-0.9060456531024457,-0.5268748696691574,549.6082858987377,72575.19047619047,160880.0839441243,4312.399999999998,14,251181.15810547973,0.3003785374081208,0.523,0.687,0.711,90.036,0.0215,-5.601,0.105
Alone,Alan Walker,1,1,-0.09129436480845529,-0.9997862122409349,-0.5399557040449162,481.5606586373679,21059.809523809523,30821.840823890496,-820.4233766233762,4,46866.229118737516,2.265289041204348,0.673,0.914,0.183,97.021,0.229,-3.962,0.0496
Alone,Marshmello,1,10,-0.07167067334155999,-0.999681926187504,-0.3221576541811035,441.8261595637814,13238.190476190477,11253.382110108045,2.5194805194805103,8,16701.306199216877,0.9514721396374797,0.631,0.953,0.422,141.99,0.0241,-3.739,0.0343
Alone With You,Arz,0,23,0.0626216819018322,-0.9999926936219147,-0.2524340913109504,481.01591916679564,35413.619047619046,29914.584241320583,435.6999999999992,9,42659.69718771454,0.7600876459992943,0.768,0.374,0.398,75.503,0.288,-12.49,0.723
Alone with You,Arz,0,72,-0.039448762790604296,-0.9197518398068392,-0.28853234603996175,477.75908615730617,34010.47619047619,26223.826773192075,-924.050649350649,16,39070.276251230935,1.5017792412629019,0.768,0.374,0.398,75.503,0.288,-12.49,0.723
Alors On Danse - Radio Edit,Stromae,0,35,0.11952130543172981,-0.8877233175922754,-0.5621772504694774,382.21254548997445,19242.529411764706,25687.080898238793,-1344.8725490196073,6,35319.68560497637,1.0,0.791,0.59,0.714,119.951,0.0994,-9.206,0.0793
Alors on danse - Radio Edit,Stromae,0,33,-0.37021131983324174,-0.9762000505408102,-0.5493616821701005,365.96596804302294,5985.523809523809,2084.7634014221608,-174.33896103896097,14,2986.339717781619,1.440169917434486,0.791,0.59,0.714,119.951,0.0994,-9.206,0.0793
Alright,Jain,1,7,0.3234997779066999,-0.9999999709046588,-0.010563369936229356,405.14307360662616,30636.380952380954,4715.171233331531,-150.82207792207848,0,5499.988289987534,1.0491416329355112,0.685,0.611,0.598,184.055,0.0181,-8.057,0.068
Am I The Only One (with Astrid S & HRVY),R3HAB,0,19,-0.3631861730615441,-0.999999977592902,-0.3492136292069458,422.5647891130599,19974.14285714286,8315.276299196124,-653.0038961038955,1,11640.031947980211,1.5868312294413676,0.724,0.593,0.455,139.896,0.396,-7.741,0.0561
Amarillo,J Balvin,1,1,-0.18383801581154832,-0.864013176737401,-0.6399894669013209,564.8865610067251,113633.28571428571,239679.06290926042,11157.163636363637,10,374687.1469832666,0.057029540587401395,0.641,0.857,0.961,122.728,0.013,-5.725,0.301
Ambiente,J Balvin,1,5,-0.1583580848843766,-0.9368543070072397,-0.5558424114444845,472.21166144436063,16062.190476190477,23649.804738183255,-576.5155844155846,6,37402.56590743475,2.050935757550397,0.789,0.736,0.782,81.014,0.136,-6.279,0.0896
American Girl,Tom Petty and the Heartbreakers,0,22,-0.10907560257185515,-0.9999942412302147,-0.5498451929563825,426.10140237378215,243912.6875,232142.16576559254,6886.163235294121,2,363475.1147974538,1.0,0.552,0.823,0.775,114.514,0.445,-5.988,0.0332
American Pie,Don McLean,0,85,-0.5925255929997805,0.9999999997720558,0.1650706296076164,498.7630924988222,45974.52380952381,77302.53148729782,-6415.712987012991,0,55681.01063870428,4.670139268906643,0.531,0.481,0.491,138.45,0.699,-11.709,0.06
American Sports,Arctic Monkeys,1,9,0.39653180041177766,-0.8920739340834855,-0.10042720927699927,531.4289291072978,51306.333333333336,111271.70048828928,7108.101298701298,17,127217.23339802473,0.13344397429982033,0.372,0.865,0.594,176.689,0.00169,-4.288,0.0513
Amiga Mía,Los Prisioneros,0,86,-0.9998941217323781,0.9998068949011876,-0.16548167280011358,284.1344293404376,25291.4,4623.44279803121,-482.99642857142743,2,4642.092134776635,1.0,0.791,0.605,0.903,135.275,0.014,-7.699,0.0519
Amiga mía,Alejandro Sanz,0,159,-0.9999978837345416,0.9999995566542144,0.0017891050164750965,393.4696066238239,2107.4285714285716,3594.5882547363376,-210.15324675324686,0,3706.3234407563514,2.668972746331237,0.629,0.703,0.402,144.016,0.519,-4.875,0.0504
Amor Completo,Mon Laferte,1,10,-0.4195822017142442,-0.5017512880356138,-0.7154812612324684,430.7947675363217,19578.52380952381,8961.64500003074,477.36883116883087,15,13155.746334872074,0.6435591401346386,0.389,0.418,0.347,175.567,0.664,-8.976,0.027
Angel Baby,Troye Sivan,0,12,-0.16646661486050965,-0.9999999974813032,-0.5024907840085533,571.078055247131,66690.85714285714,190955.98568812248,-9352.494805194803,2,285666.85695184785,22.78295733489188,0.559,0.559,0.338,72.498,0.0145,-6.425,0.0358
Ani Kuni,Polo & Pan,0,102,-0.5507765468176095,0.998221669289698,0.02779584470604768,394.7503779942387,44495.666666666664,4722.043043846224,480.44675324675273,16,4168.845769514627,0.8495972077879168,0.661,0.623,0.0491,121.002,0.198,-6.157,0.0292
Ani Kuni - Edit,Polo & Pan,0,16,0.40688261029747236,-0.961771063905907,-0.016932429765647815,425.8345778018776,60081.857142857145,15773.098455419398,2242.58961038961,16,9403.381774659583,0.5583343266115488,0.704,0.669,0.305,121.005,0.0862,-5.691,0.0309
Animals,Maroon 5,0,63,-0.2068645985470697,-0.1226076845293131,-0.3357774370890306,465.1811585532567,22530.52380952381,23776.6281754224,1354.8740259740257,14,23353.024102672443,0.34645928084138716,0.279,0.742,0.328,189.868,0.000185,-6.46,0.0898
Anonymat,Djadja & Dinaz,0,17,-0.9999999946623285,-0.5182660262445282,-0.7039783622085184,376.5935422222633,65238.25,44216.148887454,-3572.020588235294,1,76491.54793907335,1.0,0.765,0.516,0.55,141.007,0.216,-10.779,0.404
"Another Brick in the Wall, Pt. 2",Pink Floyd,0,22,0.39318821074449734,-0.999987920114985,-0.31863188244182217,338.01659015433586,3009.1428571428573,955.2186130093236,-52.56363636363635,8,1051.3711571086587,1.3391381872213968,0.693,0.394,0.721,104.114,0.0782,-15.882,0.0428
Another Life (feat. Alida),Lucas & Steve,0,64,0.7958942572157541,-0.9999975816664797,0.007691129725928538,416.20699320924405,19930.14285714286,11230.172000912007,1425.4999999999998,20,6674.074057687702,0.38573994836519887,0.541,0.653,0.264,123.854,0.00531,-5.954,0.04
Another Love,Tom Odell,1,2,0.09630742612912782,-0.8648583106142658,-0.4621424070555122,441.31612358844365,8961.47619047619,10921.656662312414,279.41168831168847,11,14990.765670572002,0.4821023271076595,0.445,0.537,0.131,122.769,0.695,-8.532,0.04
Anpanman,BTS,1,7,-0.05523907715168629,-0.8387402967572437,-0.5244601135922704,514.9614879816997,26656.380952380954,66492.32350499545,2092.6129870129867,14,100245.90609845372,0.19268627848975428,0.813,0.876,0.757,98.989,0.024,-2.92,0.0922
Answer,Lilas Ikuta,0,103,0.054960106083448174,-0.9991051552636545,-0.2681355023056484,377.4389975493868,38617.380952380954,2294.104773548527,75.42337662337684,13,3181.403958553519,0.9984078428481922,0.622,0.475,0.388,79.954,0.512,-6.199,0.036
Answer : Love Myself,BTS,1,7,-0.027530191064749104,-0.8149542174839909,-0.4543288833886567,502.8416154264477,27834.85714285714,50864.40156064405,3112.3649350649353,16,71876.52559737428,0.16082033096926715,0.568,0.793,0.45,108.051,0.189,-3.749,0.0406
Antes De Ti,Mon Laferte,0,74,-0.2734739056422038,-0.60122353828612,-0.4049297353592186,464.21038057901484,37050.95238095238,25254.098419815593,-2779.8675324675314,1,27489.79707709753,4.117672257554289,0.518,0.598,0.322,92.026,0.239,-4.579,0.0251
Antes Que No,David Bisbal,0,22,-0.4451937838836415,0.18487364996647307,-0.1939982969544096,429.58040851981247,77186.90476190476,7881.16546194462,192.5506493506504,4,9235.038225557055,1.0048523778344736,0.635,0.924,0.666,94.008,0.153,-4.856,0.0546
Anti-Romantic,TOMORROW X TOGETHER,0,20,-0.5175652996675879,0.026246648483333013,-0.08957338941109068,608.5318831668566,69135.23809523809,182687.4494224141,-8956.464935064943,0,200684.76947705823,2.6604473117521423,0.641,0.489,0.206,142.977,0.0509,-8.668,0.11
Antidote,Travis Scott,0,151,-0.8227213241612263,-0.4975584042326063,-0.23953939121387818,475.7530472086917,143200.2380952381,31340.417338371717,2595.8103896103917,19,35883.024970729544,0.8185467290634607,0.713,0.526,0.131,131.05,0.00767,-5.046,0.032
Antídoto - Ao Vivo,Matheus & Kauan,0,137,0.12145569116638838,-0.9840469262773275,-0.2779364725903845,388.0728929548299,38636.380952380954,2946.8144943988405,33.90129870129871,17,4025.4839199778207,0.9745950112006685,0.45,0.806,0.43,178.331,0.585,-4.741,0.13
Any song,ZICO,1,6,-0.2540446428697808,-0.9999999461656928,-0.6495591405931674,445.323697836637,14837.761904761905,12790.114403988737,304.18701298701313,14,20662.299797638694,0.723166149917928,0.874,0.787,0.896,108.007,0.118,-2.416,0.129
Anybody,Burna Boy,0,44,-0.14522620424284743,0.9998903327845805,0.24617750245123132,177.0800015731048,1613.5384615384614,497.42500252409377,-99.81318681318682,0,341.60877558335,1.0,0.863,0.882,0.643,103.988,0.0134,-2.396,0.0611
Anymore,JEON SOMI,0,69,-0.13024266690579814,-0.9349068689854151,-0.6869382356750176,451.5779939283413,14882.619047619048,14971.610033584646,749.2506493506493,20,21683.12262198413,0.5220410202539105,0.731,0.549,0.45,137.932,0.0157,-6.749,0.0329
Aomine Daiki,quiizzzmeow,1,1,-0.10897338211593642,-0.9999999657598925,-0.41061481957884804,508.9030266325691,46048.80952380953,58119.73236724262,435.99350649350697,4,88931.20411265946,0.8135292506259117,0.51,0.817,0.159,82.466,0.0263,-6.192,0.0474
Apocalypse,Cigarettes After Sex,0,87,0.12782552266137975,-0.4810118955150573,-0.29863560695049096,325.54962224837084,1883.6190476190477,888.9338438178667,-90.19480519480518,10,720.5506574835665,2.1384136858475897,0.37,0.467,0.182,94.485,0.0205,-9.013,0.0273
Apologize,OneRepublic,0,70,-0.03926648593828415,-0.9994136624991983,-0.3966402768323116,440.4592515107321,7954.809523809524,11429.875150836899,-600.164935064935,2,16199.505217444143,2.7484001818372557,0.593,0.74,0.502,118.008,0.363,-6.12,0.0339
Apricots,Bicep,0,35,-0.4262507838698736,-0.5975627692750066,-0.7404309106551614,482.3869831930336,26430.04761904762,33870.6611510206,2308.7714285714283,13,51238.18155984851,0.3270631844987363,0.819,0.599,0.489,127.986,0.347,-6.778,0.039
Arabella,Arctic Monkeys,0,59,-0.052540439200894004,-0.9990499192213649,-0.536518591530111,342.7116991695329,2815.4210526315787,2384.849511213598,-46.56842105263154,11,3603.8894506962206,1.0,0.579,0.558,0.506,179.949,0.0202,-6.986,0.0895
Arcade,Duncan Laurence,1,1,-0.5247215090390224,-0.9986530824664329,-0.2469761179153128,470.4212082332406,137963.85714285713,27495.20840556234,2257.9376623376643,15,31791.918226610673,0.8176035402006742,0.45,0.329,0.266,71.884,0.818,-12.603,0.0441
Are You Bored Yet? (feat. Clairo),Wallows,0,54,-0.07481955114772612,-0.8048853999798264,-0.5135859708259826,530.2856518136416,121469.09523809524,100687.08061679902,-3256.755844155841,13,147250.91200338115,1.5361921804707233,0.682,0.683,0.64,120.023,0.156,-6.444,0.0287
Are You Dead Yet?,Children Of Bodom,1,8,0.9999672357965902,-0.9999605712240173,0.22238613526826992,300.92237791899925,10686.64705882353,6330.7285608156235,-1126.0220588235284,0,2286.738999098935,1.0,0.461,0.961,0.416,96.009,6.39e-06,-3.011,0.0479
Are You Gonna Be My Girl,Jet,0,81,-0.690179970498925,-0.9999868262310863,-0.8405846635065085,291.45292144264954,33320.857142857145,18270.157172899442,2170.879120879121,2,30940.483886012382,1.0,0.613,0.953,0.537,105.046,0.00148,-3.435,0.0855
Arıyorum,EDIS,1,3,0.4937728698899322,-0.10499401408808001,0.24890465622234592,468.8844773485199,337897.71428571426,37545.46624604166,-3670.889610389606,3,23741.661862378125,1.1986282864272018,0.442,0.73,0.381,97.062,0.0781,-4.673,0.0755
As If It's Your Last,BLACKPINK,1,3,0.47629507795370113,-0.9991410900526811,-0.06705666980983245,440.9531676907416,21310.285714285714,12395.871325500573,423.314285714286,15,13441.460225269426,0.5060361377752682,0.786,0.852,0.455,125.036,0.0687,-2.687,0.0813
As the World Caves In,Matt Maltese,0,59,0.020416477703267696,-0.8995672073281451,-0.45409143791730977,537.6441360505228,99751.76190476191,119179.09609007812,-4278.646753246753,16,174477.8967626272,1.414421544549577,0.331,0.45,0.18,123.829,0.365,-5.362,0.034
As the World Caves In,Sarah Cothran,0,52,-0.22374396947340755,-0.9558568673704133,-0.5594370126262646,530.3785096199131,88653.61904761905,103979.34451495469,1296.441558441559,12,167644.06957189838,0.9847328797397271,0.422,0.25,0.246,124.026,0.441,-6.836,0.0351
Asal Mein,Darshan Raval,0,23,-0.30781830846360553,0.9999997996023499,0.21881548727246597,407.4419343520394,66757.85714285714,6146.072832736862,-343.19350649350633,2,6061.104086509321,1.0771349800661405,0.656,0.551,0.329,114.106,0.721,-6.43,0.0299
Astronaut In The Ocean,Masked Wolf,1,1,-0.5598679650398064,-0.9988577017899888,-0.929920090788797,306.6066852602918,1986.047619047619,482.70660281281937,26.958441558441564,18,808.0725462481695,0.8384543761638734,0.778,0.695,0.472,149.996,0.175,-6.865,0.0913
At Last,Etta James,0,64,-0.13164985197534884,-0.3878739902434294,-0.46398216289350136,238.71597375718508,21962.363636363636,21227.79019147361,2886.6545454545458,10,26867.992426119225,1.0,0.274,0.348,0.328,87.43,0.547,-8.631,0.0293
At My Worst,Pink Sweat$,1,1,-0.3776307176959828,0.7560633041828668,-0.24854894111146947,479.60137093151303,75972.09523809524,37517.2248807509,4075.42987012987,19,31903.362072475997,0.40700187151199063,0.813,0.415,0.667,91.921,0.777,-5.926,0.0349
At My Worst (feat. Kehlani),Pink Sweat$,0,80,0.2472693273510735,-0.9853573867505376,-0.1354979776099191,357.6636066844498,6171.0,1431.9457292190132,41.5974025974026,18,1811.3470643418948,0.9270696904942441,0.731,0.484,0.35,92.043,0.73,-5.579,0.0354
"Ateş, Elbet",Keişan,0,18,-0.23759918799334578,0.7580936343145015,0.44225436732599893,406.9145357082346,57667.0,21539.043804217494,-3211.0948051948058,0,5725.121780364152,2.1711280477794035,0.537,0.524,0.138,144.691,0.231,-8.218,0.108
Atrévete-Te-Te,Calle 13,0,84,-0.14520901435046907,-0.9914026236401802,-0.6563865683709931,406.6317921722848,3869.285714285714,4750.669026998369,-106.47142857142853,8,7419.629225237607,1.5038130381303816,0.829,0.878,0.883,87.991,0.0959,-5.951,0.101
Attention,Charlie Puth,1,1,0.9987046137638094,-0.9999999999999698,-0.3862156860054873,523.0533738214913,30965.14285714286,64160.78963954597,-3604.3220779220774,2,89094.36954381573,6.186362390350877,0.775,0.613,0.797,100.066,0.109,-4.586,0.0542
"Attention, please!",ENHYPEN,0,30,-0.3719172700517373,-0.9983015872529867,-0.6652489686091528,481.31644300400234,30729.904761904763,32662.204156668333,-968.6246753246754,2,55529.39888336177,1.42424349318894,0.498,0.871,0.613,150.035,0.000483,-4.593,0.0494
Até A Próxima Vida - Ao Vivo,Henrique & Juliano,0,87,-0.35991189344920493,0.8866085560608593,0.19072602256412527,458.95601721078964,144311.47619047618,21075.575621397453,-552.1597402597406,8,21280.740986805416,0.9744441233024634,0.587,0.755,0.629,117.606,0.135,-4.038,0.184
Até Falar Chega (feat. Matheus & Kauan) - Ao Vivo,Diego & Victor Hugo,0,75,-0.14049072169091906,0.6502624238774368,0.21702390976749344,472.11489759405777,152890.90476190476,30755.458716268116,2189.8610389610385,15,29107.01286026273,0.744030103340551,0.411,0.863,0.625,155.18,0.0743,-3.867,0.0904
Au clair de la rue,Benab,0,46,0.2510465674799228,-0.6026667978023377,-0.20139980626332213,424.95603540231,65303.857142857145,12720.978864274011,-1528.3649350649343,8,8609.363742315687,1.4437730570453158,0.634,0.633,0.507,165.255,0.512,-6.789,0.06
Auf Wiedersehen - Recorded at Spotify Studios Stockholm,Cherrie,0,17,0.3543618277893594,-0.970610932949079,-0.03552874846274521,427.91532463712696,72227.61904761905,12283.301593844852,-1491.5181818181827,7,10074.270621116944,1.3345708062204864,0.682,0.595,0.555,158.111,0.102,-9.378,0.0475
Avec Toi,OBOY,0,32,0.42071017174462066,-0.9999985083580738,-0.28286545827343157,392.4053627709511,43357.90476190476,3562.5444078069218,77.27792207792166,3,4044.302098013946,0.9706558626394742,0.661,0.666,0.381,92.475,0.457,-5.932,0.0277
Avem (The Aviation Theme),Alan Walker,0,43,-0.5548404536043847,-0.8315911839092296,-0.2976208768096729,250.2613913386892,15730.076923076924,6936.972798668557,-1175.692307692307,1,8231.618608130617,1.0,0.643,0.527,0.0848,165.029,0.0141,-8.221,0.0322
Awake,BTS,0,87,0.43899111131189933,0.9984048895261495,1.0092800519466465,240.30992091667434,1641.9411764705883,367.130601956216,7.49264705882355,16,374.6539861992663,1.0,0.35,0.498,0.34,142.803,0.023,-6.589,0.0332
Awful Things,Lil Peep,0,18,-0.03279600964384874,-0.9409556839005174,-0.46543697524202365,545.9540626781493,70265.19047619047,146355.81048924473,-1822.2753246753236,9,221165.63621415058,0.9376822651141898,0.366,0.797,0.181,169.986,0.0157,-4.923,0.0812
Ay Corazón,Cali Y El Dandee,0,44,-0.4797148869854671,-0.9999998540393823,-0.8214971777490973,431.84543151901664,10395.238095238095,9975.533721989452,-94.62077922077935,4,17739.043740855934,1.456938859513029,0.728,0.711,0.782,172.068,0.0183,-4.477,0.081
Ay Tenli Kadın,Ufuk Beydemir,1,1,0.4789917236806723,-0.9980296739040919,-0.004877436666224016,314.4903318370427,9127.809523809523,573.3912998698532,-44.39870129870132,2,557.0947405962472,1.0653604257377842,0.533,0.541,0.335,144.135,0.217,-7.854,0.0252
Ay Vamos,J Balvin,0,101,-0.522626146334373,0.9988973210960611,0.25436039108011466,356.09398469674255,8094.4,3660.730356090161,25.124812030075052,5,2517.157671339297,1.0,0.718,0.711,0.92,173.916,0.157,-5.746,0.11
Ay Şarkısı,Saian,0,17,0.1849979116450233,0.9999486771910635,0.4226720324114864,405.88885998197463,50193.142857142855,17452.283038769056,-2369.2324675324676,0,6425.718781583893,1.8434623848602203,0.702,0.593,0.718,96.002,0.21,-8.268,0.0664
"Ay, DiOs Mío!",KAROL G,1,1,-0.10640687305333563,-0.9205829353466374,-0.5294307500213983,545.6182993556002,58744.857142857145,149744.99312602382,5530.016883116882,17,229451.4554129642,0.35475316243650223,0.715,0.706,0.522,179.997,0.496,-4.423,0.195
Ayala (Outro),XXXTENTACION,0,58,-0.24775225830669437,-0.7226741215664044,-0.5607671982568389,561.6589011681651,154667.38095238095,210339.3755700254,-4483.745454545448,1,345147.2397891189,1.9058355407010878,0.57,0.285,0.0973,83.485,0.737,-14.125,0.0381
Azul,Zoé,0,21,0.4152861711714397,-0.9630044506747223,-0.03667691992270449,508.182868614925,32275.85714285714,63129.99936961953,-1086.9181818181814,4,73304.04732311852,1.2968084098873,0.511,0.714,0.521,98.008,0.0504,-6.414,0.0368
Año Nuevo,Billo's,1,9,-0.4604414219400963,-0.41080881487781157,-0.7631786115713163,417.8303047575137,17576.15,12577.371578652672,1315.4097744360902,19,14345.934341774473,1.0,0.771,0.396,0.97,134.081,0.666,-14.95,0.0706
Aşık,Özgün,0,165,-0.0934560798760707,-0.9969268346703261,-0.3410935533415875,164.47643579060033,13567.90909090909,514.1707276674574,-7.827272727272042,6,817.9121285321547,1.0,0.704,0.871,0.95,132.006,0.159,-6.114,0.0514
B.Y.S.,keshi,0,95,-0.16270655214873553,-0.5312996617753203,-0.5265449586616001,338.5866397970523,7802.476190476191,872.7452919788234,2.9740259740259956,6,1151.0712955764295,1.008319211215529,0.632,0.653,0.355,99.997,0.508,-6.646,0.0379
BAD!,XXXTENTACION,1,1,-0.0034911281861792743,-0.8383293156777196,-0.4501236451310349,589.0909042217812,138704.7619047619,441994.854338277,22373.072727272724,18,634687.5560892835,0.10841944327288063,0.78,0.492,0.374,143.983,0.0643,-3.4,0.0671
BBIBBI,IU,1,7,0.11976911860067337,-0.9991207048088837,-0.36066606679552465,405.15529266079665,7678.761904761905,4661.590704436803,188.02337662337678,6,6271.838610806244,0.6809976282913123,0.839,0.617,0.821,143.894,0.241,-4.692,0.331
BBoom BBoom,MOMOLAND,1,1,-0.29123219733206734,-0.9983001586331829,-0.7246012548448468,386.30693117759824,4668.333333333333,3019.6653761844186,130.13116883116885,20,4725.656837678758,0.7783888797679636,0.785,0.744,0.833,126.018,0.0149,-4.249,0.0369
BICHOTA,KAROL G,1,1,-0.04559912815450456,-0.9080130789313782,-0.5274209967807273,553.0031193140995,62337.0,174120.01356316882,-1715.1857142857143,10,263918.7083249073,4.315318562493374,0.863,0.666,0.838,163.908,0.212,-4.158,0.152
BILLY,6ix9ine,1,10,0.9997063236330529,-0.9999999999982578,-0.45525493528044875,555.3756015058692,49426.857142857145,141294.79120190212,-8370.427272727267,1,200880.9753283272,6.439416368761713,0.764,0.711,0.774,90.076,0.175,-3.818,0.288
BODY,Suchmos,0,63,0.46576717218878744,-0.9984997015873297,-0.15955777652400524,268.1432004876219,1589.6666666666667,455.31049932288056,-70.1948051948052,1,180.38345267789947,1.8785151856017999,0.605,0.687,0.639,88.086,0.00854,-6.013,0.0448
BOOMBAYAH,BLACKPINK,0,62,-0.5365736362748834,-0.997828189709842,-0.7085692581266289,349.30778516401244,3808.095238095238,1286.0691274008234,-27.358441558441484,3,2178.084279246329,1.043622200584226,0.661,0.836,0.396,124.952,0.00268,-3.164,0.059
BOP,DaBaby,1,1,0.47152970812603046,-0.9999999999998452,-0.48078027875975143,588.5942939702296,92282.76190476191,338646.76445817546,-18499.0974025974,1,493094.58676672523,10.685620335937305,0.77,0.786,0.837,126.764,0.189,-3.909,0.368
BOY,King Gnu,1,10,-0.9999999785247038,0.9999916483841059,-0.005987385567839918,460.05574592290134,136904.33333333334,22953.882958856633,397.33766233766585,3,19572.10810126237,1.0035602872798393,0.619,0.802,0.535,109.982,0.0831,-6.618,0.0629
BURN IT DOWN,Linkin Park,0,21,0.041064969740146964,-0.9639825369150842,-0.32041565406224876,448.67859153518145,10530.142857142857,13482.899519605651,347.3155844155846,11,19178.241536373975,0.31455411311892495,0.585,0.972,0.585,110.006,0.0143,-4.45,0.0534
BUTTERFLY EFFECT,Travis Scott,1,9,-0.6513020684474845,-0.9690097451356524,-0.7917509491570586,550.643462090817,238986.52380952382,220774.10998760897,-1761.871428571422,15,405087.4190704119,1.0404062888927723,0.763,0.628,0.193,140.958,0.0531,-5.85,0.05
Baarishein,Anuv Jain,0,50,0.7417550764640491,-0.999999976958537,0.11212036993958374,394.7848019845226,38235.42857142857,6758.632121195817,790.2337662337657,13,3982.650392326698,0.7684178970246571,0.475,0.124,0.19,94.42,0.926,-9.463,0.0444
Baby It's Cold Outside (duet with Michael Bublé),Idina Menzel,1,6,0.2963346479115632,-0.9353120509406354,-0.21212227133335093,486.2837819852417,30140.571428571428,36457.82239346543,2394.875324675325,19,43284.71713214723,0.23773239019331902,0.553,0.476,0.558,113.401,0.647,-8.869,0.0649
Baby Shark,Pinkfong,0,70,-0.8901488212147897,-0.33646024313251116,-1.1513096219087964,427.96945377301904,19670.571428571428,10604.914469790157,543.2727272727275,19,17211.072167067337,0.6911596612459084,0.829,0.886,0.777,115.056,0.259,-1.746,0.112
"Baby, It's Cold Outside",Dean Martin,0,27,0.44121593904758166,-0.9960342670354133,-0.29415984233534603,522.9988088030398,84607.33333333333,98464.42555288848,6337.8675324675305,3,106924.91205869659,0.3122910689297761,0.439,0.196,0.525,129.581,0.88,-16.093,0.0601
"Baby, It's Cold Outside (feat. Darren Criss)",Glee Cast,0,106,0.030409033390968766,-0.9456913770935309,-0.4131373146224277,436.6478178228619,9885.285714285714,10315.038255095404,637.5571428571428,19,14112.097720041482,0.5781673496823435,0.52,0.27,0.509,110.789,0.616,-9.806,0.0299
Bachalo,Akhil,0,118,0.22074532951151302,-0.997722929289499,-0.05658067348347275,366.13472016683954,38898.80952380953,1878.597821047025,121.6571428571438,16,2230.016566642499,0.9500881402582847,0.756,0.538,0.516,92.023,0.654,-6.625,0.0485
Back Door,Stray Kids,1,10,-0.3621767352989952,-0.48845138655028475,-0.6999420806433758,460.11196786194756,12996.761904761905,16345.241002184735,128.81558441558397,19,25176.606646796146,0.8577905835977481,0.82,0.842,0.653,107.952,0.157,-3.853,0.272
Back In Black,AC/DC,0,73,-0.7799801950006081,-0.3316316380699874,-0.884410739822297,450.8103360276312,17586.666666666668,20967.949965269177,-1683.950649350649,2,33291.45863491115,24.54470002371354,0.31,0.7,0.763,188.386,0.011,-5.678,0.047
Back To Black,Amy Winehouse,0,87,-0.006597870768572001,-0.9957479589325541,-0.505559499349437,465.9517247655532,15224.380952380952,20609.654719679296,-310.2649350649349,2,30434.66938784616,0.7592362941146076,0.403,0.422,0.378,122.728,0.134,-13.964,0.0373
Back To You,Selena Gomez,1,1,0.11264368797396432,-0.9262921822216942,-0.5264676153176556,474.8010608654991,23908.04761904762,24960.733712652018,-6.6025974025968255,16,35643.116331768746,1.038738548309764,0.6,0.683,0.494,102.036,0.0984,-6.271,0.0493
Back To You - From 13 Reasons Why – Season 2 Soundtrack,Selena Gomez,1,2,0.6046037092573283,-0.999999999999953,-0.4872082467314333,546.0850664933586,45163.619047619046,121513.61701059568,-6641.418181818176,1,170189.12034671166,3.9387268899079926,0.601,0.724,0.508,102.061,0.0945,-4.856,0.0486
Back Where I Belong (feat. Avicii),Otto Knows,0,67,0.23477168054928832,-0.9592274933960677,-0.33496402826265603,382.6069012454383,13033.166666666666,13804.292859871928,531.7616099071205,5,17768.421058927426,1.0,0.497,0.865,0.595,125.96,0.0306,-3.19,0.0644
Back to the Start,Michael Schulte,0,30,-0.3180774546047906,-0.5971033477123734,-0.6385913258810815,487.1669697627578,66044.76190476191,35123.81441470372,-618.4142857142847,15,52728.6790612803,1.2637985634657953,0.659,0.829,0.515,130.008,0.692,-3.968,0.0555
Backyard Boy,Claire Rosinkranz,0,21,0.4320788411996672,-0.9148864408895843,-0.032107473504286006,507.24124160519284,32952.95238095238,60397.01774210867,2844.827272727272,15,68432.48373417043,0.13010941587580438,0.817,0.635,0.454,138.015,0.323,-7.246,0.163
Backyard Boy (with Jeremy Zucker),Claire Rosinkranz,0,33,-0.5874516631083173,0.9971901972180769,0.10096956066124001,292.5590666292214,6660.238095238095,359.2628570469187,-24.898701298701173,9,322.62803272499434,1.0389102508083545,0.753,0.739,0.494,138.09,0.303,-6.49,0.208
Bad At Love,Halsey,0,22,-0.05138543160798953,-0.6712199770196253,-0.46741430818899277,552.5491340208206,113950.90476190476,177578.7362702085,8622.276623376623,3,238281.6890827483,0.45146566643859154,0.675,0.751,0.612,118.384,0.0604,-3.539,0.0296
Bad Behaviour,Mabel,0,60,-0.8931675341878887,-0.06349347642474289,-0.24887888803540523,419.77158341426303,19747.380952380954,10257.393758261313,-1166.9298701298703,0,8841.894664606676,2.125366222992769,0.797,0.812,0.421,106.998,0.00451,-4.334,0.0414
Bad Blood (feat. Tory Lanez),kizaru,1,5,-0.13933116815846935,-0.999999997523248,-0.6205234778036399,476.63034933919494,22207.619047619046,27065.188399362207,-58.19870129870083,4,42450.392026782276,1.3132317073170734,0.835,0.621,0.498,154.031,0.115,-9.289,0.385
Bad Boy,Red Velvet,1,2,-0.2797060157596789,-0.9855220909606203,-0.7111340447707756,442.5129344158764,16275.285714285714,12090.464326594452,395.0181818181821,13,19269.217947999343,0.6190234149977974,0.714,0.736,0.814,149.985,0.191,-3.801,0.0457
Bad Boy X Bad Girl (feat. Nikhita Gandhi),Badshah,0,117,-0.4202181203794021,0.510502714659496,0.050827918391979074,373.2458180745055,54815.0,4651.455327815873,546.3441558441554,12,2245.6838796901047,0.8667597499285581,0.896,0.764,0.601,100.516,0.174,-4.271,0.0767
Bad Boys (Theme from COPS),Inner Circle,0,142,-0.1912400773577243,-0.9976593012074885,-0.6318808316849317,265.3278881677,2064.1428571428573,145.7686639897634,-7.653246753246709,12,211.53814667808734,1.05700980738023,0.781,0.722,0.533,87.858,0.236,-8.376,0.0667
Bad Girls,M.I.A.,0,110,-0.9999682442583847,0.9833435575655312,-0.8573117226552275,196.22713248088274,1659.8461538461538,659.1336792340319,20.37362637362642,8,1213.3169641752954,1.0,0.639,0.912,0.343,143.448,0.00107,-2.621,0.0615
Bad Habits,Ed Sheeran,1,1,-0.3979074330294293,0.11267349971430979,-0.732110132744094,567.0159980413437,95935.19047619047,264583.33952653053,14717.37792207792,20,283598.2990289963,0.2617446825291551,0.807,0.893,0.537,126.011,0.0451,-3.745,0.0347
Bad Ideas,Alle Farben,1,4,-0.3310063359941275,-0.7006564610638277,-0.5688776896358464,522.111255736674,63410.80952380953,78927.21184593589,964.2402597402602,20,133069.64773812058,0.9536922308268799,0.749,0.71,0.678,120.005,0.0163,-6.63,0.0331
Bad Liar,Anna Hamilton,0,16,0.3052808886946288,-0.9999846969830958,0.09113486576276018,357.53244937604717,40286.71428571428,5481.409144014122,874.2285714285714,20,1755.9327855871934,0.7267903861476513,0.691,0.234,0.209,87.103,0.777,-6.441,0.0285
Bad Liar,Imagine Dragons,1,1,-0.46197932930589497,-0.4685629965561044,-0.7608218562889059,462.6870815201376,13575.380952380952,22982.680695474006,1963.4259740259738,18,29838.954515657882,0.16752576115148257,0.383,0.637,0.0827,177.913,0.0722,-6.993,0.0703
Bad Liar,Selena Gomez,1,1,0.2828759367839624,-0.9158471052735028,-0.21603864917564744,485.11847896354163,30963.428571428572,32094.801527693555,745.47012987013,6,42698.31113811763,0.8210389095134185,0.965,0.414,0.729,121.032,0.189,-6.408,0.0712
Bad Romance,Lady Gaga,0,87,-0.4527373691962176,-0.42946930950558854,-0.6867977823689659,436.5633472681292,80096.05882352941,122118.6407144205,-4353.676470588232,2,190110.88313681202,1.0,0.695,0.921,0.714,119.007,0.00314,-3.752,0.0363
Bafi,Ceg,0,71,-0.7942523772290438,0.4989195095764176,0.15618220529576654,204.27107021111843,10895.076923076924,2647.576583087562,-656.2582417582413,0,946.5614488182418,1.0,0.831,0.639,0.662,155.031,0.286,-6.14,0.181
Baila Baila Baila,Ozuna,1,2,-0.051459063397471354,-0.9973967605647629,-0.460878892425951,446.5651059078115,8611.57142857143,12697.457475421448,-167.6376623376621,11,19113.250169123516,1.6841008543446552,0.837,0.626,0.592,99.987,0.0588,-5.674,0.152
Baila Conmigo (with Rauw Alejandro),Selena Gomez,1,5,-0.17089528533057302,-0.9999999999541807,-0.6220203714915363,511.34670607249694,38284.95238095238,64404.19159124305,-2066.9506493506506,2,100179.54622052348,1.6583053255731344,0.823,0.544,0.664,149.903,0.0215,-7.132,0.0715
Bailamos,Lucenzo,0,33,0.08489317947515829,-0.9978094992568707,-0.3143959224100103,400.46869814390374,44716.57142857143,4072.418710012499,121.99480519480569,12,5511.730186384309,0.9769261933400961,0.682,0.781,0.568,193.877,0.299,-4.957,0.119
Bailar (feat. Pitbull & Elvis Crespo),Deorro,0,73,-0.04145975003518374,-0.9988289126316695,-0.47699815436023846,411.1717168882086,18592.47619047619,5232.503085058564,57.806493506493716,0,7280.2066335716045,0.904828278322926,0.75,0.891,0.553,128.065,0.0249,-3.738,0.227
Bailemos,Dani Fernández,0,63,0.35553579092467086,-0.9398811255932854,-0.2738084919499339,415.1502611911578,50610.142857142855,10377.49158738558,1398.9415584415588,10,7248.872335749886,0.6501190120904637,0.649,0.555,0.607,128.009,0.0616,-4.655,0.0292
Baixinha - Ao Vivo,Matheus & Kauan,0,56,-0.3064495560808244,-0.2575526494164041,-0.35600210291805445,439.6113296484119,92619.80952380953,27924.338296494192,-4131.380519480522,1,13653.48189437405,1.8285739547392965,0.74,0.545,0.829,103.982,0.656,-8.204,0.0403
Balada Del Diablo y La Muerte,La Renga,0,112,-0.17990708670398697,0.33620421404427125,0.1199392226953113,317.3096770484043,12581.142857142857,593.6133330002336,35.12597402597404,15,559.3715111623044,0.9581760092942201,0.407,0.771,0.429,132.006,0.128,-6.991,0.0558
Balboa,Blind Channel,1,6,-0.9999999077697421,-0.9034232995436204,-0.2715697733288727,434.54549747803736,22756.190476190477,9546.577345380796,-966.9896103896092,1,11079.435137226084,1.850897016897295,0.38,0.899,0.406,82.828,0.00256,-3.554,0.165
Balboa,RK,0,92,0.10344737599569084,-0.9999999982089985,-0.30055940014426313,222.6750361299453,51724.454545454544,9849.603484069215,918.8090909090919,4,13694.499728358098,1.0,0.785,0.662,0.483,146.101,0.222,-7.463,0.391
Baldin de Gelo,Claudia Leitte,0,76,0.6557158047347943,-0.9999999496857563,-0.008350722170208689,439.2789794660975,70385.42857142857,13471.99446319388,1113.8688311688302,20,11991.605181438388,0.757428732772917,0.69,0.8,0.708,176.103,0.237,-4.23,0.167
Ball If I Want To,DaBaby,0,22,0.0584465534317146,-0.9462158088334246,-0.3778899973872184,578.6195860707152,173847.0,335990.52782751113,7532.91558441559,10,484345.2549610944,0.44192379956925004,0.902,0.669,0.628,139.949,0.161,-5.049,0.457
Bananza (Belly Dancer),Akon,0,53,-0.281659239652424,-0.9982050038912079,-0.5764903241308909,355.6623309893338,3052.190476190476,1357.5021746557209,-13.993506493506429,18,2224.752725023615,1.0318419018167762,0.877,0.702,0.69,104.833,0.0334,-5.899,0.127
"Bandeya (feat. Arijit Singh) - From ""Dil Juunglee""",Shaarib Toshi,0,184,-0.4865678000463275,0.9988575860441543,-0.017297027357166785,133.28965064290946,5493.8,252.177635804605,43.50303030303023,8,272.3924637742162,1.0,0.465,0.551,0.415,89.459,0.619,-6.58,0.0362
Bardak Taşıyor,Can Bonomo,0,51,0.08510802064063042,-0.9999998543548815,0.12640052668850135,400.4075120865051,19382.428571428572,4792.6554481725425,-438.4467532467526,0,4806.38305693585,1.3489379589595774,0.72,0.8,0.879,104.011,0.123,-7.299,0.137
Barso,Ritviz,0,67,-0.9999347453714652,0.9999427270143866,-0.16537083984182213,302.6945540739523,5946.105263157895,792.2602506179022,-66.78421052631597,1,868.7208490535074,1.0,0.537,0.829,0.0383,140.047,0.0268,-6.831,0.0318
Batphone,Arctic Monkeys,0,20,0.3341079289936774,-0.9999999999998551,-0.5217823599642498,530.8241790746702,30589.095238095237,68983.72216545329,-3273.1233766233777,2,104851.088052664,6.172969803576663,0.675,0.681,0.675,106.521,0.312,-5.728,0.0356
Battle Symphony,Linkin Park,1,7,0.04602738459608773,-0.932975692353362,-0.452585819093711,541.2100882570463,48741.19047619047,130396.50422703203,1970.9701298701318,14,189631.80624541864,0.2914011411146713,0.653,0.839,0.669,149.034,0.0369,-5.077,0.0685
Bağırın,Hidra,0,98,0.4979508535432734,-0.9675927761350558,-0.05489812663160243,383.50118273086474,30701.809523809523,3416.993674744311,-305.0818181818178,0,3159.7976106073634,1.1653191489361703,0.873,0.561,0.173,119.999,0.204,-10.38,0.379
Başka Bir Yol Var,Şebnem Ferah,0,29,-0.36125556087828586,-0.9999993003249407,-0.4193024122576852,197.54118738203965,13827.363636363636,4626.265335957038,-1154.9818181818187,1,4869.672207654227,1.0,0.642,0.79,0.39,130.052,0.0792,-7.845,0.0568
Başkan,Ayben,0,131,0.07960654000036052,-0.9989644915674982,-0.48119959649728544,247.93709652132125,7657.3125,674.9096901391697,48.47500000000021,15,874.4314317823262,1.0,0.742,0.834,0.645,137.039,0.163,-4.467,0.23
Be Alright,高爾宣 OSN,0,27,0.557612027569149,-0.9993251796316911,-0.2457823874647883,295.25151745611737,5330.380952380952,365.0259581363751,22.444155844155873,8,345.81461796748846,0.9403947053026872,0.657,0.673,0.724,86.0,0.245,-6.309,0.0327
Be Careful,Cardi B,1,9,-0.23375037872078686,-0.7964175293524454,-0.5657651948508856,575.7061145349401,285422.7619047619,329506.2145305861,-19820.083116883117,5,492800.70130311296,11.16415928810579,0.835,0.561,0.499,152.152,0.0264,-8.248,0.4
Be Kind (with Halsey),Marshmello,1,2,-0.35620291826337075,-0.5230250302248842,-0.9841897275621192,565.0434832248933,78096.57142857143,244514.61074828997,13523.358441558436,19,351321.46746653557,0.1316656654874446,0.63,0.633,0.452,93.995,0.00776,-7.088,0.0457
Be Like That - feat. Swae Lee & Khalid,Kane Brown,0,12,-0.04179679239917339,-0.99998899818143,-0.4541088515553269,575.285823264811,168159.80952380953,315298.909562946,935.7857142857147,3,474348.77253181546,1.3755006906780871,0.727,0.626,0.322,86.97,0.0469,-8.415,0.0726
Be My Mistake,The 1975,0,50,-0.08131399380372328,-0.6007376115475365,-0.13490606344013675,591.7515565335814,88044.95238095238,155487.27944769422,-11746.771428571434,0,180663.26798917234,5.6497832211915755,0.572,0.155,0.0949,109.923,0.835,-14.405,0.0344
Be Okay (with HRVY),R3HAB,0,57,-0.22274209667614656,0.9999999951742735,0.06546336173365319,191.825959901441,14135.3,6721.90541513342,-699.3272727272721,3,7684.503450708485,1.0,0.73,0.558,0.618,100.066,0.0179,-6.535,0.0786
Be Yourself,Audioslave,0,69,-0.17175570211522073,-0.9360654238590855,-0.5334598141838909,290.78476110877483,12517.0,12597.218553542456,-1461.0285714285715,1,18223.836548768017,1.0,0.423,0.845,0.317,116.602,0.143,-3.509,0.0559
Beach House,The Chainsmokers,1,10,0.04042494241264919,-0.8965260437658371,-0.4494890239807986,535.8062559073501,43196.19047619047,112961.85225557935,4025.702597402599,16,163607.67589003884,0.1798457656654646,0.4,0.838,0.533,179.945,0.174,-4.491,0.0526
Beautiful,Bazzi,0,17,-0.25276427473568264,-0.7004837373969972,-0.6967204689684471,555.9806402888225,125738.33333333333,184648.7515077345,2412.389610389611,10,298118.4522360994,1.217616685758145,0.666,0.677,0.178,100.014,0.214,-5.743,0.0326
Beautiful,Crush,0,33,-0.08377678663918157,-0.9994140724424749,-0.37191050974033013,382.73818824645565,6033.9047619047615,2726.950536593017,150.44155844155858,17,3750.7008558401453,0.6398202695956066,0.416,0.41,0.219,110.252,0.843,-6.146,0.0292
Beautiful (feat. Camila Cabello),Bazzi,1,1,0.23458556017512605,-0.9999999999999126,-0.4218756678396641,536.5479198825583,35144.71428571428,101255.48570072536,-5322.229870129868,2,141518.9252482773,11.017383160063687,0.638,0.717,0.249,100.027,0.346,-4.722,0.0337
Beautiful Crazy,Luke Combs,0,54,-0.462737164610954,-0.8262369770861989,-0.7690436914431524,523.188844141257,168591.33333333334,100709.73778771267,-7298.564935064929,5,162125.09589920833,1.9531100971515938,0.551,0.402,0.382,103.313,0.676,-7.431,0.0262
Beautiful Scars,Maximillian,1,1,-0.6369481092239493,0.723614141500651,0.37349214376608997,408.5458812883802,50731.380952380954,27334.449160400036,4387.135064935065,20,5427.860092845061,0.25859315675245487,0.706,0.457,0.427,144.962,0.369,-8.667,0.0597
Beauty and the Beast,Emma Thompson,0,98,-0.0457338537315094,-0.9999978675523458,-0.5652197479863807,404.45064002057666,6523.714285714285,4706.914611129309,-270.5000000000001,3,6605.184957856971,2.1131846747695153,0.211,0.23,0.102,87.641,0.797,-12.518,0.0349
Bebesita,KAROL G,0,84,0.025379829800258574,-0.6886087468163202,-0.374029017989824,421.050854094767,6282.952380952381,6454.016796325854,-343.4129870129871,0,8523.376942855455,2.3098175026265615,0.714,0.826,0.742,91.997,0.318,-3.897,0.0385
Bebida Com Saudade - Ao Vivo,Henrique & Juliano,0,154,0.6002778898830227,-0.9987632584410223,-0.07523763036288396,382.5557748928318,44300.90476190476,4117.2735651128805,-477.1428571428573,2,2996.8021168405494,1.1692361032443215,0.633,0.739,0.737,131.683,0.226,-6.03,0.111
Bedroom (feat. Anne-Marie),JJ Lin,0,14,0.06385128533516496,-0.9904642554756827,-0.18828312133822978,411.25712899453947,10389.238095238095,5368.530302603993,-195.00259740259693,2,7255.195330933551,1.3328576357306403,0.369,0.424,0.181,179.597,0.64,-5.431,0.0318
Beggin',Måneskin,1,1,0.679233942315275,-0.999999589439205,-0.15572162588296307,433.66608726753066,19174.04761904762,14918.846787668372,-1428.8337662337658,7,10729.12120947005,4.862383589227284,0.714,0.8,0.589,134.002,0.127,-4.808,0.0504
"Beginning Middle End - From The Netflix Film ""To All The Boys: Always and Forever""",Leah Nobel,0,57,-0.36605373913646644,-0.9999573961854804,-0.6866831610068501,427.0341063534721,14162.0,10634.472216961844,-1110.2636363636364,2,13967.290573335975,3.1547996324563545,0.674,0.676,0.919,78.99,0.43,-6.878,0.0367
Believe Me,Navos,0,22,-0.7745306813292481,-0.9983067033141716,-0.8871172951047959,460.4428829777906,32349.238095238095,27562.56407469889,250.61948051948005,15,52142.893622501426,0.8160621870572556,0.629,0.876,0.645,124.999,0.129,-5.572,0.0408
Believer,Imagine Dragons,1,1,-0.022785078390571686,-0.9292430318591874,-0.4842403329192687,532.2729680834592,43862.47619047619,103828.68955095446,-620.7220779220766,10,156654.22058861834,1.6792682680594164,0.776,0.78,0.666,124.949,0.0622,-4.374,0.128
Benim Stilim,Norm Ender,1,3,-0.46439176595583176,0.9999950975864894,0.6086684664227046,358.0149832108427,31956.85714285714,9588.392011205227,-1514.7922077922062,0,1696.0023960773167,1.9113265932524022,0.777,0.729,0.837,100.01,0.0242,-6.456,0.156
Bennie And The Jets - Remastered 2014,Elton John,0,77,0.5902564917475293,-0.9986780064826533,0.303636683308394,294.83429842051396,6458.0,500.8298827232371,-59.331168831168895,1,341.50790620423413,1.1045912446033146,0.665,0.673,0.779,132.642,0.259,-7.95,0.0493
Benz Truck (гелик),Lil Peep,0,91,0.030822309677482423,-0.9975591469409008,-0.44468317061318663,290.37649074949496,1866.7142857142858,295.790006408527,-24.812987012986962,13,371.3426315412762,1.307621247113164,0.602,0.762,0.113,92.02,0.0498,-6.149,0.0347
Berlín,Aitana,0,15,-0.5488081548125172,0.9999999948197553,0.09441168136682851,458.02417317120467,200480.66666666666,26142.383023109887,77.26103896103898,7,20246.382963136894,0.9936314566394081,0.788,0.81,0.891,153.936,0.0656,-3.136,0.0736
Besos,El Canto Del Loco,0,132,0.17338649335871478,-0.9964689711882446,-0.08022923753574644,183.4801078150052,39172.5,5231.787653374323,1359.4727272727275,6,5012.41911236727,1.0,0.576,0.909,0.544,104.971,0.00679,-3.306,0.0523
Best Day Of My Life,American Authors,0,120,-0.2678340710280405,-0.9470800941190815,-0.5894026450360225,458.5822585135074,14176.52380952381,17529.589443536803,-467.60649350649334,10,28552.29455227723,1.7072238000168714,0.673,0.902,0.538,100.012,0.0591,-2.392,0.0346
Best Of Me,BTS,1,2,0.023015730702196004,-0.9264421861543387,-0.43912118759280655,508.85904879998463,29779.571428571428,57750.413366132576,1394.8701298701308,16,84624.36931321853,0.4681606780197463,0.655,0.756,0.469,121.936,0.0298,-4.388,0.07
Best Time’s Right Now,Lance & Linton,0,94,0.450378906563864,-0.9854095347590225,-0.2615645131369155,404.313683705868,29257.85714285714,5175.338749305984,292.23506493506545,6,5438.031411043889,0.9353008055817389,0.542,0.829,0.571,104.98,0.0249,-3.607,0.0337
Best of You,Foo Fighters,0,37,0.09033528963470669,-0.9600852118136116,-0.33258269255233636,466.07712418794307,15515.42857142857,21567.07658969686,-1173.0246753246738,8,28606.536014475783,6.9647083246834125,0.366,0.94,0.369,130.198,0.000769,-5.119,0.0696
Bet You Wanna (feat. Cardi B),BLACKPINK,1,2,-0.14117526866262756,-0.4344677013743381,-0.5645458125680686,563.7088422853827,110840.90476190476,230371.36286954567,13177.802597402597,20,280594.8481197401,0.30741271348775817,0.541,0.688,0.649,109.843,0.00479,-5.184,0.198
Betelgeuse,Stam1na,0,24,0.37050142330819985,-0.947003091999103,-0.15875117723626422,289.5836447663844,10102.466666666667,5246.811665086607,-268.43928571428586,7,6224.805041205742,1.0,0.518,0.95,0.211,115.026,7.95e-05,-5.817,0.0556
Betrayed,Lil Xan,0,18,-0.4360199397071947,-0.7524882281847974,-0.7352567669307314,524.4955317956748,150749.47619047618,92503.25632755754,-2251.6389610389583,10,159622.67269955733,1.2598282555481168,0.821,0.434,0.241,120.012,0.434,-9.194,0.118
Better Days,Dermot Kennedy,1,3,0.09072933603530703,-0.9264170786452808,-0.38881075114353725,549.1589289998444,83948.52380952382,159901.85707210086,-3879.3012987012958,8,226042.22307376005,1.6259984598426624,0.68,0.553,0.352,99.999,0.409,-7.116,0.042
Better Days,Hedley,0,63,0.07153565249789573,0.4246286206219454,0.36909151938884227,386.8378213772642,26516.714285714286,3975.2382635133554,232.72207792207766,18,3463.8858901528497,0.9472577969646703,0.355,0.728,0.646,93.203,0.368,-4.395,0.133
Better Days,OneRepublic,0,68,-0.0002543517898288885,-0.9999986052747536,-0.16044872400499338,407.2087820799771,7835.333333333333,6390.819750185815,-710.5103896103892,2,6766.824716770783,3.4578258047271757,0.626,0.726,0.257,89.132,0.235,-5.015,0.0376
Better Days (NEIKED x Mae Muller x Polo G),NEIKED,1,6,-0.102128684520236,-0.9633101599670629,-0.49489005299371175,577.6676538150709,217141.04761904763,341497.55710155686,-12881.47922077922,15,518777.0649686723,1.4249290407714754,0.717,0.671,0.699,110.054,0.0018,-5.077,0.0337
Better With You (with Benjamin Kheng),Gentle Bones,0,103,-0.3557847503461027,0.9997099450462124,0.014452220953171124,314.98700700712686,6790.285714285715,490.4508268985201,-14.496103896103781,0,582.4662458031366,1.0218898446527154,0.646,0.456,0.45,154.014,0.176,-7.27,0.0327
Better in Time,Leona Lewis,0,130,-0.8598170814210542,-0.9997022938889744,-0.45899428383390495,403.78322013185266,20734.333333333332,5975.826568316986,37.959740259740954,1,9963.54265045822,0.9780653305980748,0.584,0.7,0.549,163.953,0.512,-4.251,0.0506
Bewafa,Imran Khan,0,127,0.42832585276748597,-0.9938159351918894,-0.08789995347958789,342.746583417479,20671.85714285714,1294.7344381401624,-129.33116883116887,0,1173.4513571085936,1.093681522007285,0.704,0.563,0.0739,94.037,0.594,-4.739,0.0297
Beyond,Leon Bridges,0,110,0.06150901420174402,-0.9999999571516988,-0.45732919407696854,414.7169345428463,7514.75,10639.93614583753,-752.5030075187974,3,13840.925353954466,1.0,0.581,0.687,0.187,76.014,0.229,-5.4,0.105
"Big City, Bright Lights",The Minds Of 99,0,18,0.5483279365352423,0.4637010607055036,0.44970003859741425,374.0490551741469,14096.809523809523,7560.578540593354,-1024.0805194805198,0,2947.699056467604,2.5792440485177917,0.622,0.768,0.753,164.076,0.000982,-3.785,0.0536
Big Jet Plane,Angus & Julia Stone,0,62,0.5817848314602082,-0.9996290308631218,-0.12170024496836519,420.10172056268055,22511.380952380954,11702.63364935713,1476.4064935064935,10,7728.843004615892,0.31540501816569155,0.762,0.387,0.274,109.959,0.239,-8.643,0.0277
Big Poppa - 2005 Remaster,The Notorious B.I.G.,0,160,0.9999999411628021,-0.9999999610577013,-0.0034363042429467914,504.3042985404725,14943.666666666666,38303.123994604306,-2342.8155844155863,0,39243.750585889466,5.0965166251979195,0.78,0.575,0.773,84.492,0.43,-7.247,0.273
Bijlee Bijlee,Harrdy Sandhu,1,2,-0.15368797486728375,-0.8973688088278805,-1.0258464789377353,521.2857798066385,170627.0,118028.97806935057,14436.907792207789,20,125526.28353586949,0.2558408314228703,0.795,0.67,0.643,100.004,0.269,-5.313,0.143
Bikini Porn,Tove Lo,0,49,0.26728473951342774,-0.999999998728113,-0.17962652574373414,435.91968186322896,26434.904761904763,11214.462872324257,-867.3376623376614,2,12172.989661952399,1.667704824254751,0.919,0.687,0.675,100.997,0.0839,-5.793,0.0774
Billie Bossa Nova,Billie Eilish,1,9,0.7918786271512445,0.3602701530802647,2.650026517076945,540.6502483051448,72055.52380952382,200050.6181291837,13305.220779220777,20,171200.00217140772,0.1566558266233065,0.895,0.389,0.549,110.023,0.222,-11.036,0.11
Binibini,Zack Tabudlo,1,1,-0.5886629577728306,-0.6578156253112754,-0.825231603965472,544.4508299520443,187364.80952380953,162901.84508400524,5283.148051948056,18,292341.12373309286,0.7672129980376314,0.642,0.374,0.0979,129.863,0.423,-10.606,0.032
Birds,Imagine Dragons,0,30,0.11464835203187108,-0.9999999995850948,-0.35683212715262325,412.0076301839799,5680.9047619047615,5976.641005214837,-436.10519480519497,3,7449.029078343029,2.9869009024796287,0.649,0.517,0.35,119.997,0.0146,-7.428,0.0297
Birthday,Anne-Marie,0,38,0.7680947051540008,-0.9999999999998159,-0.252868808147722,517.8117542612813,33351.19047619047,69368.53206614176,-5099.259740259738,1,81377.78087752209,8.306739800135247,0.609,0.785,0.756,151.995,0.0502,-3.32,0.0891
Bismarck,Sabaton,0,103,-0.2616834340260885,-0.9987504043002717,-0.5257081551581648,199.83451206144977,18629.5,8890.922440894421,-298.7818181818169,1,14642.35150361975,1.0,0.505,0.859,0.434,95.036,0.00346,-5.546,0.0431
Bitch I'm Back,Sidhu Moose Wala,1,1,0.2510438745435395,0.9999999998804081,0.15422053342098163,465.77123104399107,139857.57142857142,52661.08156664376,-7715.658441558443,1,25914.42173308137,2.1858983481297414,0.71,0.772,0.789,149.829,0.203,-4.496,0.103
Bitter Sweet Symphony,The Verve,0,52,-0.33649960073987706,-0.906431501147634,-0.7133709496761333,466.36960393776207,23635.14285714286,22149.702298946882,775.5415584415583,18,36756.50609837665,0.5513016151207941,0.356,0.917,0.518,171.176,0.0335,-6.006,0.0479
Bittersweet Symphony (feat. Emily Roberts),GAMPER & DADONI,0,44,-0.23257543945626663,-0.914118440346965,-0.6184563116365601,478.87275906775966,23648.380952380954,28268.124708256502,456.54025974026024,16,46167.38383166194,0.49866627011050907,0.676,0.582,0.447,124.012,0.221,-7.58,0.128
Black,Pearl Jam,0,107,-0.9513898681709564,0.9999931981530154,-0.09351349237732079,397.38017211204436,13316.52380952381,4697.101969949106,-116.17402597402598,11,4104.565414267387,1.0699550653594772,0.36,0.684,0.2,77.15,0.323,-6.457,0.0308
Black & White,Diljit Dosanjh,0,54,0.10148680398366366,0.20651299431184433,0.21869741600414552,381.56751879433693,58254.76190476191,4772.649068786312,86.92597402597458,1,2848.80970933476,0.9791148705377805,0.712,0.683,0.526,83.935,0.323,-6.965,0.0926
Black Converse,LOVA,0,55,-0.18491721731520494,-0.9992883684350152,-0.6389143696005329,420.75476894843655,22179.52380952381,7109.769627364519,-373.57012987012996,1,10812.868175812559,1.2119993108149612,0.775,0.41,0.298,117.165,0.724,-7.481,0.0464
Black Hole Sun,Soundgarden,0,46,0.10441910045120235,-0.9220141015520869,-0.42622678876713166,535.9683211615767,42829.80952380953,113691.31091295664,2140.661038961039,14,160768.5454221301,0.24379009927736883,0.35,0.828,0.147,105.435,0.000217,-5.373,0.041
Black Mamba,aespa,1,9,0.129718673213118,-0.9994334275865305,-0.41059618551835103,486.7767349562978,27959.333333333332,34362.64877995588,33.74285714285835,13,47788.19453578467,1.131835631463491,0.52,0.915,0.5,90.069,0.0618,-2.862,0.103
Black Out Days - Future Islands Remix,Phantogram,0,93,0.30307116846960974,-0.9997093918421627,-0.04407178472053639,216.88078568536898,1060.047619047619,47.69194420392309,-3.6948051948052107,2,51.74456493198102,1.0539407490217998,0.477,0.483,0.123,170.026,0.0027,-9.413,0.0364
Black Swan,BTS,1,1,0.044496158964379556,-0.9921797924759138,-0.38669313839859526,493.7206937620826,36023.57142857143,41452.75824997189,-880.1818181818187,3,59426.45274562079,1.7444927804516845,0.719,0.757,0.489,147.024,0.137,-5.167,0.0849
Blah Blah Blah,Armin van Buuren,1,7,-0.9999846346719554,0.9928335156171845,-0.8418947971446501,409.2954087391804,15186.047619047618,5922.6566310365315,161.86233766233784,15,8199.841214773613,0.8003920674720765,0.612,0.963,0.179,138.009,0.00897,-3.912,0.0531
Blank Space,Taylor Swift,0,47,-0.1684336013740056,-0.5658809343122484,-0.46434532008406537,559.0893863132923,104461.42857142857,192391.99995162938,1450.8636363636354,7,271285.37388080376,0.7050994747258308,0.76,0.703,0.57,95.997,0.103,-5.412,0.054
Bleed It Out,Linkin Park,0,22,-0.0830778990548028,-0.907998471776931,-0.541785502094757,490.7714540271959,19231.04761904762,37068.82836340836,172.85454545454576,8,57033.7394183478,0.7039695881987672,0.542,0.932,0.698,140.135,0.0747,-4.896,0.05
Bleeding Love,Leona Lewis,0,73,-0.5210354915755483,-0.38224317139278463,-0.6699562339517025,469.3357668350141,17750.761904761905,22102.75318533603,-242.31038961038894,16,35333.64947507546,0.7708360283654581,0.638,0.656,0.225,104.036,0.188,-5.886,0.0357
Blinding Lights,The Weeknd,1,1,-0.25461203344790695,-0.9219692451694206,-0.6848400850621601,489.6252306174592,38324.90476190476,39220.11849002859,-1661.4519480519475,2,61362.09360792296,1.5643846306808589,0.514,0.73,0.334,171.005,0.00146,-5.934,0.0598
Blizzard,Daichi Miura,0,30,-0.6385079860932334,0.9999618635811722,0.13843896187144283,355.898555301943,11093.619047619048,2771.9145949220638,-148.4519480519479,9,1525.4462584765156,1.2946595723716623,0.641,0.817,0.39,139.999,0.0673,-3.287,0.0553
Block Baby,kizaru,1,2,-0.16117302831769303,-0.9999950464358935,-0.4653690831987297,488.879383002319,27187.761904761905,36872.14649738014,7.680519480519545,4,58655.775312410624,1.0431203675910319,0.71,0.645,0.479,119.968,0.427,-6.413,0.0396
Blockbuster feat. YEONJUN of TOMORROW X TOGETHER,ENHYPEN,0,26,-0.20034819989721211,-0.9987772093817855,-0.6603661835041897,486.8376501793744,29802.571428571428,35673.836689507625,-860.5000000000003,2,56898.12791480929,1.2204590756197833,0.495,0.926,0.642,159.922,0.0384,-4.589,0.323
Blood // Water,grandson,0,37,-0.30600965941486813,-0.9985284211292991,-0.7481084387321393,324.88472947493085,2042.095238095238,672.1355379727333,40.719480519480534,19,967.7201609969693,0.7602960713607895,0.51,0.882,0.653,154.029,0.00158,-5.659,0.159
Blood Sweat & Tears,BTS,0,20,-0.4134217187283822,-0.9995181833701631,-0.6024237045942172,367.7987890439681,4408.857142857143,1911.3301099275466,9.832467532467664,13,3178.7937743741727,1.0125586481814655,0.584,0.885,0.605,92.9,0.0244,-3.571,0.104
Bloodstream,twocolors,0,79,-0.6385054774838215,0.8718823255475744,0.015549065955071075,462.4772774139353,34091.142857142855,32673.23246982476,3284.5142857142846,19,21362.005807683414,0.2663978973121802,0.586,0.715,0.59,120.971,0.013,-5.962,0.159
Bloom (Online Bonus Track),The Paper Kites,0,59,0.5482328111940832,-0.9999746320783863,-0.1105590353619503,412.81290661680214,19263.52380952381,6610.416856094468,-244.0545454545457,2,6588.837706872131,1.1191315381361906,0.581,0.421,0.433,95.969,0.894,-9.792,0.0245
Blue & Grey,BTS,1,3,0.0723437194917964,-0.957600900298932,-0.40136801562157565,524.5201711106608,59777.04761904762,89495.25305234067,-3155.56883116883,11,125838.57877618454,2.111555894959846,0.547,0.605,0.364,121.953,0.42,-6.755,0.0415
Blue Ain't Your Color,Keith Urban,0,130,-0.2846275652075678,0.6895559896131758,0.2061203008284606,449.6862975547553,171853.2380952381,17056.308409569705,1005.893506493507,10,16103.132859400372,0.8867150613786592,0.69,0.416,0.479,82.45,0.617,-7.865,0.0335
Blue Christmas,Elvis Presley,0,12,-0.23642743470582106,-0.8291909789576523,-0.5624627705875838,534.3656131589493,127167.09523809524,110045.33370990459,431.1623376623413,19,183424.4929030676,0.7318589120907018,0.465,0.27,0.58,94.518,0.9,-16.661,0.0425
Blue Hour,TOMORROW X TOGETHER,0,56,-0.6902000353510805,-0.14321170366237987,-0.7472180303145668,452.5377358744527,16785.619047619046,15709.713032680163,408.86753246753216,14,23866.74321828389,0.7074032522212336,0.71,0.82,0.746,112.005,0.00962,-4.362,0.0836
Blue Jeans,GANGGA,1,2,-0.5278221092474682,0.9995740200470099,0.4261249039842266,397.9466838868807,57768.666666666664,17957.16039523837,2867.0987012987016,18,4535.470476973695,0.48659355972027146,0.639,0.297,0.292,113.989,0.938,-11.18,0.0334
Blue Side (Outro),j-hope,0,81,-0.6512655399566718,-0.5184413046289252,-0.4460967235219842,258.24170216997607,4919.714285714285,3671.615048071419,-430.1054945054946,1,5213.994856812184,1.0,0.512,0.394,0.083,80.522,0.0149,-10.202,0.0263
Blueming,IU,1,8,0.04892159463641764,-0.9924768222187592,-0.5085169903229997,425.9427798050268,12754.47619047619,7628.529738011042,173.53246753246756,5,10644.031906542747,0.8954974140553696,0.819,0.674,0.682,106.032,0.0849,-3.145,0.0587
Boa Me (feat. Ed Sheeran & Mugeez),Fuse ODG,0,47,-0.04783029421272133,-0.9135117392990855,-0.5351408798566482,481.53589595995936,19943.238095238095,28973.238992304872,388.8896103896107,7,43859.49026824183,0.3580517358550586,0.906,0.597,0.967,124.008,0.165,-2.566,0.0764
Bobo,Roméo Elvis,0,20,-0.5811698333140102,-0.9988600190657168,-0.6346398849733152,487.1071629343173,39753.57142857143,42084.86511072306,-2740.95064935065,1,69747.9923764118,2.4685792026499467,0.749,0.605,0.356,110.119,0.22,-8.58,0.282
Body Back (feat. Maia Wright),Gryffin,0,77,-0.05371007666418508,-0.9999999999667951,-0.4684353443600433,243.5251444395932,45827.7,94191.59164495522,-5926.369696969692,3,143633.46667545792,1.0,0.686,0.83,0.486,123.032,0.0948,-4.437,0.0369
Body Like A Back Road,Sam Hunt,0,12,-0.6073067035989491,-0.7475516090533191,-0.7873580060329672,551.1177437814044,267082.71428571426,199358.57368263727,80.1064935064985,5,368230.7962482599,0.9316935773074986,0.732,0.458,0.661,98.938,0.447,-7.225,0.0311
Bohemian Rhapsody - Remastered 2011,Queen,1,1,-0.10696971213583818,-0.9999999639386055,-0.49061573675096154,535.2387055422968,42618.71428571428,108933.50324204686,-4350.957142857144,3,161678.60981492727,9.103444390793499,0.414,0.404,0.224,71.105,0.271,-9.928,0.0499
Boku no Sensou - TV Size,Shinsei Kamattechan,0,101,0.4744461399197735,-0.9979249079372774,-0.08033779177909744,282.323740745687,2011.0,262.60997696203395,19.50649350649352,10,257.3793843725639,0.9012587412587413,0.447,0.891,0.517,143.976,0.00447,-4.776,0.0788
Bom Rapaz (feat. Jorge & Mateus) - Ao Vivo,Fernando & Sorocaba,0,18,0.18234650493103055,-0.6702670710542112,-0.2460327661476439,415.0200826392884,59046.857142857145,6907.701156340372,557.7181818181821,5,6901.61660772315,0.901323249623996,0.579,0.864,0.561,95.961,0.49,-3.778,0.0437
Bonita,Jeeiph,1,10,-0.8523306057643657,-0.29408468565788215,-1.0482490909160116,398.9764300536237,9638.47619047619,5688.553474336467,517.7584415584416,19,7718.56839365306,0.4150081910902077,0.88,0.653,0.672,90.048,0.237,-5.32,0.136
Borderline,Columbine,0,36,-0.9555361865269205,-0.027659992836235013,-0.8561004893734651,465.4843919948791,53628.04761904762,32296.576539017096,356.00909090909187,1,60089.47151313198,0.8545227999289584,0.713,0.752,0.435,137.963,0.267,-6.257,0.069
Bored,Billie Eilish,0,28,-0.01924289209670315,-0.919241664477487,-0.49327099911764466,549.9494930384506,54091.666666666664,159506.83517145182,2407.3090909090906,14,240074.73090385832,0.36915393395173446,0.614,0.318,0.112,119.959,0.896,-12.695,0.0478
Born This Way,Lady Gaga,0,75,-0.8089743907273454,-0.13253927351746703,-0.2729207285498886,283.7970137694505,27179.0,48946.16863793665,-8195.92307692307,0,56787.2292206794,1.0,0.586,0.835,0.492,123.936,0.00387,-5.117,0.146
Born to Shine,Diljit Dosanjh,0,27,-0.9999985769513662,0.9999987718643242,0.04772375646189311,425.4757771250672,37430.04761904762,14239.905408581599,660.4649350649349,20,8241.287431433271,0.8425039058812063,0.745,0.826,0.674,90.149,0.357,-4.339,0.0866
Boss,Lil Pump,0,54,0.6655026820309271,-0.9998824430768157,0.1756226783045515,426.537052357657,177430.09523809524,15691.65549220884,2042.8623376623357,19,8919.580604490326,0.8585153738670983,0.803,0.789,0.647,119.999,0.0304,-3.434,0.0383
Boss Bitch,Doja Cat,1,5,-0.1122713420086856,-0.12648926968713295,-0.19186419290495832,515.5243052691917,54280.0,94326.76972353178,-7945.41168831169,0,77862.16953969045,9.942408706715206,0.707,0.955,0.575,125.989,0.127,-4.593,0.222
Bouteille d'eau,Lorenzo,0,23,0.15023058359034944,0.9999999642542415,0.38199732943109,277.59905181157944,45224.142857142855,20791.916000686226,-4455.608791208791,0,9602.00782011319,1.0,0.799,0.584,0.792,104.08,0.778,-8.228,0.38
Boy With Luv (feat. Halsey),BTS,1,1,0.1252330700415634,-0.9885476168251743,-0.2791006453199547,505.54063134227175,49635.71428571428,55683.58963194919,-855.0298701298702,12,77129.1241362658,1.6994609781795413,0.645,0.862,0.803,119.947,0.0933,-4.761,0.0845
Boyfriend,Mabel,0,13,0.27185394478310837,-0.9355865391869986,-0.24836683410822274,487.87136837772726,33401.666666666664,35697.06095055917,-852.1428571428569,7,45577.58333794696,2.235684127193561,0.799,0.847,0.678,99.99,0.0597,-3.022,0.0541
Break My Heart,Dua Lipa,1,1,0.25328502819409926,-0.999999999975088,-0.29474101575231654,481.12672007165924,25267.809523809523,32683.856808346234,-1731.4155844155828,1,39951.47832968763,1.9300762088297125,0.73,0.729,0.467,113.011,0.167,-3.434,0.0884
Breaking Down,AILEE,0,99,-0.5643973168445799,-0.9437845786718277,-0.8381863610522002,444.3664803256854,17122.809523809523,16354.493195388373,1247.0402597402594,19,25860.840384643343,0.24019071914480078,0.294,0.342,0.229,135.084,0.469,-6.341,0.0395
Breaking the Habit,Linkin Park,0,28,-0.14694063043026315,-0.8115268206404901,-0.6265150282885985,517.3697940513105,28114.95238095238,73028.38027355314,3549.162337662337,17,110500.12266626676,0.09762407602956705,0.579,0.849,0.581,100.021,0.108,-5.218,0.0303
Breathe,The Prodigy,0,27,-0.17877493919585627,-0.9999999993240329,-0.5006238661519338,489.03690357510953,18411.95238095238,37723.27231106648,-1518.5012987012983,1,58005.15933248955,8.20822482217126,0.673,0.808,0.303,130.041,0.0121,-6.183,0.0491
Breathe (In the Air),Pink Floyd,0,28,-0.15197403989705238,-0.9656814297531587,-0.3734479455901164,321.9508024875531,4741.117647058823,4495.901203676298,452.0514705882352,16,4828.475441569912,1.0,0.431,0.373,0.253,128.153,0.389,-15.142,0.0346
Broken,Isak Danielson,0,112,-0.4748259805435712,-0.9999999950299236,-0.6343292303240715,217.44626345502743,17171.083333333332,3198.704984269242,38.856643356643566,2,5772.88896266043,1.0,0.434,0.637,0.1,141.869,0.451,-6.85,0.0613
Broken Heart of Gold,ONE OK ROCK,0,29,-0.4044654450214283,-0.9064449340586137,-0.7081013233566579,497.4453093451109,65813.76190476191,54070.949053209144,4012.8896103896104,19,84038.46835729457,0.4349194125936593,0.451,0.712,0.119,85.683,0.0822,-5.435,0.0333
Broken Smile (My All),Lil Peep,1,8,0.9981885065753467,-0.9999999994918715,-0.4145827570818171,542.7979705377738,42028.23809523809,111442.35599153182,-6913.970129870123,1,150532.73981824517,7.48134626233382,0.545,0.517,0.115,120.044,0.0459,-8.681,0.0359
Brooklyn Bridge To Chorus,The Strokes,0,57,-0.04265698683351847,-0.9997479680984181,-0.47007497120314584,429.73166003504696,161819.25,271464.8256030374,4244.741176470589,4,413362.4822845709,1.0,0.628,0.571,0.467,119.899,0.00602,-3.897,0.0628
Brother,Kodaline,0,53,0.030541357688929002,-0.9100459847986568,-0.45462813050710316,437.68886832910266,6786.523809523809,9693.293713250305,-44.02597402597378,10,14230.206310872658,1.428079331941545,0.519,0.625,0.21,120.103,0.349,-5.909,0.0482
Brothers,Rilès,0,38,0.7362509709059536,-0.9999766204094539,0.12796459861189802,423.48583127631355,51272.47619047619,8673.969699317102,687.355844155845,11,7999.048940967919,0.8382267329812034,0.67,0.63,0.582,86.025,0.133,-3.651,0.0694
Brothers (feat. Lil Durk) - Remix,Lil Tjay,0,62,-0.7647197972590133,-0.9362864640279565,-0.8541794749905488,522.3193566635488,158161.52380952382,128428.18427937478,-3111.085714285713,1,241944.8186206671,1.2639381708627264,0.688,0.489,0.559,85.404,0.619,-7.627,0.173
Brown Eyed Girl,Van Morrison,0,55,-0.05591597831936347,-0.9782852991758245,-0.48457370074246253,506.2159982056619,25779.571428571428,56035.22418432673,56.06363636363598,15,85203.29293476573,0.7586500969978679,0.491,0.583,0.908,150.566,0.185,-10.964,0.0376
Brown Shortie (feat. Sonam Bajwa),Sidhu Moose Wala,0,12,-0.489420582707873,0.9999999974393364,0.4738210343188425,409.80285041852676,73593.80952380953,23276.737667463396,-3332.2740259740235,1,6129.266214441986,1.8231774224975135,0.794,0.862,0.852,90.049,0.246,-3.965,0.223
Bruk Off Yuh Back,Konshens,0,69,0.018361251026722054,-0.999485791468516,-0.35364951085462515,271.35360231848637,3175.3809523809523,185.8782182455507,16.08701298701294,20,228.829953240392,0.9620599796828762,0.816,0.875,0.952,100.967,0.187,-2.499,0.184
Bu Son Olsun,Cem Karaca,0,29,0.1975658226451534,-0.997826359662832,-0.1499691077346613,379.72467162768027,33022.52380952381,3661.872284827188,454.75974025974085,20,3140.1942997209585,0.8452824423892734,0.447,0.73,0.712,94.799,0.749,-2.528,0.0365
Bubblegum Bitch,MARINA,0,48,-0.5465837438963483,-0.9527828084873926,-0.7588613147345792,423.44329200347175,9125.285714285714,8669.367446265464,418.7896103896103,17,14739.525919360502,0.44711459417986515,0.495,0.856,0.609,158.024,0.000219,-5.123,0.0311
Budapest,George Ezra,0,52,-0.28396304353942714,-0.6799451465250017,-0.6792907764399583,451.6610390119399,21574.85714285714,14229.816617918583,-392.04805194805203,17,22333.5357350219,1.2877451685922514,0.717,0.455,0.389,127.812,0.0846,-8.303,0.0276
Build a Bitch,Bella Poarch,1,3,-0.0746783962373273,-0.9221537809774422,-0.5281125023369604,557.5293747195154,76314.33333333333,195722.43266551726,832.8545454545459,13,302266.66192292445,2.325369268788468,0.855,0.463,0.866,102.931,0.217,-7.454,0.0367
Built Different,Sidhu Moose Wala,0,24,0.15550231536967343,-0.9999999989600025,0.06572146324507032,279.61610754159227,67862.0,20372.687265762743,-4716.791208791208,1,9861.12721271384,1.0,0.739,0.706,0.784,94.965,0.141,-3.461,0.0487
Bum Bum Tam Tam,MC Fioti,1,4,0.8147992438115681,-0.958456394243751,-0.6722635554762632,494.6415532758392,104247.76190476191,50495.47610751148,5258.159740259742,19,46825.258471550376,0.44716712237472,0.896,0.675,0.659,131.999,0.346,-3.908,0.124
Bumpy Ride,Mohombi,0,17,-0.020204137036177693,-0.9598849014837938,-0.4186521292548725,440.5544759432894,10753.190476190477,10787.89841230418,174.15844155844184,13,16152.719638732668,1.000583402207205,0.706,0.842,0.818,104.958,0.0476,-4.628,0.038
Burberry,Sidhu Moose Wala,1,3,0.4402543927612115,-0.9999906695856705,-0.09379856493115425,437.3949806795402,120110.66666666667,34342.16018018188,-5371.815584415585,1,12467.545333384596,1.831822698122039,0.681,0.738,0.624,151.026,0.225,-4.726,0.287
Burn the House Down,AJR,0,88,-0.0278999142209192,-0.6759035436382754,-0.3669069122239919,433.3010699248866,21749.809523809523,11594.633408110873,-1163.8116883116886,17,12158.382863173047,2.589941008668679,0.454,0.66,0.568,184.353,0.0364,-4.357,0.168
Burning Pile,Mother Mother,0,59,0.21123326175869947,-0.8542180544844558,-0.23535214479826166,513.1067487550949,29432.47619047619,66967.29800263143,3973.754545454546,17,84819.80791564845,0.04054838332033945,0.516,0.755,0.165,140.099,0.0633,-3.724,0.0383
Burning Up (Fire),BTS,0,92,-0.1997469252452501,0.999682307671907,0.3113589359519368,175.28220626630653,2253.3636363636365,1992.0820206154926,479.36363636363626,9,1216.3798584323897,1.0,0.626,0.706,0.534,99.939,0.00225,-3.201,0.0596
Butter,BTS,1,1,-0.17587698636389293,-0.3490507778969809,-0.569537229767218,588.2497263639763,226633.61904761905,426506.9092665916,19501.414285714283,20,507429.3736134123,0.4746399981858176,0.759,0.459,0.695,109.997,0.00323,-5.187,0.0948
Buttercup,Jack Stauber,0,49,-0.3106744131109767,-0.843701271267205,-0.6849630128405563,478.0453812798209,18766.904761904763,28534.476523446512,-757.9155844155844,18,47065.00809356671,1.6122444580948996,0.705,0.373,0.551,120.046,0.723,-9.066,0.0384
Buyaka,Guaynaa,0,89,-0.27445163832951774,-0.9395705222389484,-0.6025192832316191,491.5073135968249,24610.95238095238,39218.88770365649,-362.49999999999875,6,65160.63086550037,1.0306228811908194,0.787,0.738,0.733,95.909,0.187,-4.649,0.261
Buzina - Ao Vivo,Diego & Victor Hugo,0,137,0.23275367483929135,-0.9417595056455222,-0.1568937682784847,451.62240152704675,97947.23809523809,15237.204714603635,-923.6415584415568,16,18718.714187678597,1.1242234386948962,0.479,0.889,0.735,169.646,0.0992,-4.162,0.168
Buồn Thì Cứ Khóc Đi,Lynk Lee,1,8,0.06611971578361103,-0.3156358649793476,-0.21414915176691754,301.2982161120726,2717.904761904762,555.6824979687168,-64.02077922077919,6,381.21681494918346,1.5049158249158248,0.704,0.542,0.386,97.006,0.476,-4.663,0.0307
By Your Side (feat. Tom Grennan),Calvin Harris,1,10,0.9998075410050928,-0.9999999996736161,-0.18883345714650399,531.0838152736228,44735.857142857145,92373.63449872156,-6887.022077922071,1,109552.26007641284,7.882119409352706,0.733,0.96,0.811,124.01,0.0514,-3.597,0.0295
Bésame (I Need You) (with TINI & Reik),R3HAB,0,81,-0.14719282446570814,-0.9999999999937088,-0.589549707648,315.00335567854484,27410.5,29519.847676121713,-1846.173626373626,2,46179.9028622502,1.0,0.839,0.701,0.273,99.984,0.0165,-6.029,0.0944
Bí bí og blaka,Hafdís Huld,0,39,-0.012156869163240741,-0.9992968118180332,-0.5228794799226609,202.44203711281855,1047.0,39.38213276287079,-4.528571428571411,2,42.00651735147773,1.0639518611810803,0.602,0.0242,0.29,96.834,0.952,-16.589,0.0426
CAN'T SAY,Travis Scott,0,15,0.08097314634083319,-0.8986059648240657,-0.45187638074588043,584.2924497275083,110352.80952380953,378242.21389230766,8602.192207792206,14,541385.0060479025,0.09673067642094758,0.702,0.708,0.713,147.98,0.201,-5.366,0.0547
CASTLE OF GLASS,Linkin Park,0,63,0.10323936888129834,-0.920109455879999,-0.44267008322864476,538.829220405057,36890.04761904762,122406.18122249353,-181.99870129870123,10,173058.3627027599,2.640336978784249,0.615,0.911,0.685,108.0,0.0686,-3.584,0.0278
CHEER UP,TWICE,0,52,-0.4400643694382017,-0.5241483988122422,-0.3876839953161999,270.0457908196106,2108.7619047619046,184.50394363107662,-16.589610389610346,9,202.00566823730466,1.1264816314510786,0.551,0.885,0.509,172.95,0.139,-1.489,0.124
CHICKEN TENDIES,Clinton Kane,0,27,0.04776405355788627,-0.9999999999999403,-0.33821601406610297,559.9210736290568,131911.33333333334,214134.35470913682,-6520.966233766221,1,301369.76232652715,1.3336800540619325,0.57,0.689,0.568,100.087,0.358,-6.242,0.147
CLAP,SEVENTEEN,0,71,-0.09480438204644875,-0.9759413044074335,-0.414225882609241,395.65277560856543,5387.476190476191,3560.0694966336932,-47.062337662337576,0,5131.470480281456,1.0822625904593117,0.722,0.918,0.831,100.024,0.141,-2.952,0.0607
COPYCAT,Billie Eilish,0,123,-0.0587114780517401,-0.9334134876132755,-0.575506326817812,525.4056098136248,148694.33333333334,105077.92996553211,-8935.144155844153,4,136298.86186629548,2.82611612442307,0.679,0.388,0.234,124.909,0.353,-10.977,0.0932
CROWN,TOMORROW X TOGETHER,1,8,0.19579559189945572,-0.5104943802506242,-0.4815403329275128,550.9228412334094,66938.66666666667,174293.7168731573,10811.216883116884,20,191337.830941577,0.12214342479631642,0.623,0.8,0.58,110.979,0.0497,-5.819,0.0424
CRY FOR ME,TWICE,1,9,-0.011365303210486977,-0.9999999933449899,-0.4244346397022039,473.4297254283868,23244.666666666668,25511.71486896864,-1025.4753246753241,4,36448.88456043614,1.9466717626320138,0.702,0.692,0.419,144.896,0.0542,-5.405,0.0539
Ca va aller,Djadja & Dinaz,0,45,-0.8787179011203353,-0.9964500560392753,-0.7131474364273622,216.98284487995994,62662.0,40176.23082122065,-1653.1030303030257,1,75433.52182248425,1.0,0.793,0.593,0.381,139.05,0.115,-7.417,0.207
Cabeça Voando,Os Barões Da Pisadinha,0,58,-0.057826755509227626,-0.33790267148346587,-0.34147359527622195,438.3293098170851,84546.80952380953,11646.097938872661,-348.68701298701455,0,12149.959880180675,1.015149462177768,0.658,0.833,0.963,172.024,0.385,-6.493,0.044
Caile,Luar La L,0,65,0.4710136646136197,-0.9991042050723791,-0.09533053971244278,397.551496171366,46193.57142857143,8924.247123488256,1304.7818181818182,17,4567.762960137052,0.6425437969206286,0.704,0.756,0.461,121.737,0.298,-4.948,0.448
Calaboose,Sidhu Moose Wala,1,9,0.3261253907774665,0.04038094731533087,0.6244182401301178,414.3163184399906,79165.52380952382,37069.615301893624,-5647.816883116883,1,6607.631927551655,2.6687410229660875,0.747,0.758,0.56,149.776,0.0568,-6.289,0.0742
Cali Pachanguero,Grupo Niche,0,71,-0.687816015591525,-0.9988652046877755,-0.9474333270490971,339.7343736217789,10645.888888888889,5632.889665851297,626.9184726522186,16,7859.201636289884,1.0,0.655,0.728,0.966,96.385,0.752,-11.714,0.0321
Californication,Red Hot Chili Peppers,0,18,0.0310534416228439,-0.9790903398753776,-0.4971912543013819,378.7610447566765,4126.952380952381,2355.0619944562873,-65.81168831168827,8,3370.708597238866,1.1701947502116852,0.592,0.767,0.328,96.483,0.0021,-2.788,0.027
Call If You Need Me,Vance Joy,0,78,-0.046763277931929484,-0.8353687885210631,-0.508627566890491,311.6481222457153,41783.846153846156,60923.73308659853,511.8846153846165,6,95379.45869088724,1.0,0.748,0.573,0.463,110.204,0.879,-6.057,0.0332
Call Me Maybe,Carly Rae Jepsen,0,79,-0.08823314230525428,-0.9999999990481423,-0.49415553677786933,487.7937055757778,9859.857142857143,36922.80803086832,-1636.4701298701298,3,54562.281905428965,21.625029022521478,0.783,0.58,0.66,120.021,0.0114,-6.548,0.0408
Call On Me,Starley,0,124,-0.10737655609667458,-0.9991555915661863,-0.553466025300958,390.7469798196879,3443.8571428571427,3150.3916201869597,20.92857142857138,13,4788.224540474266,0.6748094106074268,0.791,0.655,0.481,97.998,0.123,-7.109,0.0417
Call Out My Name,The Weeknd,1,1,0.3013890742079682,-0.947111175208744,-0.2400472219305208,498.1438003800928,40964.95238095238,46231.37412899248,-93.88051948051998,17,59329.50705837695,1.204287058930079,0.461,0.593,0.175,134.17,0.17,-4.954,0.0356
Call You Mine (feat. Geologic Of The Blue Scholars),Jeff Bernat,0,76,0.12140986813538268,-0.10449076384865628,0.07125109896608257,411.9606418173081,24010.0,13882.368077117515,1881.4909090909093,11,5824.005282234899,0.18888954488714954,0.794,0.571,0.632,90.033,0.836,-6.436,0.0521
Calla Tú,Danna Paola,0,22,-0.2894228009586686,-0.7294938793913354,-0.49471033736409,519.1600806991105,65410.47619047619,72861.31516375675,431.58441558441467,3,122390.8649468885,0.7938551152678646,0.784,0.631,0.274,99.973,0.0475,-4.005,0.0322
Calling My Spirit,Kodak Black,0,27,-0.4743919391478999,-0.7313857347593312,-0.7038296868840596,564.8707413444124,262070.85714285713,255206.63827410538,-5236.16753246753,10,452218.41698710975,1.1248029991881179,0.918,0.362,0.744,120.007,0.116,-9.943,0.0905
Caminando por la vida,Melendi,0,138,0.15129331535310425,-0.9986097690259481,-0.2346480235154994,377.61703164893737,34646.57142857143,3026.9840494086106,330.6974025974033,19,2885.110429429002,0.8902514637323999,0.695,0.958,0.711,108.054,0.0148,-3.778,0.0827
Can I Get It,Adele,1,4,-0.1619838092900386,-0.8455238553434227,-0.6644072688172983,504.51786295478564,45355.09523809524,52651.11758403683,-657.0181818181815,4,82161.8181239163,1.3503622800919737,0.703,0.68,0.536,97.985,0.0171,-6.118,0.0431
Can You Feel My Heart,Bring Me The Horizon,0,15,-0.10411770811369334,-0.945926466671227,-0.47018097930130615,413.1230123729584,4099.761904761905,5490.245539697456,2.497402597402698,12,8479.308182864921,0.9105847983723719,0.15,0.859,0.354,170.527,0.00201,-2.827,0.0595
"Can You Hear - 劇集 ""白色強人"" 插曲",Kayee Tam,0,11,-0.7265620041947477,-0.008008381504476601,-0.7135780104719066,346.52025305652666,6755.285714285715,2141.199644677569,285.24415584415584,16,1695.4631601718747,0.5382229424782616,0.488,0.327,0.13,139.253,0.619,-5.621,0.0303
Can't Stop,Red Hot Chili Peppers,0,14,-0.7397253419205453,-0.9281487063284454,-0.875681221652827,448.00763776154247,20127.285714285714,18969.2871822871,375.4155844155847,17,35493.99070490665,0.7381728685921033,0.618,0.938,0.875,91.455,0.0179,-3.442,0.0456
Can't You See Me?,TOMORROW X TOGETHER,0,39,-0.524716984573486,-0.09539263029325222,-0.5129052774485242,445.2751580046014,12201.57142857143,12416.19782139992,-450.91688311688307,17,16332.616762478694,1.2147354092223923,0.59,0.818,0.664,139.925,0.0584,-2.988,0.0771
Canavar,No.1,0,38,0.34361278153296637,-0.9992886219470435,-0.06421205365317262,387.39437684223697,45041.619047619046,9216.468554537581,-1437.3545454545451,6,3653.095565407508,1.6212521047496324,0.743,0.573,0.431,121.033,0.378,-9.666,0.328
Canopée,Polo & Pan,0,150,0.22950064679653734,-0.9994407784358301,-0.30017662571965265,357.1721257205002,18213.714285714286,1756.1532947205444,-178.45974025974022,0,1781.4349967091136,1.192387850626943,0.704,0.692,0.369,96.005,0.0942,-6.558,0.0304
Caraluna,Bacilos,0,38,-0.1291181063107223,-0.9999999999969282,-0.5005732011437656,442.25146238228183,7019.571428571428,11661.971958428972,-372.7597402597402,4,17876.627714630635,2.7588391739674596,0.759,0.773,0.895,102.789,0.175,-5.314,0.0672
Caribbean Rave,W&W,0,70,0.7793112177725886,-0.6685625860627274,0.07908602748414512,341.7132222930106,7185.476190476191,1561.0298682065973,108.55064935064927,19,1024.5234636161342,0.8394072749776524,0.603,0.903,0.67,127.944,0.0377,-1.539,0.0709
Carolina - En directo 2000,M-Clan,0,183,0.40755254006914216,0.04321849084129737,0.7831481363692078,228.88715548905134,31699.46153846154,5194.884726867747,1189.4340659340664,12,2583.1010903670717,1.0,0.649,0.9,0.86,123.978,0.146,-4.135,0.0306
Carrousel (feat. Indila),Amir,0,169,-0.004290549760115785,-0.9947727688649232,-0.29386318289458246,193.04578485911685,36804.90909090909,2135.8347082174796,-28.045454545453428,5,3190.662816720062,1.0,0.722,0.388,0.604,122.004,0.366,-8.569,0.0359
Carry Me Away,John Mayer,0,47,-0.1844223053420098,-0.9292802103375694,-0.6710178793545973,454.0107841108438,151840.76470588235,242673.55137170674,244.87745098039522,6,392916.9975940967,1.0,0.677,0.713,0.744,119.997,0.0117,-6.626,0.0288
Carry Me Home (feat. Jake Reese),KSHMR,0,43,-0.6125568280789092,0.5377165303752356,-0.07025839105045967,424.5476339049873,28524.333333333332,14636.501931597273,1480.8714285714286,14,8090.078820845938,0.35568601629926944,0.662,0.884,0.484,128.029,0.014,-4.104,0.0599
Carry On,XXXTENTACION,0,18,0.02935895475097249,-0.9745517142252688,-0.39193655377921033,570.7799324121648,145808.42857142858,280225.29111117026,-1430.8779220779204,17,409225.29594729055,0.9520348139631453,0.735,0.197,0.383,147.899,0.768,-13.378,0.537
Casa mais feliz da rua - Ao vivo,João Gustavo e Murilo,0,95,-0.44860610658767813,0.9591657219707376,0.11923538210692136,446.7102550275262,103412.47619047618,14413.670127179523,30.629870129870973,15,15649.921540058915,0.9277656821700675,0.565,0.719,0.624,160.004,0.25,-8.41,0.0509
Castaways,The Backyardigans,0,98,-0.8152636244327139,-0.30557096629078495,-0.901612672981781,317.64932476572636,181647.46153846153,100133.44858554077,-5719.038461538458,5,186338.10777505362,1.0,0.756,0.211,0.307,81.253,0.784,-17.646,0.409
Cat & Dog,TOMORROW X TOGETHER,0,47,-0.7701215566161324,-0.02540272582726516,-0.739286111688348,440.21096153562553,12761.857142857143,10960.743237250163,-83.25844155844177,6,18105.269880341468,1.0346127690215217,0.843,0.794,0.319,160.005,0.0637,-3.013,0.146
Celebration (Movie Edit) [feat. Toko Miura],RADWIMPS,0,123,-0.513800125247147,0.6706416656023216,0.024508644618429408,249.12849950657886,5901.882352941177,496.7516698042264,-51.16421568627435,7,459.63108508346124,1.0,0.511,0.923,0.765,152.034,0.142,-2.554,0.0867
Celebrity,IU,1,1,0.018340651171317585,-0.8928005395082775,-0.48069620908735283,547.6208763252167,75928.76190476191,154398.96576476484,7004.4961038961055,16,221632.70359152212,0.23816378317786863,0.73,0.784,0.673,99.995,0.191,-2.62,0.0691
Celebrity Killer (feat. Tion Wayne),Sidhu Moose Wala,0,35,-0.8276125892152242,0.9999999509477081,0.23329059553581233,274.5237210048539,58638.71428571428,16002.16063727722,-3378.470329670332,1,6893.784640859926,1.0,0.714,0.72,0.592,143.877,0.102,-4.722,0.136
Celoso,Lele Pons,1,7,-0.17875365942734553,-0.9396767069379109,-0.5837530751708636,467.57724003375887,15834.714285714286,21348.94574879598,180.88571428571407,19,34026.03958951879,0.9504554354303227,0.746,0.703,0.667,166.043,0.352,-4.179,0.107
Cennetten Cehenneme,Hidra,0,29,-0.05450512641311595,0.36700138498189594,0.3677222459738244,376.53184967503256,32584.47619047619,8375.476336810983,-1112.844155844156,0,2523.22445295697,1.5219601772597584,0.746,0.699,0.466,141.02,0.00242,-9.243,0.0705
Centuries,Fall Out Boy,0,132,0.844262799119207,-0.9985513442891764,0.0014645486837028842,363.39371053887305,3151.9523809523807,2663.8779014667516,24.220779220779217,10,1786.636012174836,0.5662994067339548,0.393,0.858,0.56,176.042,0.00359,-2.868,0.0729
"Cerveja, Sal E Limão - Ao Vivo",Matheus & Kauan,0,20,0.2680443244850236,-0.9999999999839871,-0.10210450841187464,466.3573539123948,214148.66666666666,38801.14886656166,-5335.603896103895,1,27382.419193891546,1.35900451125952,0.699,0.796,0.405,115.803,0.147,-4.852,0.048
Chal Bombay,DIVINE,0,20,0.3753419673541187,-0.9999999970732577,-0.21693995301283092,429.5863348664372,33485.23809523809,9637.250842457797,641.2207792207791,1,10421.30830690178,0.7578637071811449,0.862,0.619,0.512,95.036,0.0434,-6.645,0.318
"Chal Ghar Chalen (From ""Malang - Unleash The Madness"") [Mithoon feat. Arijit Singh]",Mithoon,0,11,0.8442902169066342,-0.9999997886503075,0.07002535302684755,417.1715795719595,64125.90476190476,8722.193749307196,538.4428571428571,7,6827.211668023777,0.9128978818026382,0.285,0.238,0.213,179.918,0.663,-9.623,0.0375
Champagne,Diljit Dosanjh,0,134,0.5106313222328028,-0.9999315062742229,-0.01802016315573514,369.8850057827095,49073.52380952381,3264.7152959666823,409.2610389610396,20,2262.906159676092,0.8861201179378081,0.757,0.588,0.344,84.968,0.252,-6.383,0.12
Champion,Fall Out Boy,0,51,0.0026643851669777624,-0.9176134778859311,-0.48451585401883807,538.4871901156395,46068.142857142855,120179.76832121745,-1276.409090909089,11,181407.02340141078,2.7541403206082262,0.31,0.905,0.309,187.796,0.000927,-4.109,0.253
Chandelier,Sia,0,77,-0.534045490826406,-0.18553846402758414,-0.6642804421736144,437.25214691551855,7959.761904761905,9660.46049333626,13.15584415584409,14,14518.004798439075,0.9167403127124405,0.399,0.787,0.572,117.089,0.0197,-2.88,0.0499
Chanel,Frank Ocean,0,31,-0.042344446108892084,-0.9478275669189248,-0.49579830036957195,546.4406926445145,58100.09523809524,151672.98734790762,-3884.1948051948016,11,228882.55913421517,7.075440717686923,0.776,0.503,0.473,110.134,0.874,-5.732,0.237
Channel Orange,Hov1,0,32,-0.9692275913466595,0.9441957124800742,0.15633078883859,434.1349855342502,45708.23809523809,14964.810516690597,-1941.9129870129884,0,10266.604319832337,1.8307706121349525,0.805,0.716,0.611,119.955,0.0419,-6.582,0.0791
Chantaje (feat. Maluma),Shakira,1,1,-0.1002520618008721,-0.9999999999099886,-0.3833469508633086,532.2784641319179,62617.09523809524,106663.13854279956,-2214.8675324675355,4,149864.00388872574,1.424430568156885,0.852,0.773,0.907,102.034,0.187,-2.921,0.0776
Chasing Cars,Snow Patrol,0,63,-0.5836691793285633,-0.9915805789868495,-0.7525170340981514,440.1763876369036,23751.95238095238,13847.379850066154,-572.8532467532466,2,24797.377326796075,1.274950577354299,0.56,0.595,0.144,104.011,0.199,-4.53,0.0274
Chasing Pavements,Adele,0,23,-0.43083752209665727,-0.7756507883252821,-0.703631932468993,477.601018826413,36947.19047619047,27613.35633627674,1110.1389610389608,20,46100.408909357844,0.6027436962612308,0.616,0.47,0.325,80.03,0.291,-6.092,0.0253
Chateau,Angus & Julia Stone,0,16,0.2316388961000988,-0.9858533461639218,-0.37952859245117004,417.54858173708305,23369.761904761905,6367.239110924892,195.78051948051916,18,8009.328519139417,0.916909220085715,0.656,0.592,0.582,130.003,0.655,-11.477,0.0381
Cheap Thrills,Sia,1,7,0.13386646025124876,0.5991008722662462,1.051603219129493,505.5145650416297,36482.42857142857,71692.56284970697,4453.049350649351,20,64477.850411963176,0.33486368790676846,0.628,0.698,0.732,89.976,0.0472,-5.608,0.105
Cheap Thrills (feat. Sean Paul),Sia,0,18,0.31700819024424987,-0.9036476645497798,-0.2917397213114937,438.4408037747541,9080.47619047619,10420.086137195602,-144.28831168831158,10,12842.537086864884,1.235777184129811,0.592,0.8,0.728,89.972,0.0561,-4.931,0.215
Cheating on You,Charlie Puth,1,5,-0.00652027394883037,-0.9005044440147353,-0.5024996601617118,511.3461282525666,19643.666666666668,61149.695905744935,-1181.2961038961037,7,91131.30127382139,1.2978004263948832,0.749,0.535,0.601,123.042,0.0131,-6.785,0.0336
Chelsea Dagger,The Fratellis,0,76,-0.22630908186363344,-0.9955044915203796,-0.5807317110613713,435.01806359113397,37182.142857142855,9872.338543269532,278.37402597402576,12,15906.230235665518,0.9459457441606098,0.498,0.738,0.589,154.556,0.014,-4.919,0.123
Cherry,Lana Del Rey,0,28,-0.03918727479525314,-0.922378489255813,-0.5188926861302715,557.3467465635707,87208.09523809524,193590.4457175864,1081.6961038961033,13,295532.86203971884,1.5369357287518366,0.355,0.533,0.347,121.292,0.0471,-9.493,0.0613
Chicken Noodle Soup (feat. Becky G),j-hope,1,8,-0.056985602485531146,-0.9290746964328939,-0.5257935592969528,506.9994096259972,28472.0,55064.43533326596,613.0285714285716,13,84331.82652075964,1.308898775554572,0.827,0.817,0.167,97.008,0.00496,-4.081,0.0953
Chidiya,Vilen,1,3,0.255549170904213,0.16356302381624307,0.6961691047834653,351.2013547097263,36030.71428571428,7794.741848823214,1242.3233766233768,20,1395.258681212914,0.6182943100148706,0.486,0.494,0.414,179.975,0.715,-8.56,0.0324
Children Song,Endy Chow,0,115,-0.999957779089965,0.9956205378961017,-0.1730299081793183,263.22313423992586,2171.5714285714284,172.83065519215523,17.876623376623378,18,151.65005769863723,0.8769587220291446,0.462,0.554,0.48,158.057,0.312,-5.922,0.029
Chiquitita,ABBA,0,54,-0.05871474603447477,-0.5907214543770415,-0.4441629936310874,455.7821290334981,13068.42857142857,15895.968076906824,444.5142857142859,14,20572.959115304733,0.4445205124215549,0.5,0.554,0.372,84.229,0.734,-8.108,0.0354
Chithiyaan,Karan Aujla,0,11,-0.057154665539098364,-0.9999896903520571,-0.26589350031726533,413.77517979217527,99347.47619047618,13731.281109790878,-2072.3207792207772,1,7890.329860658552,1.3502383333505168,0.623,0.638,0.659,84.019,0.322,-6.315,0.0592
Chitta,Manan Bhardwaj,1,8,0.010973021688243566,0.19362602900042988,0.2808930221673404,462.3188474772333,160996.19047619047,66687.3366636954,9249.888311688312,14,20949.87888413678,0.36685977299108974,0.412,0.494,0.496,169.93,0.706,-9.282,0.0536
Chlorine,Twenty One Pilots,1,8,0.11572145568119108,-0.8914195548226996,-0.41690917011467027,542.9800254825846,48313.142857142855,135005.82700556217,3713.406493506493,15,189889.04426713908,0.19442158161483983,0.609,0.674,0.315,90.009,0.0735,-7.388,0.0548
Chocolate,The 1975,0,82,-0.1759679253828234,-0.39407383053201095,-0.47929309790055924,443.5336764764465,30444.95238095238,12044.634780587263,110.57012987012932,20,14827.755823454876,0.9785210399519038,0.614,0.938,0.607,100.058,0.000532,-4.461,0.0611
Choo Lo,The Local Train,0,126,-0.739895488479404,-0.9999983487859306,-0.20107333850549372,165.6120554422711,7054.7,1398.1740986014581,22.042424242424453,1,2014.4189371431623,1.0,0.512,0.695,0.351,145.957,0.0265,-6.349,0.0271
Chop Suey!,System Of A Down,0,67,-0.9586619959090263,0.6218061511995295,-0.7659586254673553,316.8144897772706,2127.190476190476,521.893404464535,1.5493506493506917,12,718.4684405038262,1.0677568380142262,0.417,0.934,0.287,127.066,0.000278,-3.908,0.119
Christmas (Baby Please Come Home),ROZES,0,83,0.04306601466316377,-0.8636694816629783,-0.3923147525833264,477.54446189120637,17889.285714285714,26620.44215249923,1091.2623376623376,15,37859.42524378837,0.34859765336733495,0.507,0.616,0.353,65.372,0.744,-4.746,0.0376
Christmas All Over Again,Tom Petty and the Heartbreakers,0,32,-0.0965046628065622,-0.9999999352057144,-0.503075715866112,458.38725057928957,11946.095238095239,17074.551698513653,-177.1999999999998,2,26244.5854687686,0.865823619365059,0.44,0.838,0.619,138.908,0.0956,-6.196,0.0423
Christmas EveL,Stray Kids,0,12,-0.26220921523529633,-0.9614944244052726,-0.7111633621110762,457.3969111378322,12871.619047619048,17095.180410965153,261.3805194805195,12,28083.70800709016,0.8057646805764681,0.878,0.777,0.878,139.989,0.0437,-3.702,0.163
Christmas In My Heart,Sarah Connor,0,57,-0.1722983751140494,-0.8793446632331913,-0.519036103932618,507.8069162623086,33586.90476190476,55755.98029159423,1201.2142857142858,14,88615.75038077317,0.47899494949494953,0.649,0.517,0.185,119.968,0.54,-5.227,0.0273
Christmas Lights,Coldplay,1,8,0.15982945738719925,-0.8887665613730843,-0.25808501718139343,434.9655575521171,12608.047619047618,9439.941764732554,-170.70259740259712,10,12859.20984149104,1.4565315315315315,0.315,0.418,0.237,129.116,0.131,-9.146,0.0299
"Christmas Medley: Jingle Bells Rock / Let It Snow, Let It Snow, Let It Snow / It's The Most Wonderful Time Of The Year",Il Volo,0,25,0.22043017554607167,-0.825546232313011,-0.31928849517190755,401.29499781787774,47947.11111111111,28780.433791203992,3693.217750257998,12,28901.06559211722,1.0,0.427,0.587,0.579,130.144,0.642,-5.527,0.033
Christmas Time,Bryan Adams,1,10,0.2179681310590794,-0.8890439675927474,-0.2589983259003839,464.83041038894396,20872.95238095238,20433.980127593237,1439.5857142857142,18,25437.84957420733,0.42727482542630335,0.503,0.582,0.326,77.321,0.472,-4.324,0.0253
Christmas Time,The Platters,0,56,-0.15175378184226035,-0.8377829801920795,-0.8149425105346308,530.8785604718031,38931.619047619046,102775.4239010735,4554.583116883116,19,158251.81901952976,0.10468761903645665,0.299,0.377,0.378,69.272,0.859,-7.425,0.0283
Christmas Time Is Here,Brett Eldredge,0,92,0.3323752859032236,-0.9084787169448629,-0.1749231923745719,511.98989364587516,30225.761904761905,66405.63092224489,3570.5181818181813,17,80524.32492475488,0.1926783992387846,0.322,0.301,0.234,74.518,0.921,-11.993,0.0325
Christmas Time Is Here - Vocal,Vince Guaraldi Trio,1,6,0.42890190465000505,-0.8444735505947786,-0.14255758642223323,546.9217209514047,168268.80952380953,150490.00219936113,-2640.8272727272692,20,185728.22322966292,1.1394371321493426,0.375,0.139,0.0878,75.993,0.977,-19.789,0.0324
Christmas Without You,Ava Max,0,25,-0.17494035009372952,-0.8222050996682193,-0.5403828021909136,495.0582579711868,29131.47619047619,42499.70642657042,2224.019480519481,17,64521.768793253024,0.1836292744886751,0.654,0.596,0.382,118.078,0.424,-4.68,0.0458
Christmas Without You,OneRepublic,0,58,-0.2884487964403052,-0.8765017669181927,-0.6680181561329366,501.98296654725027,34306.0,52648.488557873825,2665.784415584415,17,84166.8936268293,0.40569923981823586,0.262,0.677,0.365,207.478,0.447,-5.645,0.0528
Chupadinha,Os Barões Da Pisadinha,0,62,-0.7687382979054832,0.9999999953030729,0.11398414915602188,449.82476665873094,89877.33333333333,18415.741605726576,-1360.6012987012973,0,15463.730599292656,1.1804527428083464,0.724,0.844,0.967,172.096,0.646,-6.39,0.0402
Chá De Casa Nova - Ao Vivo,Henrique & Juliano,0,58,-0.39938557053654933,0.7787851949395247,0.27978626145015145,468.1417026216814,203795.85714285713,39603.85522754513,-4953.811688311686,0,25477.733191946256,1.3373402524606999,0.55,0.695,0.602,77.824,0.492,-3.86,0.123
Ciao Adios,Anne-Marie,1,5,0.03547893428851496,-0.9062436745859191,-0.4705387972569876,536.0507315529951,39314.666666666664,113457.93086272459,1852.1311688311696,13,165715.92751346354,0.9746516760932542,0.694,0.853,0.501,106.098,0.136,-3.986,0.0934
Cicatrices,Natos y Waor,0,23,0.17900347393637833,0.10914218442814626,0.2070524318713486,398.7825078601337,29232.904761904763,5380.93704801861,-357.41168831168835,0,4352.807736392684,1.0977036588894442,0.713,0.647,0.281,120.036,0.728,-8.314,0.346
Cielo De Un Solo Color,No Te Va Gustar,1,1,0.2557364061970573,-0.9949201497526271,-0.36286654598914414,373.15924066129315,3195.7619047619046,2531.1761411637026,237.79610389610397,16,2675.370319694079,0.3331373501367622,0.603,0.715,0.564,95.016,0.04,-7.254,0.037
Cigarette Daydreams,Cage The Elephant,0,108,0.823295440597701,-0.9999999978376102,0.028009825697985075,491.79482024659524,188127.2380952381,76374.34080513888,8387.451948051948,20,44278.4641812473,0.5391233454398836,0.636,0.676,0.273,113.98,0.0807,-3.442,0.0263
Clash,Diljit Dosanjh,1,3,0.6291022178810367,-0.9999999935078752,-0.1871212953444131,448.2598550492379,85636.61904761905,16608.006495652546,248.05584415584352,1,15626.424620734584,0.9398950034334319,0.693,0.593,0.688,165.924,0.0187,-8.506,0.217
Classic,MKTO,0,58,-0.36454215066470314,-0.9811049239425438,-0.6788485035636429,418.58472116869154,7039.285714285715,6864.030421891577,-350.84675324675334,9,10271.729355858244,1.5480925518692035,0.72,0.791,0.756,102.071,0.0384,-4.689,0.124
Cliente Preferencial (Um Modão Atrás Do Outro) - Ao Vivo,George Henrique & Rodrigo,0,69,0.466393121615786,-0.9747838722549138,0.0993663347000336,442.071529739621,84713.19047619047,12942.869140293678,706.8714285714309,16,13860.336537310342,0.8434276991051594,0.798,0.694,0.747,145.902,0.435,-5.396,0.186
Clima Tropical,Dani Fernández,0,53,0.43354185922680655,-0.9988499106069846,-0.004525968582131962,396.5388880926539,53745.619047619046,10257.86385669523,1559.5779220779214,20,4544.217304443087,0.636703011239132,0.581,0.839,0.413,146.928,0.121,-5.968,0.0517
Clint Eastwood,Gorillaz,0,49,-0.5964302160692195,-0.4908927405453053,-0.5430610437888774,424.5672666390293,3979.0476190476193,8355.221894270335,-576.137662337662,1,12340.770626160265,6.750517711171661,0.663,0.694,0.525,167.953,0.0253,-8.627,0.171
Clock Strikes,ONE OK ROCK,0,59,-0.47739771064244196,0.13418928863791138,-0.2809324161903204,270.741744942319,1772.142857142857,262.1392370322244,31.305194805194798,11,183.97717249702475,0.7909823828008361,0.488,0.921,0.231,95.934,0.00113,-4.729,0.061
Close To Me (with Diplo) (feat. Swae Lee),Ellie Goulding,1,7,0.15627773016575197,-0.8869210166531498,-0.44331352787496736,544.1105300556331,54446.09523809524,139930.39335187327,4365.423376623376,15,191454.42283318372,0.16701585886870596,0.575,0.758,0.493,144.107,0.0954,-5.029,0.0618
Clothes Off (Nanana),Darius & Finlay,0,56,0.3675211736061341,-0.8297884836896966,-0.2708707694568413,387.16050700491877,71925.83333333333,14488.855357940922,-306.11248710010375,8,18325.295923345977,1.0,0.625,0.741,0.212,105.979,0.00918,-6.818,0.0489
Cloud 9,Beach Bunny,0,22,-0.008920932768996522,-0.9419940888875291,-0.3716506658832477,532.8291245345189,73765.80952380953,105860.34296797386,-530.5805194805175,10,158240.21112387173,1.3522075524533546,0.637,0.929,0.902,80.974,0.00167,-3.593,0.0491
Cobertor de Orelha - Ao Vivo,Turma do Pagode,0,72,0.041395980616074184,-0.44925868430247307,-0.3574153803314318,438.46240273448785,72979.19047619047,15754.60016454468,1720.879220779222,16,12344.637635325713,0.697926270092036,0.6,0.85,0.907,80.09,0.773,-6.652,0.0422
Cochise,Audioslave,0,90,-0.0695390685480157,-0.9034958194635735,-0.4831427197265594,405.32868786403526,53245.75,118203.99009313306,-3599.829411764705,5,182836.42122606633,1.0,0.452,0.873,0.433,80.473,0.000519,-4.867,0.0613
Coco Jamboo,Mr. President,0,102,-0.22498424698046635,-0.7676719985026083,-0.6309838563095225,269.4324623483319,20165.083333333332,29075.637838971918,2373.7587412587404,8,47421.495653865524,1.0,0.832,0.838,0.965,100.021,0.0791,-5.414,0.0421
Cold Little Heart - Radio Edit,Michael Kiwanuka,0,106,-0.00742587483795128,-0.9918295565341921,-0.4817157958558938,418.505170722615,5595.333333333333,6323.288560727103,-138.52857142857147,7,9297.214204265705,1.0616280691964286,0.629,0.58,0.655,110.264,0.357,-6.208,0.0278
Colgando en tus manos (con Marta Sánchez),Carlos Baute,0,107,-0.6165287859987284,-0.28733398498251445,-0.7426915110794937,364.40194896466926,7022.571428571428,2257.8262316921127,-208.71428571428558,18,2786.0122805723595,1.5014078405891274,0.836,0.637,0.875,120.025,0.535,-4.803,0.0367
Collide - Acoustic Version,Howie Day,0,77,-0.6132268496942521,0.999655907667362,0.05730070394494886,383.19488133301013,24028.47619047619,2950.9980816673765,174.2285714285712,18,3092.9601371501703,0.9151053262544956,0.582,0.253,0.294,90.186,0.827,-11.43,0.0259
Collision,Still Fresh,0,157,-0.1206082706899709,-0.999294072448922,-0.6003994204252279,356.8760128933634,19554.04761904762,1720.3807849867057,176.3532467532472,20,1915.3157304998047,0.8950572091953061,0.775,0.568,0.478,99.942,0.414,-8.456,0.0644
Come,Jain,0,110,-0.6308443537957096,-0.29325231235271915,-0.7412186552593205,395.45357198389803,14737.0,3992.804635484042,177.37532467532466,12,5961.779226036469,0.8030546237468642,0.818,0.783,0.819,99.992,0.232,-6.534,0.0444
Come Around Me,Justin Bieber,0,19,0.1263379291980042,-0.8998874999593391,-0.4129970745990754,557.4422743551092,65817.71428571429,194029.47543611407,4915.925974025972,15,271646.11851769115,0.18160329028853497,0.648,0.681,0.766,157.944,0.263,-8.389,0.0379
Come Closer (feat. Drake),WizKid,0,56,0.0018768991061572072,-0.9999999513135038,-0.4351625748543191,537.8582441082222,63002.857142857145,118287.48368770919,-1003.12987012987,4,172933.9095012528,1.5818007069900792,0.825,0.453,0.496,99.974,0.127,-7.429,0.227
Come Give Me Love,Ted Gärdestad,0,122,0.31910797849164857,-0.9988233154483968,-0.21671005069068175,196.5482166603468,17413.0,1295.2803428859202,-186.90209790209747,8,1409.7798257262702,1.0,0.386,0.604,0.704,144.084,0.0916,-6.751,0.0273
Come On Eileen,Dexys Midnight Runners,0,83,0.06102099949906336,-0.9315920693540809,-0.526809654483444,496.89215016013105,32633.333333333332,43384.995889333215,1161.6194805194814,13,63283.41182853529,0.7736783806394624,0.45,0.656,0.782,106.61,0.664,-7.049,0.0472
Comfortably Numb,Pink Floyd,0,42,0.37709171242008627,-0.3050884068484527,0.057162897718134535,336.7758360841225,3521.6666666666665,1339.9794715319276,84.86233766233764,13,901.1055986952916,0.67650861315909,0.472,0.366,0.171,127.163,0.15,-12.595,0.0286
Coming for You (feat. A1 x J1),SwitchOTR,1,6,0.2720135191448859,-0.9848594242927691,-0.23107658296306569,493.13418568233084,30197.428571428572,41777.894057311525,-64.05844155844122,12,53322.04961390269,1.3823014440433212,0.813,0.481,0.842,140.122,0.217,-6.71,0.231
Como Antes,Rels B,0,46,0.3294786151693011,-0.9328837732392345,-0.3808603618001234,506.6609809406775,44340.95238095238,56934.95369736892,-569.7454545454539,5,71295.28282395337,1.0060815713955866,0.74,0.428,0.281,84.739,0.644,-8.458,0.0959
Como Camarón,Estopa,0,125,0.4160003918338538,-0.9978041122523942,0.00985691983596561,365.37198568784305,29571.285714285714,1863.5598842475845,78.61688311688354,12,2071.391727196959,0.9889774288135759,0.499,0.721,0.843,140.4,0.216,-9.615,0.0564
Como Si Fueras a Morir Mañana,Leiva,0,79,-0.23791101648788351,0.9966057997487221,0.17534728601541233,409.37094880437746,44967.09523809524,6724.029686804256,-416.0558441558437,0,6670.896224646281,1.1763502621276363,0.46,0.816,0.373,143.892,0.00144,-6.576,0.0427
Como Tú,Luciano Pereyra,0,74,0.07304576879768963,-0.9997780948508939,-0.11371323046178418,360.4699407464911,17596.190476190477,1476.6322564747386,-20.13116883116873,0,1974.8226622914779,1.027840269966254,0.705,0.86,0.952,93.519,0.102,-4.684,0.0576
"Comptine d'un autre été, l'après-midi",Yann Tiersen,0,111,-0.6288144939622616,-0.9987227183676444,-0.7579788671535816,346.97911350393906,3840.904761904762,1342.812042471282,-18.86883116883115,4,2457.0338718666458,1.0298253572238603,0.483,0.192,0.0542,100.848,0.991,-15.378,0.0469
Con La Miel En Los Labios,Aitana,1,4,-0.9999981986786062,0.9998967242697986,-0.2717947177349659,514.38022557925,155957.57142857142,60944.544712754214,-5835.229870129869,1,72947.98064230429,1.7605706014771443,0.662,0.331,0.432,113.779,0.869,-8.35,0.0407
Con la misma moneda,Josimar y Su Yambú,0,137,0.07103657041445524,-0.9998055233230142,-0.40236683928312644,313.434863031206,6468.619047619048,463.96135678477486,15.489610389610442,1,650.3796026168103,0.9403219220768058,0.536,0.665,0.453,88.76,0.287,-6.138,0.0386
Conheço Meu Gado - Ao Vivo,Henrique & Juliano,0,51,-0.5808627415518388,0.9999999993613733,0.25166083417027324,454.94862059128917,139554.2857142857,39804.576896612874,-5772.359740259739,0,18275.047932290083,1.6890501032496468,0.405,0.765,0.679,157.943,0.585,-5.163,0.1
Connection,OneRepublic,0,17,-0.04277544409850315,-0.9109160918771585,-0.4866163049811728,547.9739225452845,53789.09523809524,157552.6533729219,5035.866233766234,18,236491.06146216183,0.38439049127055586,0.611,0.602,0.624,168.154,0.000837,-4.89,0.0437
Consórcio - Ao Vivo,Matheus & Kauan,0,59,-0.1318818932630548,-0.4880370897633618,-0.393007394295649,441.0428569847603,93597.28571428571,21349.024806863705,-3033.718181818179,1,13203.275000071004,1.5452328217132358,0.631,0.807,0.45,114.924,0.27,-5.857,0.0545
Control,Zoe Wees,0,20,-0.4158417638209255,-0.9137739969135373,-0.7487276607436562,487.06852017606593,46876.09523809524,38139.7113616875,-1917.0987012987005,18,63754.625521604314,1.8004242355861448,0.599,0.465,0.0678,113.82,0.643,-4.95,0.0314
Cool Girl,Tove Lo,0,64,0.028849084217949107,-0.9101810408079449,-0.5275699691059166,517.6798259395468,24358.095238095237,71983.79371239769,-153.75714285714278,10,105502.85449361074,1.018065775245932,0.674,0.694,0.203,101.993,0.313,-7.076,0.109
Cooler Than Me,Lucky Luke,0,15,-0.3618497147723498,-0.6599534519793487,-0.6601317881473079,469.4693257214335,17106.85714285714,22594.083530841413,390.68571428571437,13,36694.22747940062,0.7438451810794813,0.889,0.716,0.296,128.022,0.0595,-6.146,0.0708
Copenhague,Vetusta Morla,0,109,0.5458192906844062,-0.99349526490919,-0.06537904412451587,336.18020171652176,38818.055555555555,4124.0750945881755,-288.50051599587164,7,4061.8893612937077,1.0,0.559,0.742,0.482,92.959,0.411,-3.945,0.0243
Corazón (feat. Nego do Borel),Maluma,0,18,-0.057986722810793645,-0.9121532122340387,-0.5049690595300595,558.1332566647375,84046.38095238095,197418.38963781518,1451.006493506494,11,303891.0090646439,0.8271728957384414,0.722,0.738,0.748,198.075,0.328,-6.073,0.247
Corazón partío,Alejandro Sanz,0,142,0.38498456076418214,-0.9395848002418052,-0.06029008500934294,406.20487231697865,4862.285714285715,5485.654062169426,-428.8545454545454,7,5645.828657292036,3.3311305846861083,0.648,0.846,0.815,160.075,0.199,-6.731,0.0424
Coronavirus,iMarkkeyz,0,77,-0.06483171064294357,-0.9999823395535754,-0.3375149970998064,183.058922253523,2049.6923076923076,467.3006583832766,-93.90659340659334,3,481.71835795295254,1.0,0.717,0.831,0.821,83.986,0.000898,-3.878,0.203
Could I Love You Any More (feat. Jason Mraz),Reneé Dominique,0,40,-0.999330760394278,0.9996225174778126,-0.049789981805988884,410.6361182645981,47805.0,6337.611379691879,443.56233766233765,7,5692.597731045115,0.9073199117580641,0.288,0.371,0.197,52.572,0.666,-8.001,0.0386
Could You Be Loved,Bob Marley & The Wailers,0,107,-0.4340393422661823,-0.5810115116848164,-0.6606263652134826,278.9655461372866,2106.809523809524,259.72469289571455,26.937662337662356,14,310.37623942563647,0.8041737595359688,0.916,0.72,0.76,103.312,0.36,-8.548,0.1
Counting Stars,OneRepublic,0,31,0.03463350711577446,-0.9999965492470908,-0.4223839506214812,424.01880437548766,4928.523809523809,7221.934588585947,-96.69480519480511,13,10446.113686917251,2.0812156415309615,0.664,0.705,0.477,122.016,0.0654,-4.972,0.0382
Country Again,Thomas Rhett,0,104,-0.9979334108026434,0.09341422222996607,-0.9703737484055112,278.1371182812267,125754.84615384616,101086.41106715516,-3205.8846153846043,1,200780.4879465521,1.0,0.467,0.481,0.248,147.886,0.227,-6.947,0.0255
Cozy Little Christmas,Katy Perry,0,27,-0.03731297318406072,-0.8437910735973293,-0.43329672899351906,469.84879688808826,17898.714285714286,20639.134187596275,23.72987012987058,8,30874.030785556653,0.6843670312354391,0.775,0.608,0.56,137.494,0.128,-6.264,0.128
Cradles,Sub Urban,0,46,-0.103555205439586,0.23848817752064835,0.2464270557456113,332.3586598654732,10271.761904761905,2697.556458736788,409.11038961038963,15,811.8176072862673,0.5303181077564053,0.537,0.586,0.624,79.056,0.265,-1.864,0.314
Crawling,Linkin Park,0,15,-0.986108423681072,-0.03541526572641533,-0.6756582773954284,567.3762790243021,44099.333333333336,101873.61307748106,-6720.470129870124,1,157220.5245648608,6.161890979257115,0.58,0.702,0.299,105.076,0.0466,-5.565,0.0337
Crazy,Gnarls Barkley,0,29,-0.7077012727430314,-0.9984526418616705,-0.8755059097772624,399.7879517773044,11304.333333333334,5512.104552997394,-106.6012987012986,19,10236.338849779251,1.0863280616129716,0.855,0.587,0.64,111.97,0.0505,-4.589,0.0336
Crazy Over You,BLACKPINK,1,4,-0.012652898596026297,-0.9307211642352291,-0.4634938744592528,531.1536602141498,55535.380952380954,99939.83364789619,-1042.533766233764,8,150426.25151295902,0.9021313081822635,0.805,0.66,0.617,114.954,0.0367,-5.342,0.0582
Creep,Radiohead,0,63,-0.43020940558904597,-0.5526955928286054,-0.6525256114466523,459.1528331442928,17119.14285714286,18334.93982299711,-489.5922077922077,7,28435.882112394545,1.8548946385702854,0.515,0.43,0.104,91.844,0.0097,-9.935,0.0372
Cry Alone,Lil Peep,0,12,0.9970391632516867,-0.9999999999999963,-0.4405640503591677,543.1039257216403,35009.857142857145,103107.12218311765,-5590.331168831167,2,146695.3638860138,11.193930355410213,0.637,0.856,0.285,160.068,0.0366,-5.649,0.0337
Cry Baby,Official HIGE DANdism,1,3,-0.999992769278437,0.999022058365647,0.09784517297540882,461.137081056375,147842.47619047618,32319.119269322164,3325.1051948051945,17,20345.367218607775,0.7562005068797081,0.318,0.902,0.437,199.844,0.0116,-4.605,0.131
Cry Your Heart Out,Adele,1,7,-0.1247805472426414,-0.9383793144218097,-0.6770059294867036,499.7396386985815,38525.76190476191,47888.55246835865,-769.6662337662342,5,74888.85525662347,1.6350755335398606,0.756,0.713,0.59,125.064,0.523,-6.917,0.102
Crystal Snow,BTS,0,27,-0.07181067934286758,-0.9673162215953826,-0.4583221335677948,436.08746158338704,10696.333333333334,9767.38281625969,-91.23896103896107,2,14852.15860902044,1.2406185429580752,0.618,0.766,0.448,113.997,0.117,-4.507,0.0323
Cuando Nadie Ve,Morat,1,10,-0.15814779423322728,-0.9034384835298992,-0.5414742838091305,500.0758316983858,25792.666666666668,45751.517438621726,84.95714285714303,14,72890.28428280068,0.9465392215166805,0.804,0.788,0.837,96.007,0.118,-4.586,0.0598
Cuando Pase El Temblor - Remasterizado 2007,Soda Stereo,0,116,-0.22191166603809687,-0.9941833116741479,-0.6971395440696481,384.8312908791452,12436.952380952382,2771.0966279691424,-29.779220779220733,3,4418.211160639563,1.0030662417731637,0.592,0.922,0.346,99.146,0.00808,-8.211,0.032
Cuando Tú Quieras,J Balvin,0,47,-0.3199147935654344,-0.5529158755158298,-0.6621516226331275,546.5385225648176,58320.142857142855,151840.3499542124,-962.1714285714264,10,230833.31653567692,1.2086164988342678,0.696,0.668,0.761,184.332,0.361,-5.063,0.199
Cómo Te Atreves,Morat,0,20,-0.05174739212223682,-0.960242537794445,-0.35033296880813786,479.9357646550345,50703.333333333336,29666.86120000425,1286.100000000001,13,43512.58147165599,0.6667583250669449,0.62,0.891,0.777,130.984,0.0722,-4.446,0.0415
Cúrame,Rauw Alejandro,1,2,0.2077072657497133,-0.9068918529381882,-0.24135893694543367,482.29262676168975,21570.761904761905,28993.206921794237,-375.2038961038956,5,39363.23251715997,2.1750603152621957,0.765,0.625,0.262,102.101,0.584,-3.599,0.0548
C’est moi,Koba LaD,0,29,-0.9999989045448568,0.9997354831624584,-0.27395209834672934,439.14082631926976,52851.05263157895,29554.812381268246,-2916.512280701754,1,37737.34811210177,1.0,0.824,0.716,0.506,130.035,0.152,-4.909,0.136
D Rose,Lil Pump,0,67,-0.04586366923370104,0.7186784669779552,0.34264019689494185,420.49367353526435,170520.33333333334,11584.102235528422,1097.840259740258,14,8594.515009586055,0.9003125543475611,0.781,0.553,0.308,121.968,0.201,-4.277,0.0735
DDU-DU DDU-DU,BLACKPINK,1,1,-0.12321026765875252,-0.9999996992049361,-0.5131954330580205,505.4015523552407,35559.28571428572,53840.72146543327,-487.5714285714279,3,83651.84416735831,1.2152548843970954,0.671,0.859,0.39,139.931,0.0313,-3.922,0.0833
DEUTSCHLAND,Rammstein,1,2,-0.12840891870455845,-0.9993457736437555,-0.5499901184054454,486.51631806103904,26621.95238095238,34561.99318888031,-287.16493506493435,4,53609.32097114736,1.104711054853457,0.521,0.895,0.237,120.117,5.54e-05,-5.242,0.0442
Deutschland,Rammstein,0,112,0.224970339919054,-0.9990052283653488,-0.0784090462052107,333.73881615705443,6598.238095238095,791.1540639056765,-31.12987012987003,4,981.9202246109405,1.0609791328696194,0.521,0.895,0.237,120.117,5.54e-05,-5.242,0.0442
DIAMANT,Rammstein,0,15,0.35914722509786984,-0.9322520910153705,-0.24577067246395606,548.0078938771771,58997.95238095238,162989.96919719476,1252.0272727272734,11,197641.67061155778,2.559116534095297,0.347,0.272,0.122,140.506,0.813,-11.841,0.0375
DNA,BTS,1,1,-0.11146434996088024,-0.7713035434840181,-0.9423887835596968,513.8210581248511,32376.238095238095,67738.82420205302,3697.4649350649347,19,97627.83857952608,0.254584129826631,0.599,0.775,0.696,129.817,0.0217,-4.018,0.0543
DOMINO,Stray Kids,1,8,-0.06418912402960618,-0.8724808835226373,-0.5351753397319585,552.1701165490288,52673.23809523809,170940.82828664503,6776.897402597405,16,257149.17357685594,0.05770637402898451,0.687,0.866,0.696,160.066,0.0301,-2.01,0.0466
DUMB DUMB,JEON SOMI,0,21,-0.18846610459798133,-0.9999999237686066,-0.44798582459511144,434.430343866834,11079.42857142857,9745.485018453312,-383.46363636363645,1,14883.751242210414,1.9770817574060067,0.853,0.748,0.383,103.045,0.0177,-6.218,0.049
DUN DUN,EVERGLOW,0,18,-0.2752773120509382,-0.9115744987755734,-0.5469632141149846,464.88272446143145,21507.095238095237,20296.736406448068,1070.8999999999999,18,32437.39064147269,0.5549676828919522,0.692,0.881,0.432,103.053,0.0457,-2.563,0.0461
Daddy Issues,The Neighbourhood,0,17,-0.345713459851919,-0.9963445480049765,-0.6647713402055989,304.8566171686496,1647.857142857143,443.7689537966142,35.0909090909091,18,661.0729517231815,0.7800330777326717,0.588,0.521,0.337,85.012,0.0678,-9.461,0.0329
Daisy,Ashnikko,0,12,0.295243042522491,-0.9767742711466489,-0.20207060457953735,522.4384044287715,66434.57142857143,87114.51729521452,-3123.0961038961022,11,110551.9769861557,6.510311993517018,0.834,0.663,0.774,121.876,0.235,-6.143,0.133
Dale Don Dale,Don Omar,0,76,0.38167530318782,-0.9995681583360656,-0.21333401060695587,315.39650371505303,2346.714285714286,725.8851504891667,84.64025974025978,15,607.5193741766594,0.5969721401057063,0.831,0.818,0.819,95.022,0.0245,-7.827,0.0824
Damn,Hov1,0,29,0.7324333677649617,-0.999977052718839,0.16692218968301287,438.87338082162046,62693.23809523809,16770.553771430852,-1566.176623376623,0,12009.644018350418,1.4242139128323419,0.777,0.645,0.744,95.039,0.174,-6.741,0.0851
Dance Again,Selena Gomez,0,15,0.17381838331147909,-0.9999999949315599,-0.31239469604410375,468.897403967576,13935.52380952381,21718.31902777676,-504.04675324675327,4,28976.923924521387,2.543063104484474,0.784,0.552,0.464,111.984,0.0447,-7.261,0.0874
Dance Macabre,Ghost,0,43,-0.5511973886347867,-0.9859291991426299,-0.7286552017381142,431.66040698266966,16430.285714285714,10904.357307944369,-568.6025974025972,1,18506.004151288304,1.499184809733483,0.619,0.696,0.727,125.986,1.89e-05,-6.269,0.0315
Dance The Night Away,TWICE,1,8,0.1642729104176467,-0.9879881224472445,-0.37655676890872747,436.4434873646382,12595.52380952381,9956.690402600787,-100.49870129870104,17,13362.654975247247,1.250133790003211,0.709,0.861,0.779,118.089,0.106,-2.905,0.0941
Dancin (feat. Luvli) - Krono Remix,Aaron Smith,1,7,0.5121812879612432,-0.9967358136368405,-0.01571788268129346,411.86678692329457,87888.38095238095,13228.17223265482,1954.6363636363633,17,6350.39971970269,0.7320411825451016,0.72,0.741,0.357,119.896,0.101,-6.529,0.0287
Dancing In The Moonlight (feat. NEIMY),Jubël,0,20,0.35593783590686906,-0.9231480654572125,-0.29319943093878875,464.62510516460463,12060.619047619048,20206.51727131194,-300.82857142857137,8,24411.407451179457,1.1216680253958844,0.659,0.615,0.193,119.843,0.27,-5.865,0.0644
Dancing in the Moonlight (feat. NEIMY),Jubël,1,5,-0.9503986065936603,0.04835927902759009,-1.121337749971161,428.47779876150804,21807.095238095237,14636.548776476231,1360.748051948052,20,18033.073633951037,0.4885346756152126,0.659,0.615,0.193,119.843,0.27,-5.865,0.0644
Dancing In the Dark,Bruce Springsteen,0,128,-0.14163581403321285,-0.999301492006358,-0.5556120103316531,357.9454261951323,6811.428571428572,1392.3739430479557,-6.457142857142806,15,2144.0074766660678,1.0317031828740033,0.527,0.942,0.495,148.723,0.0115,-5.64,0.0366
Dancing Queen,ABBA,0,18,0.2473828472620898,-0.9423278716253264,-0.2642658322861428,471.9187245888811,21268.095238095237,23762.97865108417,-236.29870129870102,7,31033.9372068708,0.980326407926834,0.543,0.87,0.754,100.804,0.358,-6.514,0.0428
Dancing With The Devil,Demi Lovato,0,61,-0.15537513159667338,-0.5466451319812269,-0.46607943416047165,575.2116173914131,139707.09523809524,292792.1815165648,-381.9454545454527,20,394715.34080033866,1.4897815136540198,0.392,0.642,0.129,75.279,0.269,-5.813,0.0431
Dancing With Your Ghost,Sasha Alex Sloan,0,76,-0.04993545762415075,-0.9991626652073808,-0.29593112406298533,372.5065099287423,6584.0952380952385,1998.8474037081114,-36.294805194805164,0,2899.4281483596037,1.0061442057291667,0.629,0.328,0.389,74.953,0.768,-8.284,0.029
Dancing in My Room,347aidan,0,49,0.011366117114576975,-0.9555906062220105,-0.3441416144725088,529.2611599193247,59599.28571428572,98282.25243467232,-1354.861038961039,18,144590.4253729392,1.6417182824135292,0.98,0.413,0.764,119.993,0.671,-11.052,0.101
Dancing in the Moonlight,Toploader,0,37,-0.19932658100764897,-0.9100394951826993,-0.5397479580070907,474.2789536451362,26057.619047619046,25188.66714838278,110.7129870129876,15,39764.65623439992,0.7889972272718926,0.632,0.856,0.867,119.397,0.0624,-3.463,0.0348
Dandelions,Ruth B.,1,7,-0.7781915296238573,0.9999779442957785,0.13891628781470644,375.904505274326,38121.76190476191,3182.396714439066,18.14545454545464,6,2429.5961516268503,1.0308725041031106,0.609,0.692,0.454,116.959,0.0157,-2.958,0.0259
Danger,BTS,1,5,0.08158582242452869,-0.9999999956027558,-0.5030432725275137,200.75264227860663,9609.6,9083.409097910322,212.40000000000035,3,13428.059800283881,1.0,0.738,0.868,0.377,111.991,0.000907,-3.363,0.0702
Dangerous Night,Thirty Seconds To Mars,0,35,-0.02330800247298773,-0.9993560929535172,-0.4390120881747797,452.9185139137744,8733.238095238095,14911.32735270409,-270.9883116883118,12,22162.138979067433,4.021378874130298,0.295,0.715,0.242,86.937,0.00212,-6.533,0.0709
Dariya,Arko,0,56,-0.41808045736295196,0.7816018248480976,0.04778141077375138,403.7026621753841,73550.33333333333,5487.999811999627,260.46363636363566,20,5087.795981316468,0.9735934594307238,0.581,0.424,0.352,98.936,0.723,-6.616,0.0269
Dark Necessities,Red Hot Chili Peppers,0,12,-0.5483593471930938,-0.9990106199435725,-0.7690433688225972,381.9768830565704,4775.9047619047615,3026.0942751934012,-46.507792207792235,6,5470.889620527908,1.3734111866699896,0.7,0.742,0.197,91.959,0.0722,-6.777,0.0716
Dark Side,Blind Channel,1,1,0.021422065677474088,-0.999992998184003,-0.15853111492171057,397.6956493957865,27845.380952380954,6159.900675422109,-810.0571428571423,1,5225.751278763657,1.4636680119535412,0.566,0.954,0.441,98.006,0.00208,-3.786,0.0938
"Darkhaast (feat. Arijit Singh, Sunidhi Chauhan)",Mithoon,0,158,0.09660592890366784,0.9215647268665939,0.11178945202763772,168.0532326945621,51212.1,2333.3736284615884,611.3393939393948,9,1991.780523632307,1.0,0.523,0.557,0.196,111.766,0.813,-7.799,0.0293
Daydream (백일몽),j-hope,0,30,-0.025635977697331412,-0.8869737260344922,-0.5258286448624966,541.6281660348195,41260.380952380954,130493.22991432897,3311.771428571428,14,195326.00260213055,0.08486329549765108,0.749,0.961,0.859,116.037,0.00512,-6.518,0.0874
Dazed & Confused,Ruel,0,27,0.34056809029217205,-0.9976831593410099,-0.041960054153724946,441.04865038934923,31848.571428571428,12110.102046565557,597.4584415584419,14,13923.810033176984,0.6791113341426426,0.688,0.5,0.418,127.906,0.102,-7.411,0.138
De Cero,Morat,0,34,-0.12011193258107508,-0.9082293020906921,-0.4861408768285061,483.12427033125334,17079.52380952381,30627.02486618958,-990.6012987012978,6,47712.43468056834,3.671002059581921,0.602,0.811,0.807,159.829,0.0766,-3.128,0.0362
De Perreo,Marlon,0,80,-0.31776917266265997,0.9999862798297938,0.15736074691988908,239.6954024410294,61597.833333333336,9031.675719685441,348.22377622377735,0,10478.201888201875,1.0,0.789,0.629,0.785,99.999,0.149,-5.307,0.0425
De Tanto Te Querer - Ao Vivo,Jorge & Mateus,0,105,0.6439810002964015,-0.9886474117471568,0.09451604026429994,399.352454032403,45156.333333333336,6896.600213723898,794.4103896103896,13,4582.881643682281,0.7980031156638061,0.322,0.756,0.501,140.934,0.0775,-5.167,0.0532
"Dear Diary,",Bring Me The Horizon,0,45,-0.27871293485290705,-0.8272768793223001,-0.7161922361334854,484.30620039158663,22001.85714285714,32251.10150394381,348.987012987013,8,52079.89385300243,0.5660984542467818,0.514,0.968,0.262,117.878,0.000137,-3.737,0.19
"Dear Maria, Count Me In",All Time Low,0,72,0.5098090604013409,-0.9593198693066665,0.005521033848945303,528.1096554033395,83512.14285714286,107790.59418559837,743.0649350649347,14,116778.97645578164,0.8001993036236483,0.459,0.895,0.572,181.04,0.00725,-3.126,0.0805
"Dear My Friend,",Keung To,1,2,0.37264654916245926,-0.9996895206002671,-0.09666775673325642,352.9498151187756,25919.761904761905,2368.957373729792,-327.2818181818185,2,1535.5881576777022,1.1684551264569525,0.646,0.452,0.266,94.566,0.723,-8.152,0.0307
Death Stranding,CHVRCHES,0,44,0.7404912338540834,-0.9938161562413497,0.058636202818670526,216.14890517465827,1653.3333333333333,653.9809035608166,-105.71071428571423,1,423.6237320152527,1.0,0.487,0.704,0.0542,121.951,0.00126,-5.825,0.0514
Deck The Halls,Nat King Cole,0,48,-0.4405400341991515,0.1454891993946117,-0.32484850895692186,558.5876605672831,213173.66666666666,285533.7566819183,30948.009090909094,15,240587.2170808073,0.0373419363821627,0.635,0.393,0.97,107.172,0.652,-10.889,0.0394
Deep End,Fousheé,1,1,0.0068862166264106114,-0.8962154459098938,-0.4676025043475318,443.1116657920316,6236.380952380952,11099.092075593137,54.741558441558475,13,16345.387543891395,2.3705508299611857,0.711,0.592,0.535,124.749,0.758,-7.136,0.23
deep end,Fousheé,0,135,-0.09711387116024663,0.6208579430201498,0.33414304317339477,265.0712610936035,2443.4285714285716,219.04458590032507,4.074025974026003,14,167.62088175403446,0.9661543583199245,0.711,0.592,0.535,124.749,0.758,-7.136,0.23
Deep end,Jeremy Zucker,0,130,-0.5006026339607028,-0.9908786464856318,-0.5985066762015998,215.77457029719758,4558.083333333333,3222.0325225529446,-439.4300699300698,0,4616.870896617433,1.0,0.835,0.554,0.671,145.023,0.189,-6.033,0.131
Deja Vu,ATEEZ,0,50,-0.056504720472475546,-0.983967449442876,-0.36448800506850315,408.8110770927091,8441.952380952382,4927.791966428686,31.112987012986963,4,7438.005380980844,0.9916097472322768,0.692,0.835,0.566,80.017,0.0517,-4.978,0.0628
Deli Kız,Buray,0,17,0.6284201047544892,-0.993720522939237,-0.007236201279127862,407.77134411128753,71971.66666666667,6619.348193586474,441.68051948051965,19,5687.460140299887,0.9551544794494369,0.639,0.837,0.717,98.017,0.263,-4.632,0.0517
Demon Fire,AC/DC,0,72,-0.8386564760951329,-0.38859114780396264,-0.6237999440543656,210.52041100309174,21250.5,21875.256598495023,-3788.1030303030293,1,34504.719767333605,1.0,0.521,0.881,0.564,160.026,4.93e-06,-5.309,0.0387
Demons,Alec Benjamin,0,107,-0.8280872159343877,-0.4452025367592987,-0.9040325705644744,312.20317527078834,4671.111111111111,2535.6942264154295,-81.27347781217736,2,4719.305293869788,1.0,0.708,0.494,0.76,142.921,0.697,-7.496,0.0365
Demons,Imagine Dragons,0,27,-0.5509882751302055,-0.9993340446879327,-0.6655194991665432,342.24719209154534,2221.3809523809523,1115.8068819165915,27.087012987013,13,1968.372919443874,0.9547145606157792,0.505,0.71,0.428,89.938,0.19,-3.015,0.0321
Dependent,Keenan Te,0,59,0.8496757271411566,-0.5731933994661439,0.31199908114352193,395.714894398349,51650.80952380953,9818.796578473,614.3272727272725,20,4268.222470771644,0.8516988201698004,0.474,0.336,0.458,74.961,0.907,-13.871,0.108
dependent,Keenan Te,0,67,0.3048519877077021,-0.9864471070771009,0.17650112306621296,199.5651531074538,47351.27272727273,10016.222524130171,3013.3454545454542,10,4010.679843866872,1.0,0.474,0.336,0.458,74.961,0.907,-13.871,0.108
Depression & Obsession,XXXTENTACION,0,24,-0.09616527153832283,-0.9472166066875801,-0.4977496333147617,568.263750203755,117991.04761904762,259915.83882562123,-1282.2207792207764,11,403560.76067123713,1.0254246965676252,0.769,0.156,0.527,105.95,0.585,-10.7,0.035
Desacatao,BlackRoy,0,155,0.2382104700394136,-0.9942607358627271,-0.08934713982327026,365.08344163524544,21971.95238095238,1687.100456438021,24.215584415584566,20,2101.990696934694,0.9872534732342368,0.743,0.821,0.926,127.003,0.424,-4.262,0.0415
Desbeijar Minha Boca - Ao Vivo,Henrique & Juliano,0,114,-0.5428151125613426,0.9999944786801894,0.10814210289283052,425.8030511235683,75506.14285714286,8017.924682714791,-84.17012987012984,0,9056.032189099154,1.0244016376632157,0.737,0.734,0.756,126.055,0.481,-4.944,0.0378
Desconstrução,Tiago Iorc,1,2,0.013055941517638153,0.6445535451895845,0.495577957285817,484.9956447689795,193431.38095238095,95773.3015901296,-12390.801298701299,0,40409.16812219103,2.3361765550310385,0.653,0.238,0.236,122.705,0.105,-14.374,0.0549
Desde Que Estamos Juntos,Melendi,0,21,-0.46516683760098154,-0.8087458304364902,-0.7235153029460593,490.78275353572053,43219.380952380954,40076.30964794204,96.5103896103893,7,70991.35271177399,0.9104111456490954,0.695,0.809,0.507,184.028,0.164,-6.002,0.255
Desde cero (con Melendi),Beret,0,41,0.6234217271412825,-0.9654511115913446,-0.024804382043044484,421.9001889183119,87362.09523809524,15005.503025175421,-2069.464935064935,0,7989.6062761252515,1.431589525756275,0.495,0.461,0.25,113.029,0.249,-8.158,0.0496
Deseándote,Frankie Ruiz,0,109,-0.5858893440217363,0.12916266014676273,-0.5152892619378293,390.56935892906824,4648.571428571428,3284.852429408846,-167.4558441558441,7,3986.2294652967485,1.5514441437099105,0.595,0.803,0.936,96.282,0.335,-6.221,0.0409
Desire (with Dimension),Sub Focus,0,48,0.4263210669084069,-0.9999999967826348,-0.019138634405465847,441.81245523069737,59471.04761904762,15284.50502485688,1669.0506493506498,20,13025.836788475435,0.6951950866305698,0.537,0.906,0.504,173.898,0.133,-1.167,0.0651
Despacito (Featuring Daddy Yankee),Luis Fonsi,1,1,-0.03637730938758471,-0.892761397709923,-0.4681725152103299,494.3083480697993,22801.04761904762,39855.64227902899,298.9701298701299,17,61067.12095086439,0.9134924938568337,0.659,0.802,0.863,177.936,0.208,-4.79,0.148
Destino o Casualidad,Melendi,0,129,0.13544929123357777,-0.99999938173532,-0.3157171890041716,341.061918619877,17834.190476190477,1193.0782363300973,-127.34285714285711,1,1201.8380756158458,1.1030151399611003,0.557,0.525,0.362,153.247,0.524,-6.324,0.149
Det går bra nu,Magnus Uggla,0,21,0.5525809639746959,-0.9996641561796172,-0.011567990488518972,427.83952237344715,54970.76190476191,10740.039021409833,-878.8259740259739,5,9551.672462323024,1.3452960630984176,0.603,0.566,0.7,79.966,0.55,-5.963,0.0325
Det kommer aldrig va över för mig,Håkan Hellström,0,46,0.28591658188026825,-0.999082438378705,-0.01433279766932757,356.49335088457696,15082.857142857143,1403.9024618715432,37.53636363636391,11,1747.3012698158266,0.9767068872270193,0.554,0.877,0.499,127.034,0.012,-6.515,0.0469
Deux frères,PNL,1,2,0.06632397506462108,-0.993290363760122,-0.2817304453957999,583.4378533500551,333231.85714285716,393349.76505156636,-14386.387012987008,3,551668.1099528956,1.5841377733445328,0.794,0.659,0.308,112.019,0.143,-7.063,0.0498
Devil Town,Cavetown,0,120,-0.4013720025382214,-0.9959527298975192,-0.6107767703546267,321.26018074875486,1512.857142857143,599.5287264823522,-1.050649350649343,3,1025.845596325295,0.9836404494382023,0.576,0.759,0.501,99.969,0.12,-8.165,0.0599
Devuélveme a mi chica,Hombres G,0,64,0.37152203285637936,-0.9989162084923963,-0.26504275718817044,371.68962041788325,34139.04761904762,2115.7249230732664,-64.22597402597381,17,2469.4114455675467,1.0071595202213093,0.603,0.843,0.503,172.676,0.0031,-7.597,0.0557
DiE4u,Bring Me The Horizon,0,36,0.07645269787948097,-0.9334604638791221,-0.4491543308913678,564.0648671182128,85719.42857142857,230198.033230515,1643.2792207792206,14,330512.75137977285,0.3892216350231617,0.355,0.919,0.259,159.922,0.00234,-3.771,0.356
Diamonds,Sam Smith,0,16,0.22214514711870095,-0.8921603218656389,-0.33377774171657115,545.3659252983388,52251.619047619046,145492.89273411463,5127.040259740261,16,192781.69626219055,0.15762651326952942,0.653,0.667,0.556,104.181,0.154,-6.764,0.0423
Didn't I,OneRepublic,0,43,0.02381499219875506,-0.9333717121395031,-0.46237650762289445,555.2658044687973,68365.80952380953,184839.92647709794,-2306.188311688313,11,272085.7215914637,6.4193631517064755,0.606,0.613,0.258,123.943,0.0182,-6.758,0.0306
Didn't Know,Tom Zanetti,0,17,0.4222001377418168,-0.9649710922964033,-0.1506720398484091,433.88163640972743,61235.76190476191,10214.047054376877,498.7285714285719,19,11126.70406993913,0.9272893495833361,0.896,0.459,0.484,125.939,0.0737,-8.937,0.0515
Die A Happy Man,Thomas Rhett,0,75,0.3303354639973762,-0.9511172108052572,-0.3880839865259856,506.0921702783842,123110.80952380953,64413.46476262261,4940.854545454545,4,71733.0956449671,0.6497056827879517,0.595,0.389,0.4,166.052,0.418,-9.245,0.0349
Die For You,The Weeknd,0,11,-0.39509058585868867,-0.6694389202488248,-0.6046034362834207,551.9688143937865,146571.0,168131.5262615778,2988.6454545454626,20,286606.2169732017,0.8381370715129771,0.582,0.525,0.51,133.249,0.111,-7.163,0.0627
Dil Diyan Gallan,Atif Aslam,0,83,-0.7556289264169902,0.999552916377891,0.10813778686472789,381.21157873928996,51865.0,3899.52901918021,-483.8519480519483,0,2830.014556057972,1.13381864896692,0.717,0.64,0.485,105.021,0.565,-8.726,0.025
Dil Maang Raha Hai,Yasser Desai,0,98,-0.0459446584912787,-0.9999998147622486,-0.0643445990377049,223.17262169260638,17420.071428571428,2617.123078722832,-615.8615384615377,1,1246.148950607668,1.0,0.636,0.726,0.542,162.035,0.341,-8.205,0.0456
Dildaara (Stand By Me),Shafqat Amanat Ali,0,147,-0.3513080130770468,0.7661145025495485,0.18959540389226168,331.06812899580706,40095.0,1224.0067693556973,47.02207792207889,8,844.6393594309941,0.9879424695793795,0.622,0.779,0.761,100.013,0.102,-5.799,0.037
Dile,Don Omar,0,53,0.5708796690513555,-0.9991323949177117,-0.1859440349703973,304.83082287665474,1877.8095238095239,403.5214774537285,-0.5376623376623412,20,427.0673805150658,1.041443345663169,0.822,0.744,0.747,94.04,0.173,-6.096,0.094
Din mamma,Hov1,0,26,-0.5413598593384839,0.9999995871027424,0.044799763276872046,429.1845383522041,51890.80952380953,18806.276869120175,-2842.7012987012986,0,9839.752330597556,2.245027886162732,0.776,0.622,0.728,94.971,0.155,-6.987,0.122
Din tid kommer,Håkan Hellström,0,76,0.1071838004734899,-0.9430648311031581,-0.05075020580362569,425.7758215481962,21425.52380952381,8223.403742160297,576.8532467532468,20,9625.683037971903,0.7001526733971981,0.495,0.852,0.466,127.962,0.000121,-5.487,0.0451
Dionysus,BTS,1,3,0.33525254444633695,-0.9351226074455812,-0.11987748108400889,480.11402156578015,25390.761904761905,29592.436292154376,82.55584415584448,11,36847.9027515814,1.6016719346425548,0.502,0.91,0.588,176.084,0.04,-2.769,0.107
Dirt On My Boots,Jon Pardi,0,142,0.36718819780253853,-0.9999999895855247,0.006373057845915326,433.88080621340526,163800.52380952382,10793.028837519538,778.5077922077909,20,11527.373357686476,0.9381117819906981,0.683,0.796,0.533,90.031,0.112,-4.179,0.0284
Dis-ease,BTS,1,6,0.07208925880667683,-0.9659057755549854,-0.4223543401940548,516.6550334500688,50159.28571428572,74261.31486090687,-2793.7805194805187,10,104108.99394907003,2.6769233932880017,0.731,0.845,0.484,101.085,0.0132,-5.352,0.132
Disco Tits,Tove Lo,0,40,-0.01822297558007586,-0.9388255032765839,-0.4827612162509793,551.0022214363053,62200.19047619047,166966.17514523826,-4.335064935061537,15,251013.2684501907,0.612932059303678,0.79,0.728,0.333,110.059,0.025,-6.523,0.0612
Dive With Me (feat. Cathrine Lassen),LVNDSCAPE,0,53,0.18380553559481022,-0.5693238659977485,-0.12593420171337405,359.8903711858242,15663.52380952381,3362.438848713515,-478.5090909090907,0,1719.4783882038182,1.4958311563915012,0.68,0.541,0.447,97.005,0.341,-5.909,0.032
Diáspora,Tribalistas,0,62,-0.03962494202895161,-0.9999999998875686,-0.37000933846711814,310.1913281750052,61467.92857142857,23584.40206838981,-1561.3076923076942,0,32088.40130347752,1.0,0.454,0.455,0.539,106.403,0.731,-13.277,0.0703
Djon maya maï (feat. Victor Démé),Synapson,0,132,-0.6909272435383759,0.27327487205131545,-0.45004898498526796,407.20539215394706,23005.238095238095,8699.19457084424,979.9779220779218,19,6035.211690363479,0.5882398162216916,0.79,0.647,0.749,105.012,0.2,-6.732,0.0375
Do Copo Eu Vim (feat. Marília Mendonça) - Ao Vivo em Brasília,Diego & Victor Hugo,0,32,-0.5553856347093445,0.963889536047488,0.10244337608491313,456.0589963143409,117556.33333333333,21454.042852068993,2147.070129870132,15,18943.395424989154,0.7210405958775334,0.668,0.884,0.707,116.993,0.663,-3.239,0.0651
Do I Wanna Know?,Arctic Monkeys,1,4,0.15900113917279532,-0.9215430979256539,-0.1641454964141671,455.0837993093091,13961.52380952381,14679.733452942295,286.55064935064917,20,19742.882340225806,1.084426991836313,0.548,0.532,0.405,85.03,0.186,-7.596,0.0323
Doin' Time,Lana Del Rey,0,13,-0.1940318528883784,-0.6778455264873332,-0.44782425440974966,637.093379065662,42211.19047619047,94187.22754104446,-5419.510389610385,1,130166.17305079689,4.219320790253281,0.641,0.559,0.523,144.982,0.404,-11.132,0.0355
Don't (feat. RM),eAeon,1,9,0.30766159296319767,-0.9532996953729269,-0.13825073372818875,451.36709460571086,10901.666666666666,14631.629009113014,-361.1623376623373,11,18217.417478610958,2.2853249475890984,0.63,0.596,0.275,106.935,0.106,-7.965,0.0328
Don't Be So Shy - Filatov & Karas Remix,Imany,0,33,-0.11169461798654033,-0.951337029707678,-0.5365804733262196,459.4974694626283,14518.047619047618,17251.90280320017,144.71558441558471,8,26878.012489951707,0.7087518318618866,0.768,0.904,0.906,119.989,0.0502,-5.759,0.0584
Don't Call Me Up,Mabel,1,1,-0.37351749784223975,-0.810072019539534,-0.6651733752907637,519.863621027276,83303.09523809524,84559.48069337814,4450.7467532467535,16,136878.04534667893,0.3928311311990807,0.674,0.881,0.234,98.994,0.296,-2.853,0.147
Don't Know What To Do,BLACKPINK,1,2,-0.059625167581907744,-0.8838659686819423,-0.48843155868040306,562.0052400109932,81393.38095238095,218286.80241162764,8614.005194805197,16,328312.2761393488,0.12357447519710488,0.628,0.64,0.409,129.815,0.0992,-4.164,0.0491
Don't Leave Me,BTS,1,3,0.30040076602921445,-0.9911457148287635,-0.2712860793909563,422.62285266817946,9957.190476190477,8034.215531202412,579.5350649350646,17,8944.878550880387,0.4227465248109663,0.62,0.778,0.386,147.012,0.116,-4.622,0.0724
Don't Shut Me Down,ABBA,1,1,-0.28381696048959004,-0.9176308081130887,-0.6677839509040132,544.794428482631,82736.71428571429,158300.1671112263,9245.311688311687,18,248871.91788759537,0.1357055604659708,0.719,0.604,0.565,99.993,0.105,-7.395,0.0281
Don't Start Now,Dua Lipa,1,1,-0.20341424637416913,-0.7336713675534766,-0.5768801757593974,495.80937822363506,37790.19047619047,41602.94675874941,-690.5662337662336,3,63724.53704929915,1.7684036856307939,0.793,0.793,0.679,123.95,0.0123,-4.521,0.083
Don't Stay,Linkin Park,0,78,0.056699359271205854,-0.93720125529937,-0.44938130276357996,542.2154685307594,48486.0,133820.31926572643,-1648.9766233766227,12,193768.5658674802,19.90461262875056,0.488,0.995,0.679,90.058,0.00153,-3.096,0.108
Don't Stop Believin',Journey,0,21,0.09907582622350615,-0.9218860505383695,-0.21660027766068968,437.1305868730616,10881.095238095239,9992.654130027631,-364.7116883116881,5,13830.836889357057,1.5514268940532954,0.5,0.748,0.514,118.852,0.127,-9.072,0.0363
Don't Stop Me Now - Remastered 2011,Queen,0,11,-0.1940020544566891,-0.9999999999465695,-0.4996604346464513,530.202186181575,32074.04761904762,87849.12049725135,-4358.603896103896,2,132183.2796412239,22.501889644746786,0.559,0.868,0.609,156.295,0.0475,-5.276,0.17
Don't Wanna Cry,SEVENTEEN,0,61,-0.46652098430726024,-0.9787850724246081,-0.6409919360699513,392.33775760738723,5912.857142857143,3689.4651862491155,17.83376623376623,16,6540.843293299419,0.8619041176205295,0.781,0.683,0.722,100.005,0.164,-4.258,0.0325
Don't Wanna Lie (feat. 8lak & Hosea),Patrick Brasca,0,83,0.32373470305258684,-0.9975730624329314,0.01717935958575415,190.94242834682132,8957.25,2341.539348555418,-627.7377622377624,0,1135.047303051855,1.0,0.687,0.528,0.292,82.508,0.249,-10.286,0.0453
Don't Worry Bout Me,Zara Larsson,1,5,-0.15392382383670739,-0.9999999999948301,-0.44826740298554935,509.28194927575737,38909.47619047619,63102.84023765457,-4798.828571428572,2,88132.71064621807,11.32936767487493,0.752,0.706,0.33,125.041,0.0797,-6.274,0.0636
Don't You (Forget About Me),Simple Minds,0,97,-0.7989306521842103,-0.34285581277945404,-0.884577731392436,437.6896361833519,33231.85,22256.377998845634,921.2067669172931,9,37209.705625580835,1.0,0.638,0.858,0.743,111.12,0.127,-5.527,0.031
Don’t Blame Me,Taylor Swift,0,74,-0.2420972167083433,-0.9782335739630948,-0.6048442458567318,553.4448147518498,109424.52380952382,188612.12123009513,-2328.9038961038964,2,308948.7701076183,0.8293226658381233,0.615,0.534,0.193,135.917,0.106,-6.719,0.0386
Don’t Go (with Justin Bieber & Don Toliver),Skrillex,0,15,0.9999998943312305,-0.9999999999958367,-0.444985403744942,568.7301003895134,64035.47619047619,160915.53124591234,-7953.167532467525,1,226960.05333503077,3.519631835015613,0.689,0.695,0.359,75.05,0.019,-5.22,0.0429
Dooriyan (feat. Kaprila),Dino James,0,111,0.14260368970511397,-0.997994058880276,-0.28011319273653873,340.97485875534164,21980.428571428572,1004.6958588087656,-69.81688311688296,1,1252.9452611746453,1.0397025443412162,0.778,0.474,0.219,91.969,0.528,-10.109,0.08
Dope,BTS,1,5,-0.8875521534579313,0.010286355767826052,-0.5362015291333028,360.6172600048546,2125.6190476190477,1807.9894509856201,-164.18701298701305,1,2351.8699427264255,2.9935828877005344,0.595,0.89,0.62,154.071,0.0486,-3.109,0.245
Drag Me Down,One Direction,0,20,0.4675945550870716,-0.9467959591683945,-0.13030306695419902,437.08742843431094,10644.52380952381,11201.356162022557,675.0948051948053,16,12271.099161851802,0.27209187073841784,0.73,0.703,0.595,138.113,0.109,-5.672,0.0369
Driving Home for Christmas,Chris Rea,1,3,-0.24644391500903343,-0.9941620970677768,-0.6742436267466054,405.38584668535526,12725.047619047618,4671.516389641035,57.775324675324676,13,7641.562373624913,1.0150803245385545,0.603,0.705,0.89,90.12,0.556,-7.547,0.0328
Driving Home for Christmas - 2019 Remaster,Chris Rea,1,3,-0.5106750222289173,-0.9953186924041891,-0.7790911458949604,393.4410460800935,11495.666666666666,3764.388792902107,-68.61428571428561,20,6197.023878241878,1.0419718309859156,0.513,0.583,0.866,180.183,0.355,-10.863,0.038
Drogba (Joanna),Afro B,1,10,0.21257204379340727,0.3792475541612653,0.6218086368804927,302.74475631953214,4577.380952380952,2266.9768515252804,360.1415584415584,17,446.79879140391597,0.253341223040666,0.966,0.633,0.767,108.011,0.0206,-6.392,0.101
Drop That Low (When I Dip),Tujamo,0,92,-0.1629937544847129,-0.9965393469577958,-0.5570556776513883,347.81988437910354,6746.571428571428,1083.0014981051315,-7.355844155844106,12,1626.9799752916445,1.0361916467309,0.586,0.896,0.103,125.744,0.00945,-4.132,0.372
Drown (feat. Clinton Kane),Martin Garrix,0,26,-0.18256983675745156,-0.7128070628659811,-0.5219066116558775,536.372390802395,33085.09523809524,64342.82258481831,-1843.9701298701293,2,99151.32691269189,2.250278690867515,0.573,0.739,0.363,120.077,0.212,-5.455,0.0581
Drunk-Dazed,ENHYPEN,0,37,0.8214291907541057,-0.9999999999942866,-0.008881565273582238,541.0942269869324,44461.619047619046,144947.90716617773,-8727.11688311689,0,151224.43795249332,10.037772623083576,0.599,0.869,0.453,132.889,0.000707,-5.174,0.0618
Du hast,Rammstein,0,16,-0.9087557225222275,0.3798376290164538,-0.74807839338052,369.6141335485971,3566.2380952380954,2393.7888856423706,190.5454545454545,19,2764.6057815717595,0.423110970597534,0.64,0.922,0.716,125.105,0.00369,-6.283,0.0385
Dueles,Jesse & Joy,0,38,-0.2518729359112991,-0.9584153326434841,-0.68821474612106,479.78941022916956,19837.761904761905,30343.42086202505,-970.2610389610392,11,49225.32815987619,2.5873111683904857,0.531,0.834,0.527,142.041,0.277,-3.944,0.052
Duhai Sayang,Yura Yunita,0,122,-0.037603501298175114,0.0669971349272526,0.035615690836620494,378.580699114193,34117.619047619046,3815.5080854472553,442.5870129870131,10,2555.0931587713194,0.8209025371719776,0.686,0.257,0.399,142.128,0.921,-12.066,0.0525
Dura,Daddy Yankee,1,1,-0.06663806417314293,-0.9067418395226174,-0.5472874903338022,542.5020487316007,49481.28571428572,134556.8740330178,-1663.6987012987,10,205665.78666978132,6.383124954302844,0.783,0.84,0.839,95.001,0.174,-3.416,0.051
Dusk Till Dawn (feat. Sia) - Radio Edit,ZAYN,0,48,-0.3463024047196194,-0.9993986617186648,-0.6263882643866715,445.09943429116447,9092.142857142857,13001.013664823417,-142.39350649350615,5,21933.592994764902,1.0461024404686377,0.259,0.437,0.0951,180.042,0.102,-6.589,0.0386
Duvido Você Não Tomar Uma - Ao Vivo,Simone & Simaria,0,88,0.567221327086004,-0.9991941620184166,0.02839049717796367,409.53964213024557,48854.71428571428,8835.868147407324,1067.0207792207796,13,6046.19039788692,0.7587269905231755,0.703,0.841,0.602,125.966,0.572,-3.529,0.0522
Dynamite,BTS,1,1,0.08641882105285098,-0.952895920054345,-0.4308920579075277,537.3759072644041,92143.90476190476,121832.65919945267,-3333.061038961035,11,171863.1333769622,1.6915804938955412,0.746,0.765,0.737,114.044,0.0112,-4.41,0.0993
Déjala Que Baile (with Alejandro Sanz & Arkano),Melendi,0,14,-0.5222031415690086,-0.9894710717696639,-0.6001621304360193,461.5246818926281,42616.23809523809,24031.514772827868,1781.524675324676,1,38281.986383252115,0.5552408854166666,0.831,0.777,0.598,95.973,0.356,-4.456,0.174
Dónde Estarás,J Balvin,0,38,-0.16235067435145545,-0.9504113145995936,-0.5324725440094026,461.230624058699,10299.333333333334,18649.867231324508,-790.4662337662334,7,28959.40060170445,1.574107464839524,0.828,0.763,0.861,90.004,0.0741,-7.613,0.095
Dónde está el amor (feat. Jesse & Joy),Pablo Alborán,0,67,0.48928167537078565,-0.9822063143496069,0.2390772292581392,225.7405724066519,20002.545454545456,12848.51577819319,1184.4454545454548,8,14093.506235142482,1.0,0.597,0.848,0.324,139.876,0.173,-5.458,0.0406
EL BARCO,KAROL G,0,20,0.16355733777790096,-0.929640408458484,-0.30674714547854354,467.868087545864,19080.571428571428,21262.405343864622,793.0701298701298,6,28382.86410776756,0.6414909478168264,0.85,0.847,0.915,143.975,0.606,-3.435,0.0435
ELEVEN,IVE,0,103,-0.16351220523060397,-0.7661370114458367,-0.5511494216980659,591.1404547764456,650593.7142857143,462066.1398901309,-22335.05194805195,4,698613.7239540371,1.7233240239831686,0.828,0.731,0.587,119.978,0.0617,-3.033,0.111
ENDLESS RAIN - Remaster,X JAPAN,0,128,0.6743263197043561,-0.9996210203340457,-0.13628297852597565,330.18654068328505,5323.666666666667,1165.1835879597659,125.36753246753251,10,804.5082908211699,0.6838123311225743,0.498,0.66,0.224,77.721,0.0179,-7.347,0.026
EVERYTHING,The Black Skirts,0,125,-0.1726007100459583,0.2108617705479683,0.04715639919617762,266.4596807123193,33126.8,2715.9410695619545,-321.0714285714282,7,2464.1975067029057,1.0,0.54,0.373,0.387,119.843,0.651,-8.591,0.0278
Earth,Lil Dicky,1,8,-0.031430206330744115,-0.9489048801582078,-0.48375185191897974,573.3103904318509,106206.28571428571,293999.99888729234,1277.0272727272722,15,443989.5742584053,0.5516064607878481,0.694,0.664,0.676,95.941,0.639,-4.649,0.05
Eastside (with Halsey & Khalid),benny blanco,1,1,0.11571648031097208,-0.8886683446654955,-0.42843362063516477,550.1401063258471,56889.80952380953,161156.24303839254,3587.1246753246737,14,226827.1551999672,0.17777702431741363,0.632,0.686,0.329,89.949,0.549,-7.665,0.243
Easy,Commodores,0,68,0.18793843456564063,-0.9999735138074866,-0.35354445662984074,448.43572771636525,22869.095238095237,14679.67266374626,962.0168831168834,7,17997.565242207067,0.3221831074835979,0.589,0.384,0.354,132.909,0.112,-15.075,0.0332
Easy,DaniLeigh,0,72,-0.5105968599122976,-0.9947646502180096,-0.7140267145131395,388.1451756128479,5016.714285714285,3425.5052897048517,76.20649350649347,9,6026.121828340347,0.7325125248133094,0.799,0.301,0.511,100.026,0.195,-11.361,0.185
Easy,Mac Ayres,0,137,-0.4857724441337332,-0.9803731231789297,-0.5314294270412002,212.76676039457323,7802.545454545455,7146.645524155643,-1102.5363636363638,2,10381.683592269608,1.0,0.722,0.282,0.217,91.367,0.373,-7.484,0.106
Easy On Me,Adele,1,1,-0.06554407365472226,-0.9190427245469802,-0.5063358330385902,562.5260927352102,127414.42857142857,218479.96984328126,3751.344155844159,8,335899.7692393484,0.37387873034076297,0.604,0.366,0.13,141.981,0.578,-7.519,0.0282
Efsane,Şam,0,51,-0.7960828943149,0.9991352970589737,0.09326045789754757,367.5492356472006,17042.761904761905,3702.3668607908216,421.5571428571429,10,1994.139094321156,0.6873267251528616,0.585,0.46,0.0921,112.273,0.728,-9.54,0.114
"Ego Death (feat. Kanye West, FKA twigs & Skrillex)",Ty Dolla $ign,0,22,0.14646124509479239,-0.943872272015433,-0.3356487887856589,535.792170950236,61407.76190476191,115248.97207677316,1855.9311688311682,15,159301.67718828324,0.5039730300261508,0.818,0.598,0.331,111.052,0.0573,-5.948,0.113
Egotistic,MAMAMOO,0,17,0.17372975453343417,-0.9972406934647995,-0.4657383783185889,404.1447857882704,8753.142857142857,4692.808868346327,248.9896103896105,17,6018.829240599869,0.8134050637870024,0.616,0.833,0.595,97.898,0.315,-3.314,0.067
Ek Raat,Vilen,0,59,0.5923872093518512,-0.9996998303858357,0.2742758243682818,358.6846712907209,32739.85714285714,6371.489698617729,1012.86103896104,19,1684.8340415305004,0.6456473111802451,0.645,0.534,0.302,90.024,0.147,-5.428,0.0306
Ek Tarfa,Darshan Raval,0,29,0.8000712419054813,-0.9960914821840765,-0.01424317228970069,392.58147332607234,53367.71428571428,5858.961618896362,-682.1038961038952,5,3709.0337744485423,1.2309203125288155,0.48,0.615,0.33,79.948,0.547,-6.006,0.0328
El Amante,Nicky Jam,1,2,-0.37996632178015877,-0.4825329042628437,-0.6475437809095064,453.462477620862,10640.380952380952,14909.41127986005,57.66363636363624,13,22883.589768434493,0.8514119137458964,0.683,0.691,0.732,179.91,0.243,-5.535,0.0432
El Baile De Los Que Sobran,Los Prisioneros,0,20,-0.3498040495987497,-0.5739681038917233,-0.5875917555824652,474.0006301484381,49244.0,26007.088564832622,883.2558441558446,6,38487.087634815914,0.8776104949942849,0.818,0.621,0.642,117.343,0.297,-12.274,0.0528
El Burrito De Belén,Juanes,0,32,-0.21105719343884316,-0.93064752542631,-0.6633233368442047,470.1779357149131,15032.142857142857,24006.310206724742,-1339.1701298701298,5,36720.37734678118,3.248909237813089,0.679,0.926,0.934,179.941,0.118,-3.834,0.0612
El Chico Del Apartamento 512,Selena,0,91,-0.4535126665765846,-0.7144961548697681,-0.7709489635593247,469.024994881764,78059.95,41348.88104347565,-2406.048872180454,18,67901.27968490464,1.0,0.746,0.852,0.904,102.088,0.5,-4.329,0.0334
El Doctorado,Tony Dize,0,169,0.5921884714032475,-0.9976021894227369,-0.21234390129245154,314.25504152286715,3620.904761904762,773.8598928661751,87.83636363636367,9,552.6701434852438,0.711413725138864,0.721,0.773,0.75,120.007,0.053,-6.283,0.0368
El Fantasma,Árbol,0,120,-0.04700298077442168,-0.4223131585204278,-0.3723186427457098,252.37997048156328,1335.5714285714287,154.3778825228695,16.388311688311692,10,120.12171951816207,0.838259274357929,0.62,0.609,0.621,139.065,0.201,-4.779,0.0291
El Latido de mi Corazón,Luis Ángel Gómez Jaramillo,0,81,-0.7501648290470827,0.9999882765622241,-0.02414017108718059,394.22278956838,58171.380952380954,6157.692884871662,142.4467532467534,7,3890.1474968823486,0.9618886123448254,0.4,0.371,0.444,173.733,0.831,-6.675,0.0643
El Preso,Fruko Y Sus Tesos,0,55,-0.0794056774839846,-0.998262372283675,-0.6870656849131872,280.08771615719905,8567.0,3837.6860389215444,346.8071428571429,12,5331.638430355233,1.0,0.622,0.78,0.818,106.16,0.159,-4.687,0.038
El Sol No Regresa,La Quinta Estacion,0,101,0.3126041590526155,-0.9995223971529654,-0.1924414375082609,378.1528242163971,42494.23809523809,2588.9954460178437,170.87012987012992,19,2879.9581155808496,0.9535350345707764,0.615,0.878,0.72,127.906,0.052,-4.056,0.035
El Viejo del Sombrerón,La Sonora Dinamita,0,31,-0.2557248171579004,-0.9993527220686742,-0.5564422693429804,359.27800106205257,2875.8571428571427,1760.4308803113347,159.02077922077922,17,2413.85876295611,0.43699584663440083,0.836,0.781,0.93,107.005,0.283,-4.92,0.0394
Elas Gostam (Popa da Bunda) - Ao Vivo,Psirico,0,101,-0.23361240380165263,0.9633168537833274,0.3794631667376205,264.0360580521896,59409.153846153844,16715.102916667696,-573.3956043956028,5,11935.642275170338,1.0,0.844,0.538,0.639,110.025,0.263,-10.926,0.0956
Electric Feel,MGMT,0,48,-0.9086446835890528,-0.3305602384385634,-0.8539813985038295,426.9130736111472,18864.809523809523,12559.932436954494,-647.7584415584412,3,20994.214478934427,1.846511469684428,0.763,0.803,0.561,103.04,0.0709,-3.713,0.0351
Electric Love,BØRNS,0,25,0.5342325913022309,-0.9999477557579396,-0.022850924438469686,424.97483354259106,216279.47619047618,13512.231057608324,1758.4987012987028,20,8793.619598748855,0.9033391002497072,0.611,0.797,0.518,120.041,0.00543,-7.627,0.0533
Ella,Pitizion,0,126,-0.017023938478122082,-0.9995826112165986,-0.3016152646182541,397.3808631646505,5477.428571428572,3697.091798793679,14.092207792207779,18,5480.412450491294,0.9181647071660438,0.798,0.876,0.759,91.837,0.525,-3.82,0.362
Eloise,Maxida Märak,0,27,0.6121829922541678,-0.999971601350725,0.01593266907068532,319.73049608409315,44116.41176470588,4335.579587536318,54.85539215686308,12,4381.580035714856,1.0,0.703,0.815,0.319,134.051,0.014,-7.406,0.0629
Elämänlanka,Stam1na,0,50,-0.15695677266166141,-0.9999999896521784,-0.4711243787583841,258.4214865729299,10413.357142857143,4249.725597984329,-679.6505494505498,2,5213.824531811625,1.0,0.44,0.938,0.34,97.746,7.2e-05,-4.294,0.0447
Emotionally Scarred,Lil Baby,0,35,-0.3013131003997325,-0.7338149664118199,-0.49369137458116963,567.6556055877153,210693.04761904763,248467.6804515986,-11521.03896103895,1,402919.59377380746,1.596456050792626,0.585,0.641,0.266,88.284,0.0286,-4.269,0.133
En algún lugar,Duncan Dhu,0,115,-0.3195128221442606,-0.6951327458050652,-0.6435147125111942,442.7675777560215,13210.904761904761,14377.484738976464,1396.8402597402596,17,18425.58597026157,0.27633294926499447,0.527,0.859,0.443,74.214,0.176,-6.685,0.0687
En el Séptimo Día (SEP7IMO DIA),Soda Stereo,0,44,-0.5748864541898548,-0.999908835803966,-0.7230248437168272,431.59672567025183,15595.142857142857,10398.81132531944,-175.1999999999999,3,18212.20695824644,1.0893996143291553,0.523,0.933,0.726,106.005,0.000502,-5.208,0.0366
En otage,Djadja & Dinaz,0,39,-0.6239353856387055,0.9999999952875377,0.3168464352750162,252.41708886853164,43413.61538461538,17100.52392601989,-4283.521978021977,0,6630.144744523556,1.0,0.794,0.511,0.324,109.912,0.273,-8.758,0.411
En sista minut,Mares,0,42,0.6201701610432994,-0.9999962684980531,0.0918714174363101,276.9886150660512,25319.214285714286,10139.119855987581,-1848.8637362637378,0,7776.131403819476,1.0,0.74,0.717,0.387,114.022,0.00525,-5.923,0.0505
End Of The Road,Boyz II Men,0,144,-0.4415289002517501,-0.30963166811400133,-0.4579256284956411,261.715268205995,3000.9523809523807,300.99382626012783,44.43766233766231,19,168.44300965014844,0.8139647364024095,0.64,0.427,0.529,149.703,0.0664,-9.29,0.0241
Enemy (with JID) - from the series Arcane League of Legends,Imagine Dragons,1,1,-0.2527466798085352,-0.9998569323716222,-0.5305591664244746,438.03297106049956,9735.809523809523,11523.276851325332,773.0701298701298,18,17243.369709180977,0.1938742886373809,0.728,0.783,0.555,77.011,0.237,-4.424,0.266
Enemy - From the series Arcane League of Legends,Imagine Dragons,0,67,-0.13158027412383078,-0.9986643185250573,-0.5753945492071536,360.33201993609117,4013.3333333333335,1490.9772868294372,-37.33246753246748,20,2186.5590662042496,1.0997162254391322,0.722,0.745,0.52,77.029,0.247,-4.164,0.256
Enter Sandman,Metallica,0,11,0.5305221163303572,-0.9994408052883533,-0.023245508017081667,241.85083371442744,1931.8095238095239,134.22072050938692,16.98701298701297,20,90.9924584787113,0.8888965612484464,0.577,0.828,0.604,123.257,0.00213,-8.691,0.0298
Entre Sobras Y Sobras Me Faltas,Antonio Orozco,0,69,-0.7949210635066057,0.999998389078284,0.04625157805928463,415.16121457337465,46276.857142857145,8104.029258195399,660.2064935064936,14,6544.880137175929,0.7833339547965418,0.457,0.408,0.218,80.403,0.651,-9.408,0.0414
Entre Tú y Yo,Chema Rivas,0,12,0.11552813381596184,-0.8545156925682214,-0.2786790485975574,508.1730280560389,70228.09523809524,57964.66031159458,-3434.674025974025,7,76514.2676507297,1.6100389102897026,0.854,0.669,0.484,120.023,0.288,-5.206,0.0617
Entre tú y yo,Chema Rivas,1,9,-0.14381394939093076,-0.9394311672624747,-0.484734504658946,527.6589101338565,49118.333333333336,94987.75674206065,-1218.9987012987006,10,150159.2562346391,4.293227474430776,0.854,0.669,0.484,120.023,0.288,-5.206,0.0617
Então Toma - Ao Vivo,Matheus & Kauan,0,34,0.1682507509288858,-0.9999989879384176,-0.2782831518062842,447.6564346063793,104632.42857142857,18727.60573152303,-2299.3584415584432,1,16466.88744298691,1.3077673324409629,0.648,0.817,0.765,145.887,0.546,-7.449,0.103
Envolver,Anitta,0,23,-0.7301075224493278,-0.6677393442841951,-0.797929197825813,544.1228362205524,191009.2380952381,182449.87241533463,-413.2999999999997,0,326703.54084198416,0.9667158112770668,0.812,0.736,0.396,91.993,0.152,-5.421,0.0833
"Enzo (with Sheck Wes, feat. Offset, 21 Savage & Gucci Mane)",DJ Snake,0,51,0.011237168467722802,-0.9484201955841901,-0.4840780300479719,561.6306888456248,76409.57142857143,220198.98281426134,-1371.5142857142864,14,326145.2430606033,0.5681131529878651,0.785,0.726,0.181,119.963,0.0739,-4.209,0.0387
Epiphany,BTS,1,9,-0.04305950576997187,-0.8921326845777217,-0.5275730327165711,545.0673443359271,41882.71428571428,142786.98084580828,3935.5,14,214842.35519265634,0.04498161496289806,0.508,0.559,0.329,135.866,0.288,-6.366,0.0276
Erro Antigo - Ao Vivo,Diego & Victor Hugo,0,53,-0.12400724656625785,0.633834462839768,0.27542040918609023,470.0237309715299,118061.42857142857,39152.49003158636,3911.8779220779206,15,27696.193183179526,0.5729675942534037,0.625,0.826,0.64,147.83,0.553,-4.437,0.0692
Error,Jd Pantoja,0,26,-0.12269056161719077,-0.9085555006104302,-0.6529303270109404,505.7601559533923,25702.904761904763,53607.57706119427,554.1584415584425,16,84042.61912506059,0.15472666680466146,0.576,0.593,0.519,175.784,0.762,-8.091,0.216
Es Tarde,Juanes,0,54,-0.18966574209094908,-0.9994295804313014,-0.44870745848480004,352.403356679841,4356.476190476191,1536.613704873328,-154.58831168831162,2,1865.2676825324563,1.7854828865204937,0.787,0.785,0.734,97.021,0.144,-6.768,0.0737
Eski Jagged,Ceg,0,24,-0.5485253302578369,-0.968714771588473,-0.3457483155930145,337.4322055147524,49038.875,18531.177812254,-2698.761764705881,1,21232.667652150227,1.0,0.629,0.492,0.143,76.103,0.491,-9.417,0.317
Eso Que Tú Me Das,Jarabe De Palo,0,22,-0.32089329841460845,-0.999999999954675,-0.6377729210584372,496.9021499922743,78711.66666666667,59057.57717954116,5921.754545454545,8,78852.37763281143,0.2529701762833272,0.778,0.804,0.836,130.004,0.144,-5.699,0.0286
Espelho Meu - Ao Vivo,Henrique & Diego,0,42,-0.25095848552533484,0.8117098507076518,0.22610664807122594,469.88172725440745,145580.95238095237,27204.814481957645,873.3454545454591,17,27641.45422454289,0.9179654893758616,0.521,0.918,0.683,185.995,0.203,-3.414,0.0867
Espetinho,Os Parazim,0,146,0.2342989924285491,-0.9991830903299208,-0.46425875297077035,333.3120645724804,89868.17647058824,5743.943093640098,-97.24019607843096,11,7475.092030160899,1.0,0.633,0.814,0.74,133.045,0.47,-3.398,0.0336
Essence (feat. Justin Bieber & Tems),WizKid,0,40,0.33264707226011836,-0.8771689856317407,-0.19352401837434763,520.8022033951149,54384.19047619047,76342.98640291786,1326.5038961038965,6,98403.0246936546,1.308486429147791,0.835,0.691,0.581,103.999,0.0159,-5.828,0.113
Essence (feat. Tems),WizKid,0,48,0.3583923360869406,-0.9992523365265671,-0.14555202031364853,270.1153568043383,2709.0,214.48054634839207,22.907792207792255,15,196.12431644240343,0.8711542328574301,0.849,0.707,0.602,104.027,0.0266,-6.002,0.113
Est-ce que tu m'aimes ? - Pilule bleue,GIMS,0,100,-0.6893453519900269,-0.18995234395306257,-0.5910499094162247,344.70427476624195,8843.380952380952,1036.8853762334156,43.400000000000006,14,1532.823672181507,0.9144900988535514,0.779,0.852,0.601,119.892,0.235,-3.353,0.0651
Estoy Hecho De Pedacitos De Ti,Antonio Orozco,0,177,-0.9990873999230032,0.9992252414460144,-0.03927881428601557,399.8626115386331,34352.28571428572,7863.833235545029,750.5142857142857,13,4348.598754484024,0.7432779485583095,0.534,0.49,0.332,144.11,0.232,-6.788,0.0309
Estrechez De Corazón,Los Prisioneros,0,105,-0.8092730269078262,0.40162457506251686,-0.5414906924084084,297.4612507953619,23573.8125,3713.821603462362,-97.65441176470542,3,4630.716616488448,1.0,0.658,0.737,0.456,130.26,0.0016,-8.233,0.0339
Eterno Replay - Ao Vivo,Henrique & Juliano,0,54,0.0373591533409906,0.058327596635897386,0.197602377722977,439.80663063653725,105946.04761904762,26381.603639975718,-3549.146753246753,0,11833.496345543865,1.4918095310140926,0.658,0.719,0.805,161.889,0.467,-5.417,0.153
Eu Mereço Ser Feliz - Ao Vivo,Mumuzinho,0,105,-0.5198973079725763,0.9951953857597893,0.342781648403852,436.41502109203253,92213.38095238095,14225.62423929904,814.6506493506505,20,11910.819737847602,0.953177262713705,0.663,0.818,0.908,106.1,0.585,-6.107,0.0537
Eu Vou Tirar Você Do Cabaré,Israell Muniz,0,70,0.5546835229439768,-0.9765096258039878,0.16337596930864404,486.442998081012,178206.42857142858,42422.42414951188,-2418.1363636363567,9,41124.26897766694,1.1349866363034968,0.743,0.764,0.916,157.95,0.292,-9.575,0.0575
Eu vou tirar você do cabaré,Israell Muniz,0,79,-0.3195427871678129,0.9035922709189133,0.21559614702511998,459.2570194137015,139898.09523809524,30144.354755243596,3691.758441558443,17,21570.235453976853,0.6799516382204398,0.743,0.764,0.916,157.95,0.292,-9.575,0.0575
Euphoria,BTS,1,3,0.09535302054386603,-0.9092501916575652,-0.43821578130860717,512.5443217456624,27228.666666666668,63060.79825762505,1388.5974025974028,14,89488.49353088642,0.3427527492799833,0.637,0.799,0.57,104.996,0.394,-4.518,0.0338
Everlong,Foo Fighters,0,32,-0.2487992900950661,-0.9992573240652237,-0.5773354734913794,428.33653549639007,6042.0952380952385,8365.631310847075,-207.36363636363637,12,13544.997041712486,2.5415505375120873,0.413,0.881,0.364,158.066,5.99e-05,-5.541,0.0367
Evermore,Dan Stevens,0,151,-0.17054359033717706,-0.9552650904575353,-0.5934321893886739,409.67173140055144,7087.0,5278.378439670743,-249.57272727272715,1,8054.222329157546,1.5997640674767017,0.285,0.396,0.219,79.442,0.674,-8.741,0.0318
Every Breath You Take,The Police,0,65,-0.15450020791917993,-0.9479596659882394,-0.5603750474091868,470.88339203162127,15006.809523809523,23209.694207417167,543.9597402597402,19,36750.57169415872,0.7729950158586317,0.82,0.452,0.74,117.401,0.543,-9.796,0.0348
Every Time the Sun Comes Up,Sharon Van Etten,0,118,0.04429621938331996,-0.9987790625583869,-0.33095536583418217,154.76868228453878,5573.181818181818,397.99790273129884,-76.9181818181818,2,454.1495348450772,1.0,0.663,0.522,0.301,99.759,0.392,-8.741,0.0374
Everybody Dies In Their Nightmares,XXXTENTACION,1,6,-0.04743518589372947,-0.9670683445562595,-0.49158192466208944,568.9038557911394,100113.66666666667,268236.85363647115,-4640.763636363639,13,405925.93729785236,7.288641410403068,0.734,0.57,0.689,129.953,0.847,-7.066,0.133
Everybody Hates Me,The Chainsmokers,1,4,0.1391048228144938,-0.9077648635483203,-0.3950613681278474,527.6567358119962,39559.57142857143,92412.88318327103,2933.948051948052,16,127746.99168586124,0.24784112224306376,0.475,0.752,0.515,154.957,0.00703,-6.596,0.0467
Everybody Talks,Neon Trees,0,114,-0.6059447009816672,0.9322831520002719,0.18760205698788326,423.6489110276657,219872.33333333334,10354.753715465013,884.8857142857155,16,8403.42336476629,0.9262825496017814,0.471,0.924,0.725,154.961,0.00301,-3.906,0.0586
Everybody Wants To Rule The World,Tears For Fears,0,116,0.07348484390063986,-0.9711867389119018,-0.4593203345528931,458.9579156164477,37504.857142857145,19463.76116025372,1514.287012987014,12,24581.07136777199,0.5766359104272948,0.645,0.795,0.535,112.067,0.347,-12.095,0.0527
Everyday Life,Coldplay,0,52,-0.18545899920799513,-0.9999999999971927,-0.4907668245132431,574.0443763603114,63092.71428571428,169904.7555351002,-8830.016883116883,2,253088.24863400415,13.178970590383802,0.512,0.452,0.235,124.103,0.775,-8.991,0.0292
Everyday Normal Guy 2,Jon Lajoie,0,54,-0.1440163374171971,-0.9979621696586428,-0.5283342997406884,340.1392446988026,2221.6666666666665,902.1775420948571,-21.47012987012987,6,1403.1526458300964,1.3074027603513174,0.823,0.731,0.876,90.302,0.42,-4.273,0.307
Everything I Need - Film Version,Skylar Grey,0,39,-0.10281651464100565,-0.9994550801012734,-0.5415448534384026,439.20277066677903,11429.714285714286,10613.539381567378,-330.3220779220775,9,16063.025654822943,1.53596420786968,0.502,0.458,0.289,75.067,0.4,-9.294,0.0383
Everytime We Touch - Radio Edit,Cascada,0,127,-0.07975292055215016,-0.999999911324269,-0.49722779106302945,445.56942943545226,6826.857142857143,12668.739100958834,-452.25714285714275,4,18992.880180412343,2.4244499174537877,0.64,0.977,0.493,142.019,0.00461,-5.369,0.0555
Ex Bitch,XXXTENTACION,0,43,-0.09666732005489313,-0.9996760514447292,-0.5488278570275773,572.2658255455424,164243.7142857143,290530.4411361665,1647.1883116883105,2,447362.0185707851,0.894374333593265,0.835,0.462,0.702,78.99,0.513,-6.227,0.155
Exclusividade - Ao Vivo,Matheus & Kauan,0,27,-0.6851950546420497,0.9927355703758775,-0.09010036483857681,431.05536036852016,64890.142857142855,12771.534633095342,1120.5727272727283,8,9920.796422036892,0.728614639537974,0.615,0.944,0.782,94.69,0.187,-4.115,0.2
Eye of the Tiger,Survivor,0,103,-0.5668889989493939,-0.917773587683212,-0.8190673778023178,468.1097861296911,26948.47619047619,25309.005919442694,-104.35844155844124,1,45720.70466145507,0.9643370633592746,0.817,0.599,0.548,108.873,0.132,-9.249,0.0328
E先生 連環不幸事件,Edan 呂爵安,1,1,-0.830639321918783,0.9999930790937107,-0.09918426537183969,369.4932543074441,12102.47619047619,1926.4556306990708,97.33766233766212,20,2063.7525263461216,0.944992769756926,0.497,0.454,0.323,164.012,0.543,-9.386,0.0303
F.N,Lil Tjay,0,23,-0.8803944622698818,-0.014217466741068094,-0.8977324021563746,521.670921291196,132468.33333333334,100952.36783247894,2057.893506493512,20,184070.63460935315,0.7170216949257778,0.567,0.515,0.321,120.1,0.354,-10.265,0.247
FAKE LOVE,BTS,1,1,0.0718895134532091,-0.9690236659798822,-0.2817122644037842,477.1237839914024,26361.571428571428,27068.342258547167,-545.7844155844157,11,38436.32495761659,1.494239911836693,0.557,0.719,0.345,77.502,0.00267,-4.515,0.0371
FANCY,TWICE,1,3,-0.06884041380913217,-0.5754445449403527,-0.36704675978236045,562.5971233506241,100112.33333333333,214869.40693567542,2138.7558441558404,18,291880.1971331731,0.6831793096133383,0.697,0.874,0.775,132.018,0.0122,-2.15,0.0449
FEVER,ENHYPEN,0,20,-0.24805681764039475,-0.9988169573372034,-0.5649378224368945,454.2453922246183,20917.285714285714,15713.808026072871,-129.3389610389612,2,25513.734354068984,1.1033903524734736,0.6,0.713,0.471,72.999,0.0642,-5.079,0.0592
"FRANCHISE (feat. Future, Young Thug & M.I.A.) - REMIX",Travis Scott,0,53,-0.18874001300725834,-0.9987850438304329,-0.5731019957017885,371.6204891988677,59242.333333333336,93802.19023787355,39.23571428571647,8,153466.2599637132,1.0,0.859,0.77,0.348,155.025,0.0056,-5.358,0.345
FRANCHISE (feat. Young Thug & M.I.A.),Travis Scott,1,1,-0.30911024452213826,-0.5245283598853785,-0.5135213154425572,477.11404397847366,27643.333333333332,25322.307489705097,-780.6766233766242,0,37398.21202932033,1.0688072172546375,0.835,0.699,0.547,154.981,0.00671,-5.405,0.277
Fabricando Fantasías - Salsa Version,Tito Nieves,0,141,-0.31880701142283185,-0.9999911602042526,-0.5074401323095431,350.30698826947753,3571.4285714285716,1280.2454590328175,77.49610389610389,3,1914.2012981920163,0.6593203518017864,0.726,0.857,0.928,90.74,0.243,-3.264,0.0424
Faded,Alan Walker,1,7,-0.018062842132447507,-0.9992156543158671,-0.4017905986857188,447.1703887914289,15839.285714285714,13041.13776128615,-451.4272727272721,2,19101.83338425922,1.52969447671011,0.468,0.627,0.159,179.642,0.0281,-5.085,0.0476
Faint,Linkin Park,0,19,-0.904636128186701,0.09674804922382388,-1.0375405797585582,524.4926146492696,44729.666666666664,92576.65250474401,4212.072727272725,20,107340.72802175324,0.4736184923913964,0.554,0.978,0.594,135.095,0.111,-3.554,0.131
Fair Trade (with Travis Scott),Drake,1,1,-0.7195760295978207,-0.26708489330792096,-0.47536585167579637,533.0131471881705,81972.0,92548.9782238881,-5297.477922077926,0,121601.87806850477,1.9719750995778378,0.666,0.465,0.292,167.937,0.0503,-8.545,0.26
Fait Accompli,Ana Diaz,0,48,-0.999943046337112,0.9976826585540165,0.03990960313727853,401.96464762958385,34780.142857142855,7302.40349399536,-945.149350649351,0,4613.288702216673,1.4272333511004394,0.706,0.559,0.234,124.894,0.479,-9.038,0.0575
Faith,Ghost,0,51,-0.27984873604500926,-0.9999999998341326,-0.6286002037493759,315.9309953463017,17958.8,13873.568414795092,-979.6999999999999,3,22407.010821597414,1.0,0.355,0.823,0.229,183.859,0.000519,-6.254,0.0517
Fake Happy,Paramore,0,102,-0.3276058622698366,-0.9999999999975241,-0.4898750830640478,277.0004558875548,93386.54545454546,134989.57127959156,-13245.954545454551,1,216966.10927478975,1.0,0.734,0.626,0.44,98.559,0.076,-5.685,0.0458
Fala Comigo Bebê - Ao Vivo,Os Barões Da Pisadinha,0,87,-0.14261643427583318,0.6738814504273434,0.24577899359311872,470.07164081989066,114315.57142857143,29490.55802338457,-1389.1571428571397,1,28187.07169337567,1.0327102803738317,0.523,0.916,0.861,167.943,0.518,-2.347,0.0419
Fall for You (Acoustic),Secondhand Serenade,0,81,0.1410816248353799,-0.9956783845936545,-0.3725045516666642,312.29428001338124,3191.3809523809523,443.4548858989654,-1.49610389610384,10,574.9612052130126,1.0194856166597406,0.433,0.307,0.378,178.114,0.65,-8.796,0.0327
Fallin for You,Shrey Singhal,0,81,-0.6742221440194612,0.580485315752546,0.21557070990667576,363.683138954941,52365.90476190476,7006.513982103075,1058.1831168831177,15,1771.2913220303428,0.7345148637890526,0.625,0.835,0.547,183.826,0.211,-3.32,0.325
Falling,Trevor Daniel,1,1,0.09734503009322035,-0.9433282747330934,-0.36119712778189567,529.2508968192803,57695.19047619047,96766.33548011123,1123.5610389610395,18,137446.4672046812,0.9457355747069429,0.785,0.431,0.236,127.085,0.123,-8.756,0.0364
"Family (feat. Bebe Rexha, Ty Dolla $ign & A Boogie Wit da Hoodie)",David Guetta,0,41,-0.03595462216944504,-0.8783439003226307,-0.5245069682007902,559.4532393372745,66701.42857142857,202561.15455680975,5567.375324675323,15,305141.4235801328,0.12857854937615676,0.687,0.717,0.685,88.063,0.0744,-6.61,0.0755
Fancy Like,Walker Hayes,0,19,-0.5396392422632882,-0.7284163676170826,-0.7793113564520987,542.5815195731228,241747.14285714287,155352.17254424762,3039.042857142852,19,277239.6415862998,0.8649311209486871,0.647,0.765,0.855,79.994,0.111,-6.459,0.06
Fast Car,Tracy Chapman,0,79,-0.42757859050989905,-0.9374188547109726,-0.6470785247045296,461.59343812355996,19519.47619047619,20081.047218516524,-513.9246753246753,12,34900.06464607193,1.652334086552363,0.711,0.292,0.194,103.951,0.313,-15.523,0.037
Father And Son,Yusuf / Cat Stevens,0,107,-0.513890941174876,-0.9996161581683995,-0.7049742325437189,210.340994544791,6591.615384615385,1141.515628011322,84.01648351648362,11,1944.801580496067,1.0,0.495,0.326,0.371,136.243,0.541,-12.29,0.0365
Fattig bonddräng - Så mycket bättre 2020,Markus Krunegård,0,23,0.4688404715978673,-0.9576291829508299,0.04350895265603985,384.71632890114677,28376.95,9375.817790864965,-1399.1827067669187,0,5320.8801726438405,1.0,0.196,0.703,0.401,87.365,0.118,-7.284,0.0399
Fed Up,Ghostemane,0,28,-0.92760220013157,0.457673621878855,-0.46461751097359044,353.785048166625,3957.285714285714,1914.1065587807138,-217.22207792207803,0,1811.773630313677,1.9895822481508492,0.849,0.758,0.0684,115.058,0.499,-7.498,0.256
Feel Good Inc.,Gorillaz,0,52,-0.2785766344806564,-0.9473689739503856,-0.6014134634180817,458.060740122319,22030.666666666668,17182.19367427563,55.201298701298875,9,28322.52012176,1.0449555741827325,0.818,0.705,0.772,138.559,0.00836,-6.679,0.177
Feel So Close - Radio Edit,Calvin Harris,0,46,-0.1507010971183896,-0.9999999998901894,-0.5092784326498345,495.64833086825286,22810.0,38404.02256088733,-764.6389610389604,2,59448.95662740852,1.8729319806411113,0.707,0.924,0.919,127.937,0.000972,-2.842,0.031
Feel Something (feat. Duncan Laurence),Armin van Buuren,0,57,-0.44182461718091126,-0.9999132601521443,-0.17826268762064182,434.49843910443025,37192.90476190476,9979.738787996608,343.55194805194793,0,14103.480629263116,0.8459388534488276,0.687,0.645,0.732,93.76,0.0688,-4.745,0.127
Feel Special,TWICE,1,3,-0.10107522308545883,-0.8708382002878081,-0.5544875874776929,554.9843628888603,84392.28571428571,182646.0922635808,1425.7116883116885,10,281883.4336902889,0.6103894045612793,0.708,0.959,0.644,128.981,0.0296,-1.338,0.0604
Feelings,Lauv,1,7,-0.16562892395079845,-0.999999999995284,-0.5288335269370789,540.8971006122764,38258.47619047619,96984.4782621077,-2952.024675324676,3,148873.01349945867,2.9105562453580074,0.7,0.392,0.25,103.044,0.0578,-8.911,0.033
Felices los 4,Maluma,1,1,0.3606775674071001,-0.9015874786234088,-0.21761207759068676,535.5241630927101,56102.857142857145,117044.40709336237,4252.328571428573,16,143468.06046067362,0.36374613589653193,0.766,0.756,0.716,94.027,0.213,-5.861,0.132
Fell On Black Days,Soundgarden,0,96,-0.17093388737610596,-0.9999999953582147,-0.5097851708220477,331.57176706094685,83819.38461538461,151404.91666772173,-266.15384615384374,3,244298.40597458312,1.0,0.574,0.739,0.514,101.069,0.00152,-5.745,0.0271
Fetish (feat. Gucci Mane),Selena Gomez,1,1,0.35363564837747896,-0.8983866026361284,-0.1659421892167339,462.9847937741537,18982.04761904762,18195.095954879056,121.62467532467521,6,23191.434565966378,1.0842833321990062,0.708,0.618,0.265,123.013,0.0204,-4.424,0.0592
Fever,Vybz Kartel,0,19,-0.07273449011801936,-0.9994229216170699,-0.45503342473176384,371.6577807466052,7159.809523809524,2026.8785670640416,92.45974025974022,6,2964.6744892989514,0.8938842608840208,0.891,0.62,0.404,98.093,0.139,-7.463,0.244
Fight Song,Rachel Platten,0,174,-0.04869519155139059,-0.7847648752222771,-0.5088625540905125,370.60689028425804,9091.333333333334,9087.701133338887,445.51909184726514,7,13329.685746106896,1.0,0.564,0.714,0.33,175.924,0.0549,-4.987,0.129
Film out,BTS,1,2,0.11231558046841536,-0.9488226990928027,-0.2523488894482655,482.2178277467521,24067.04761904762,30308.101259401144,691.4402597402595,18,42038.7808444774,0.8763980178642442,0.499,0.709,0.314,164.032,0.296,-6.404,0.134
Filter,BTS,1,2,0.01503704266087984,-0.9999814704735874,-0.364999951559085,474.2877557915522,22239.333333333332,26286.857448313152,-1205.0311688311688,3,36538.70731358048,2.3398780080721027,0.779,0.762,0.859,110.043,0.0224,-5.188,0.0631
Final Masquerade,Linkin Park,0,77,0.2586615540786653,-0.9975586547452839,-0.32382328084702744,216.01994093216345,3999.9166666666665,2722.3748351495533,-15.912587412587438,4,3598.8488517651363,1.0,0.466,0.852,0.428,164.032,0.00774,-4.487,0.0585
Fine,TAEYEON,0,20,-0.5537101295241316,-0.9984845343139357,-0.6931600757958861,390.89288841711027,9340.285714285714,3640.1116171120375,-21.17402597402583,16,6220.342436514246,0.9675502198977772,0.36,0.565,0.311,173.281,0.358,-4.898,0.0608
Fingers,Lil Peep,0,43,-0.0031195508208636514,-0.9147109899487638,-0.49937149001540687,511.5366347797638,16531.380952380954,61389.247098196654,-527.2311688311687,9,91540.33092876333,2.3519536690858445,0.546,0.835,0.423,133.986,0.0123,-6.399,0.0501
Fire On Fire,Sam Smith,0,61,-0.2882688275455973,0.6699041120733977,0.3381928227813757,433.13956449248326,53300.857142857145,19730.777056804076,1440.2194805194804,7,10725.30576300741,0.6856180543766807,0.584,0.408,0.333,115.129,0.476,-7.356,0.0461
Firestarter,The Prodigy,0,32,0.4526397339451093,-0.9198585280858735,-0.09344962889619418,488.3644353242567,19317.190476190477,37036.93826389701,437.53766233766294,10,42421.68403007476,0.5819824397059523,0.545,0.948,0.355,141.507,0.00335,-5.098,0.0779
Firework,Katy Perry,0,75,-0.09636127534206336,-0.6789013767103776,-0.5660349001467913,351.2882445813663,94523.85714285714,116220.09540022213,13493.345054945055,11,158416.1511268537,1.0,0.637,0.867,0.652,124.069,0.143,-3.686,0.05
First Love,Hikaru Utada,0,46,0.6098776335706291,-0.9991391345154259,-0.15200545797103612,307.9563693224366,5905.047619047619,743.5815180078796,92.27922077922084,12,471.07673472588306,0.8127269820241657,0.438,0.434,0.195,179.913,0.122,-8.37,0.0371
Fixona,Harry Nach,0,92,0.7564176394911639,-0.9999242635504859,-0.0377288416617125,390.1792735751798,23124.380952380954,4100.772209233053,-232.96753246753232,0,3504.0267564617707,1.1729751703489573,0.869,0.76,0.872,92.981,0.432,-2.355,0.0887
Flaca,Andrés Calamaro,0,90,0.0042490083021987975,-0.9974135496283519,-0.3953117328780536,381.3294950095001,4951.142857142857,2828.892384388098,226.40649350649343,19,3580.7576080349254,0.4659903249182319,0.739,0.48,0.758,105.029,0.718,-10.82,0.0263
Flamingo,Kenshi Yonezu,1,6,-0.18311570151050216,-0.5706221612858018,-0.36896615434050717,493.04965170098205,110069.19047619047,38375.56475603546,-2357.6857142857143,1,50915.70827318422,1.4515935843183034,0.76,0.668,0.913,114.075,0.165,-6.0,0.0546
Floor 555,XXXTENTACION,0,29,0.020225736714601122,-0.9999999999973163,-0.4442080730368293,544.9508126722226,46901.76190476191,150483.97248588895,-9537.125974025968,1,207792.71119576716,24.903436376707404,0.695,0.686,0.354,105.219,0.000424,-8.147,0.0478
Flor Pálida,Marc Anthony,0,45,-0.7215102720146256,0.2720704498092162,-0.525173899550293,361.29309609109555,3307.6190476190477,1481.671272461334,24.66233766233762,0,1956.0120264200832,0.816963934941463,0.574,0.802,0.739,93.537,0.659,-3.976,0.0316
Fluorescent Adolescent,Arctic Monkeys,0,45,-0.8636564971041399,-0.3582328304992278,-0.9382352988816163,453.9075124188424,26165.285714285714,23723.306087640718,-54.19350649350684,8,45297.95639319726,1.1411756428747317,0.654,0.828,0.79,112.056,0.00146,-5.377,0.0281
Flux,Ellie Goulding,0,57,-0.2922038274323209,-0.11062846173013054,-0.5523606353676397,550.2472281739787,57041.142857142855,172987.69866071973,7289.954545454544,20,191236.42460967,0.3969568715492903,0.509,0.415,0.393,93.576,0.856,-6.502,0.0272
Fly To My Room,BTS,1,3,0.1208721443684091,-0.9646295467049658,-0.4051747440577308,524.2027367010023,62225.619047619046,89598.19249105643,-3089.74935064935,11,122831.31806668852,2.093601160494822,0.764,0.526,0.588,114.91,0.0484,-7.355,0.212
Focus (feat. 21 Savage),Bazzi,0,34,-0.9999998283110227,0.006554923896423634,-0.5070760262960942,545.8950414886067,32769.90476190476,111347.6352428798,-5624.479220779214,1,166870.68925560295,6.105015120411452,0.752,0.703,0.538,77.021,0.00694,-5.268,0.0969
"Fokus (Jugglerz, Miami Yacine, Nura feat. Bausa & Joshi Mizu)",Jugglerz,0,58,-0.6992177888899921,-0.9999999779864542,-0.7884793813734153,482.44069279198163,56911.380952380954,44329.14459496756,1419.359740259741,1,82182.94543583844,0.6806334241058147,0.73,0.805,0.224,119.845,0.154,-6.285,0.0714
Follow You,Imagine Dragons,0,13,0.03250476716584086,-0.869068304166038,-0.47895151638677835,521.0191454183105,39766.23809523809,78310.17656783931,3468.1818181818185,17,112283.02153816489,0.2787879018364778,0.542,0.732,0.489,124.912,0.00209,-5.956,0.0521
For All You Give (feat. Lucy Rose),The Paper Kites,0,106,0.031760646870782054,-0.9998052937655894,-0.48469004276201016,363.2724772133507,23807.333333333332,1577.5334373735939,-10.541558441558644,19,2234.0934380638605,1.0196976361631487,0.498,0.142,0.355,139.173,0.956,-17.142,0.0383
Forever After All,Luke Combs,1,2,-0.3552418718300928,-0.9349941483383098,-0.6268447046763683,615.6377294822374,694691.0952380953,918503.2754372427,-21961.683116883105,2,1548499.9014757306,1.466552146885396,0.487,0.65,0.456,151.964,0.191,-5.195,0.0253
Forever Young,BLACKPINK,1,2,-0.07016478552711158,-0.8215330329162853,-0.5035856792358777,549.102469718006,59897.09523809524,157854.82863299697,4928.579220779221,14,237894.63301059886,0.12949326264809724,0.592,0.961,0.508,109.826,0.0423,-1.807,0.096
Forever Young,Eve Ai,1,3,0.11423302747529054,-0.5272133364567378,-0.24407549551739238,386.0409440065152,15769.809523809523,3761.650709323889,296.1142857142857,11,3281.8099712658563,0.7334788873848304,0.304,0.226,0.323,139.593,0.929,-10.707,0.0329
Forget to Forget,SHY Martin,0,56,-0.184024721529401,-0.9627262862394723,-0.3931551184119604,433.9081859371582,8170.333333333333,9393.347774499696,-288.4714285714288,0,13528.170022124204,1.1883929886581235,0.918,0.602,0.81,110.996,0.0732,-8.891,0.0603
Formula,Labrinth,0,53,0.2402928792904379,-0.9995844548776958,-0.265266369124801,330.5579363219537,1869.4285714285713,741.9040864352937,33.60909090909089,20,915.8166355772316,0.8060459964818554,0.574,0.664,0.226,144.654,0.0448,-6.068,0.0409
Fortunate Son,Creedence Clearwater Revival,0,37,-0.08683402825720082,-0.8854683435145262,-0.6168542507744306,533.0044087440026,88027.57142857143,107445.43415306271,-3272.0896103896102,12,164578.24377306833,1.7777485981207821,0.64,0.663,0.663,132.77,0.201,-7.516,0.0374
Forty Six & 2,TOOL,0,77,-0.09263736526057204,-0.9999999999955684,-0.5025151163128917,288.9172032923286,29382.166666666668,75046.11480153757,-6441.9370629370615,2,116233.98182378324,1.0,0.375,0.682,0.396,159.23,0.00152,-6.898,0.0364
Four Out Of Five,Arctic Monkeys,1,2,-0.4304705108328976,0.515113733157673,0.0187067004521336,535.015965232068,51916.09523809524,121708.4741248548,5815.622077922076,20,127250.15901006764,0.40800766659578064,0.601,0.863,0.676,130.189,0.0626,-4.31,0.0685
Freak (feat. REI AMI),Sub Urban,0,101,-0.6437370273858899,-0.11046495756798834,-0.7332035705262446,371.5616668174835,2442.0,2087.8479692873098,-3.0545454545454214,8,3074.3813731383425,0.8735911083281152,0.619,0.45,0.41,179.755,0.433,-11.965,0.515
Freaks,Surf Curse,0,13,0.3258216546606729,-0.9209783728976726,-0.19698860877575597,521.1126824754812,51224.52380952381,89303.48262905542,6489.850649350648,20,102893.37330513565,0.012993206845738533,0.345,0.941,0.407,179.626,3.84e-05,-9.918,0.0466
Freaky Friday (feat. Chris Brown),Lil Dicky,1,1,-0.018178106533991437,-0.954117718008026,-0.4692861337826689,579.8250418079754,160251.95238095237,358297.8128276713,-15472.829870129872,9,521557.9620281335,4.5859171919611095,0.755,0.599,0.755,133.123,0.147,-5.042,0.224
Free Fallin',Tom Petty,0,16,0.058433625538417105,-0.9499436374535198,-0.4313911637080757,574.0139331293904,128414.23809523809,299052.6638761466,-3553.137662337661,13,432240.9673287459,9.04252349712988,0.623,0.449,0.572,84.383,0.212,-13.333,0.0253
"Free Fallin' - Live at the Nokia Theatre, Los Angeles, CA - December 2007",John Mayer,0,132,0.5921009864120642,-0.9994738948315044,0.006788859399609371,289.56010670600654,7513.789473684211,1141.9377611829432,169.83157894736843,17,652.5619714197342,1.0,0.315,0.296,0.435,173.509,0.771,-13.262,0.0315
Friday I'm In Love,The Cure,0,86,-0.45802698493033867,-0.9999789980068018,-0.6103335391326115,284.0325170460681,22798.076923076922,22079.7511707744,-739.703296703297,7,38080.07903409676,1.0,0.526,0.763,0.514,136.205,0.00126,-12.663,0.0341
Friends,BTS,1,4,-0.22551655987220498,-0.6151324251557553,-0.9281736079054939,529.1155868298588,41889.333333333336,98273.43540460068,5476.370129870129,19,139388.36216445762,0.17796668459162365,0.55,0.747,0.649,79.979,0.0668,-5.211,0.0407
From the Inside,Linkin Park,0,47,0.052057147293024054,-0.9256541094406557,-0.4601244152436151,549.7653774802171,61415.380952380954,160785.2386414802,1736.7285714285706,15,233968.83741849044,0.41492060023566757,0.466,0.965,0.453,95.028,0.042,-2.597,0.0904
Frost er úti fuglinn minn,Hafdís Huld,0,36,0.463771180546102,-0.9997150009080629,-0.2706809548109088,201.55369854107596,1045.6190476190477,32.06463144290233,1.7519480519480581,20,33.56501154476191,0.9776149776149775,0.504,0.118,0.6,113.507,0.937,-13.917,0.0392
Frosty The Snowman,Ella Fitzgerald,0,41,0.1835652299367576,-0.9017311554667246,-0.3866225045575834,511.6705044498347,28297.571428571428,62815.080883018345,2340.9675324675327,15,84065.93308534677,0.2638000369584921,0.579,0.502,0.836,76.783,0.733,-7.57,0.0513
Fuck Love (feat. Trippie Redd),XXXTENTACION,1,5,-0.09742438425221259,-0.9536867523639679,-0.48612984748887916,579.0273358268555,151628.80952380953,341629.8853374483,-666.6194805194766,11,530732.7298400392,0.9699804554538068,0.797,0.533,0.329,131.036,0.0172,-9.74,0.0412
"Fuego (with Sean Paul & Anitta, feat. Tainy)",DJ Snake,0,74,-0.012052697821797949,-0.9311974858599489,-0.4794167500158164,560.6220896057225,77458.66666666667,210512.58561885677,1131.9649350649368,12,315600.7278272461,1.545296312027923,0.819,0.859,0.612,104.906,0.0244,-6.264,0.224
Fuentes de Ortiz,Ed Maverick,0,17,0.5546898295631532,-0.9999995015525283,-0.07582407569149116,397.01825547871937,62865.76190476191,4593.05925547048,295.7350649350661,20,4392.898770743529,0.9628023604806649,0.83,0.159,0.189,104.95,0.946,-14.461,0.0383
Fuerte No Soy,Intocable,0,80,0.27448300468253667,-0.9999999991218054,-0.1944726313303354,431.88331288015655,80577.14285714286,9157.76404029319,-233.06363636363685,1,11367.064667714352,1.0315303289658506,0.66,0.441,0.449,125.663,0.152,-11.02,0.0364
Future,Red Velvet,0,51,-0.05293610981958511,-0.9991465990804625,-0.41994763285419406,440.37945444752364,16233.57142857143,11421.706054582168,592.2766233766234,8,16177.704985179449,0.4981203739016057,0.717,0.868,0.552,100.005,0.438,-3.073,0.04
Fuzuê,Tiago Iorc,1,8,-0.23681040387918917,0.9999997224873719,0.6554622230334813,259.6096660412404,153201.33333333334,90024.30251542573,-23802.91608391608,0,25664.68064889796,1.0,0.66,0.675,0.585,191.92,0.026,-7.909,0.245
Fyll upp mitt glas nu,Tove Styrke,0,42,-0.24254019926165762,0.26989731128796823,0.2336475268288181,393.5147912757678,31113.95238095238,11528.571094195624,-1771.209090909091,0,3687.4192926761125,2.196267035492501,0.327,0.503,0.262,109.831,0.639,-7.627,0.0323
Född i juni,Hov1,0,21,-0.37959113067490563,0.999999936385656,0.05747884985962242,431.60106100760254,52689.333333333336,20259.39030562261,-3042.3272727272733,0,10794.606143231906,2.309496194431922,0.745,0.712,0.584,135.013,0.131,-6.281,0.152
Fútbol & Rumba (feat. Enrique Iglesias),Anuel AA,1,5,-0.04373075917334091,-0.9246249195248483,-0.5142165891218281,570.4623977541287,119184.0,270661.2078799761,-5340.811688311689,10,409339.8047863291,4.005867906179433,0.735,0.916,0.691,167.994,0.397,-2.082,0.117
G-Shit (feat. Blockboi Twitch),Sidhu Moose Wala,1,9,0.9999968888132051,-0.9999999998854023,-0.07381583620730135,431.5613697460151,94034.33333333333,20134.67221423292,-3004.009090909089,1,9580.74373874492,1.5662484285256488,0.658,0.761,0.843,165.543,0.0531,-6.645,0.257
G.O.A.T.,Diljit Dosanjh,1,1,-0.7085335528330425,-0.5379946979931497,-0.8515755371432813,498.80570855765853,130671.61904761905,49342.852041295315,974.2675324675339,2,88343.1486893013,0.9082644710923347,0.544,0.917,0.686,176.068,0.00313,-3.403,0.259
GOAT,Sidhu Moose Wala,1,10,0.9999965332338588,-0.9999670111237509,-0.1063058704429694,427.41008778261966,86896.42857142857,17700.852596014982,-2546.903896103893,1,8657.039797038015,1.494736509778154,0.724,0.728,0.47,172.059,0.0459,-4.146,0.218
Goat,Sidhu Moose Wala,0,149,0.07327128615109477,-0.99836809605308,-0.27515165576957656,215.35292165518166,23251.846153846152,1271.1997873695086,124.32417582417621,11,1666.6211556286237,1.0,0.724,0.728,0.47,172.059,0.0459,-4.146,0.218
GOOBA,6ix9ine,1,1,0.0905056363123127,-0.9103450714372161,-0.4374686552696495,546.0722632150243,47465.0,146208.5692866774,3643.9999999999995,14,207458.79223216235,0.10059176317773237,0.611,0.688,0.393,178.462,0.0264,-5.688,0.341
GOTTI,6ix9ine,0,19,-0.24504952293910034,-0.9272914007635925,-0.6816050396655817,528.3117533126737,70144.71428571429,97606.30840860882,199.603896103897,16,160806.34395236868,0.5706884475245657,0.728,0.584,0.365,161.9,0.0524,-7.255,0.176
GRIND,Emiway Bantai,0,57,-0.8578545203775811,0.7972711555427932,0.17049373570199278,394.9246455356137,81041.80952380953,13164.797636912679,1922.9558441558447,14,3870.3165968690473,0.7047399487865823,0.848,0.735,0.57,98.973,0.291,-4.661,0.0445
GUMMO,6ix9ine,0,46,-0.088424105808541,-0.8876537858577743,-0.5282947765672191,553.942882029169,250794.2380952381,177575.55966402282,-570.2753246753236,9,275922.94934961013,1.0321544151336022,0.66,0.775,0.635,157.036,0.0553,-4.926,0.172
Gabriellas sång - Så mycket bättre 2020,Jakob Hellman,0,24,-0.9232854828282464,0.9999993795958306,0.23021077168103332,406.1582346235609,38280.90476190476,15275.118361024593,-2292.206493506493,0,5120.823219707941,2.2202210075111095,0.543,0.632,0.676,123.954,0.138,-6.644,0.0295
Gaian lapsi (feat. Anna Eriksson),Stam1na,0,23,-0.38112404515746595,0.9999999816249299,-0.17447366558682795,399.9216250990015,13524.095238095239,7287.255554372938,-1042.6376623376623,1,4623.122960726872,2.9105803469959843,0.354,0.956,0.503,142.855,0.000161,-4.028,0.0991
Gaiola - Ao Vivo,Henrique & Juliano,0,121,-0.36445701606160125,0.7896883132893632,0.1683901700601997,454.80641073762945,127675.66666666667,17790.506393749212,-269.53116883116616,15,18685.17772052222,0.9544424376857592,0.38,0.809,0.271,155.359,0.168,-3.906,0.179
"Gali Gali (From ""Kgf Chapter 1"")",Neha Kakkar,0,94,0.24877730054319602,-0.9970995476800302,-0.2552876641288263,284.45586695725524,5307.571428571428,425.0890742990643,59.39090909090904,19,293.44266901730566,0.8564265043408841,0.789,0.95,0.746,126.013,0.191,-3.604,0.0759
Ganas,Greeicy,0,53,-0.7158935470725035,-0.9818292596514473,-0.7792633297087154,398.35491438805235,8757.761904761905,5244.664535141194,-205.718181818182,0,9213.03026411506,1.3749977057063671,0.735,0.804,0.725,175.844,0.0371,-2.405,0.0979
Gashina,SUNMI,0,54,-0.11725656959316193,-0.9979432866682704,-0.34710666549550895,362.5835708921761,3522.0476190476193,1558.9357931795125,-1.3779220779220094,15,2407.5591560748826,0.9591160220994476,0.722,0.833,0.53,93.941,0.0556,-3.915,0.094
Gasolina,Daddy Yankee,0,65,-0.9951513360939798,0.9999999944552722,0.0784184188922217,273.1117236924629,10225.076923076924,19219.507671840318,-3167.71978021978,0,15173.815667449051,1.0,0.852,0.797,0.741,96.008,0.322,-6.543,0.0614
Geberiyorum - Nazım Hikmet Ran Günler Şiiri,Athena,0,85,-0.05700496508904472,-0.9992919070195658,-0.3072200100812494,338.2237357460241,5611.0,886.001074921416,44.884415584415606,12,1199.5257146055685,0.9248787584869059,0.637,0.341,0.515,113.065,0.0536,-8.72,0.042
Genda Phool (feat. Payal Dev),Badshah,1,1,0.9012368684141442,-0.062031472234296364,0.4009638763833624,444.787553220864,175942.42857142858,33235.59189235802,1805.7883116883138,8,17491.855268881573,0.8902555371873637,0.955,0.538,0.837,116.977,0.132,-8.394,0.0734
Genghis Khan,Miike Snow,0,79,-0.9999999676355592,0.9999946257255948,-0.2416773867415243,317.08449703233225,18157.647058823528,3573.067670967747,-504.81372549019574,1,3789.7480987980916,1.0,0.688,0.847,0.453,93.979,0.04,-3.238,0.0508
Georgia,Vance Joy,0,106,-0.006615819241851538,-0.9979472514099487,-0.3522349980054882,422.29859226054714,8725.809523809523,6900.087712479407,72.42597402597384,9,10533.469482914925,0.9312614376986547,0.388,0.66,0.401,143.554,0.312,-7.372,0.0308
Get Busy,Sean Paul,0,101,0.055548239816708395,-0.8328972070242817,-0.4495563757768262,290.708649008067,27775.153846153848,26478.604413160432,1900.659340659341,8,39162.139540756994,1.0,0.735,0.824,0.726,100.202,0.615,-4.143,0.036
Get Low (with Liam Payne),Zedd,0,16,0.1116788817772546,-0.722464793396666,-0.45183960557270997,468.7269393239166,17500.95238095238,21918.03327872408,1382.3194805194805,20,27157.078496222675,0.20268088269215984,0.718,0.926,0.54,108.018,0.027,-3.511,0.0494
Get Lucky (feat. Pharrell Williams & Nile Rodgers) - Radio Edit,Daft Punk,0,33,-0.03357325225846933,-0.9485177747451807,-0.5331984732149172,473.24228706291615,24485.14285714286,24710.337862224915,849.5714285714286,19,36304.69876765265,0.6221856123009335,0.794,0.811,0.862,116.047,0.0426,-8.966,0.038
Get Out,CHVRCHES,0,49,-0.019301814261433358,-0.9278119440273634,-0.5086246136415091,550.4177172250245,68587.95238095238,163496.87719181037,-2371.36883116883,11,248071.44318258396,2.8371564991822478,0.479,0.855,0.228,162.023,0.0012,-4.131,0.0327
Get Wild,TM NETWORK,0,61,0.012139873409505307,-0.3753241921611922,-0.21522106302397262,345.6371413816931,5799.857142857143,2504.946939571381,353.4779220779221,16,1193.1676789118953,0.36541513414611376,0.624,0.856,0.836,131.834,0.0157,-10.914,0.0477
Get You The Moon (feat. Snøw),Kina,0,26,-0.27299192843184805,0.43283727202885164,0.16344650057864324,311.6006490896014,6105.619047619048,879.8547215681459,96.76623376623377,11,485.27118964554245,0.8044866801682505,0.498,0.235,0.0895,118.917,0.72,-16.541,0.188
Ghost,Justin Bieber,1,3,0.0011615351506605266,-0.9999761207113547,-0.4122301228212026,553.1318430801873,68912.95238095238,188708.2365387615,-10381.253246753242,1,258871.16232566346,6.025712578300911,0.601,0.741,0.441,153.96,0.185,-5.569,0.0478
Ghostbusters,Ray Parker Jr.,1,3,-0.09976061723093001,-0.9336572597018541,-0.529105101236575,570.2498641066817,132926.85714285713,276162.14806337893,1796.6519480519498,13,427459.118376787,1.6892545177242686,0.778,0.719,0.729,115.4,0.0123,-9.698,0.0345
Giant (with Rag'n'Bone Man),Calvin Harris,1,1,0.2612890451157969,-0.9005463901134675,-0.3019823714736553,541.8628991007104,56334.90476190476,136381.56075752177,5992.518181818181,16,174510.8520308909,0.14884473088252087,0.807,0.887,0.606,122.015,0.016,-4.311,0.0361
Gimme More,Britney Spears,0,81,-0.15017764160994237,-0.9962290125906862,-0.44109451360203306,363.9399825895282,3400.6190476190477,2056.2421915021046,209.06103896103892,19,2562.843325293218,0.3670298070010507,0.788,0.844,0.382,113.324,0.25,-3.131,0.0334
Gimme Shelter,The Rolling Stones,0,59,0.05136855208905351,-0.584474593074627,-0.48651262122908157,212.0681357799487,13290.4,16666.251109352695,3096.630303030303,9,20712.241573225587,1.0,0.634,0.63,0.489,118.628,0.447,-8.277,0.031
Gimme! Gimme! Gimme!,GAMPER & DADONI,0,48,-0.33654104969049536,-0.6563763816729073,-0.7146606024303089,474.7222975352817,58851.90476190476,24558.338116382158,-771.2194805194799,20,38881.991374028155,1.2598812246699571,0.62,0.748,0.417,125.999,0.0151,-5.36,0.058
Gimme! Gimme! Gimme! (A Man After Midnight),ABBA,0,21,0.14072928287979095,-0.9666470020639756,-0.2648905009587079,444.98274073707927,18228.0,12094.20965350184,-76.572727272727,8,16513.99800502592,0.9036086115729607,0.749,0.491,0.536,119.528,0.02,-9.655,0.0403
Ginger (feat. Burna Boy),WizKid,0,52,-0.3494202685973982,-0.9999997856303057,-0.6043006723437006,403.21066889865074,18606.944444444445,27065.3299659099,-1744.223942208462,2,42820.09364368531,1.0,0.545,0.749,0.681,100.503,0.103,-6.621,0.153
Ginza,J Balvin,0,55,-0.2746241627159818,-0.9420924249662094,-0.5582174252944399,450.71572046718774,11209.714285714286,14066.955818996712,10.654545454545229,8,21275.773162155587,0.788093902386398,0.73,0.809,0.825,101.965,0.208,-6.406,0.0876
Girls Just Want to Have Fun,Cyndi Lauper,0,62,-0.35737609573299817,-0.9999999997018288,-0.5442025472909938,473.0901607286867,29916.190476190477,26370.99810599849,539.9961038961038,18,43997.36523827307,0.6802679170434326,0.71,0.799,0.725,120.372,0.22,-4.897,0.0328
Girls Like Us,Zoe Wees,1,6,-0.19915238372245184,-0.6408916096334057,-0.4993626093644381,492.62125093083955,32456.809523809523,35720.65602316989,-442.6506493506485,1,56144.992753673054,1.2149898687340324,0.444,0.648,0.171,125.706,0.288,-4.955,0.0476
Give Me Your Forever,Zack Tabudlo,0,103,-0.9158928959846145,0.17783585919808004,-0.9431928621553408,390.6129957599476,39232.0,4550.580632758648,418.81038961038945,20,5415.016500436541,0.8821166996057873,0.627,0.363,0.301,99.905,0.279,-8.127,0.0291
Given Up,Linkin Park,0,48,0.07398344031263515,-0.9171982177828275,-0.4610876849059599,541.0308373332259,38602.71428571428,128586.7411828047,322.7480519480526,11,184899.9795704356,3.378835037794576,0.655,0.885,0.938,100.088,0.00117,-4.116,0.0438
Given-Taken,ENHYPEN,0,56,-0.5559955491460804,-0.1244298172042414,-0.5924574563134972,460.7714341539751,24985.809523809523,17989.286937929122,-66.55324675324708,5,25294.319151936073,0.9082235596336973,0.631,0.649,0.459,108.07,0.17,-4.939,0.0377
Glad He's Gone,Tove Lo,0,29,-0.19097522802585512,-0.9999999999929475,-0.5197084394067312,563.6072425463902,67573.61904761905,170447.4635544354,-6518.325974025973,2,261851.29305617337,5.489254125768526,0.795,0.595,0.502,91.025,0.0823,-8.073,0.0698
Glad You Came,The Wanted,0,110,-0.7801374585865357,-0.9562418411589604,-0.8742014804028431,446.1873225107679,20502.238095238095,19738.849874597105,-92.99610389610439,13,37657.84583971181,1.0695224969830266,0.722,0.851,0.452,126.885,0.0319,-3.873,0.0639
Glad You Exist,Dan + Shay,0,26,-0.7010478042237903,-0.5877705447117287,-0.775905235018099,534.4781641582406,152254.04761904763,145132.8227201277,-9097.53116883117,1,246759.3634260866,2.516002745081264,0.748,0.551,0.66,103.953,0.235,-6.12,0.0349
Glad för din skull,Norlie & KKV,0,12,0.02598921081723884,0.5116562376898384,0.34718333809815455,413.802858981985,35059.52380952381,17951.42452662594,-2625.8987012987013,0,6782.411226658261,2.7943830708633373,0.625,0.621,0.367,116.975,0.0985,-5.991,0.0424
Go Big or Go Home,ENHYPEN,0,22,-0.15600063580047885,-0.8968146520731336,-0.6032521596076019,494.78807454385145,35642.57142857143,41226.262065144176,-349.07792207792295,2,65723.97146344323,0.8523972981951057,0.766,0.844,0.823,122.019,0.0502,-3.993,0.0575
Go Fuck Yourself,Two Feet,0,62,-0.14897183804327518,-0.992309099913067,-0.46048422119033067,433.22172378051596,7455.952380952381,9163.807980966109,105.0428571428569,14,14078.440598660067,0.5072845844318025,0.765,0.327,0.292,74.931,0.571,-8.029,0.277
Go Go,BTS,1,5,-0.18434299573015897,-0.9999999978544436,-0.5248883380591148,495.6554440219997,21742.85714285714,45681.82927940742,-2101.567532467532,2,70214.29818270635,2.821225619783102,0.856,0.617,0.759,136.081,0.171,-5.308,0.084
Go Solo (feat. Tom Rosenthal),Zwette,0,129,-0.2208609571396312,-0.3465588241344943,-0.49156874872948264,325.827604872956,1985.05,996.3731968996354,26.289473684210506,11,1206.8865210914587,1.0,0.783,0.557,0.368,108.012,0.641,-8.599,0.0275
God Is A Dancer (with Mabel),Tiësto,0,30,0.03813188179476324,-0.9147558782699244,-0.5134076617733077,553.6858886012423,70084.42857142857,177584.03398004523,2266.575324675326,11,258426.95604617178,0.4112067315143173,0.774,0.747,0.833,119.964,0.0241,-3.908,0.082
God is a woman,Ariana Grande,1,2,0.3283152489275925,-0.9999016947261828,-0.0649297231772912,487.78199368838153,34455.42857142857,37237.041670091574,-563.8220779220779,4,45754.532890632814,1.5457888754095543,0.602,0.658,0.268,145.031,0.0233,-5.934,0.0558
God's Country,Blake Shelton,0,59,-0.399111993620491,-0.633846397767833,-0.6845825980392353,519.9186857069534,84159.38095238095,84417.39060535323,4542.868831168832,18,130274.5852023621,0.32361815769590413,0.537,0.754,0.212,139.986,0.0586,-5.102,0.0399
God's Plan,Drake,1,1,0.1193349472468068,-0.8895787811961241,-0.41035134884767605,597.1918920046855,156004.2380952381,527701.8044896284,20438.276623376627,16,732711.8439068986,0.07450201680970912,0.754,0.449,0.357,77.169,0.0332,-9.211,0.109
Godzilla (feat. Juice WRLD),Eminem,1,1,-0.5523195368871608,-0.3169249372409795,-0.830517133680491,534.078409560604,69143.90476190476,117116.60346115168,4896.290909090909,20,137196.93194929688,0.5909392999556934,0.808,0.745,0.829,165.995,0.145,-5.26,0.342
God’s Menu,Stray Kids,0,20,-0.3289624885138996,-0.49129625772695823,-0.562074258852377,466.19817813364915,18606.285714285714,19433.735981639806,-309.0168831168835,0,29150.708460473135,1.064232280039922,0.689,0.771,0.482,157.052,0.00776,-3.618,0.0548
Gold,Kiiara,0,61,-0.053969788088762155,-0.6385014105904706,-0.5286760777904671,541.452488412211,60670.80952380953,122969.33272998985,2328.8870129870147,8,175003.39422711206,0.41273985164691335,0.598,0.412,0.409,112.999,0.623,-9.328,0.333
Golden Skans,Klaxons,0,67,-0.489122460361342,-0.4918082390256882,-0.5506303588968652,236.3397214714721,39627.90909090909,18637.41657114207,1557.0000000000005,1,30831.61686970049,1.0,0.449,0.836,0.694,141.9,0.00074,-2.91,0.037
Golden Trunks,Arctic Monkeys,1,10,0.3837612559017305,-0.9064085240147125,-0.11164654505574362,528.6975247468514,52027.23809523809,103054.89497623272,5700.418181818181,17,120487.89000911046,0.25631790360588447,0.492,0.564,0.0896,92.544,0.129,-5.811,0.0278
Gone,ROSÉ,1,1,0.028450085222328864,-0.9246807135675356,-0.4108479464623738,522.412084573031,46297.57142857143,80081.73458385616,336.946753246754,6,118706.91115384773,1.1442665778901278,0.647,0.377,0.653,79.936,0.594,-6.003,0.0375
Gonna Love Ya,Avicii,0,16,-0.030502031092768875,-0.8956287184750308,-0.46196198871262767,479.2321682825312,16528.190476190477,27848.99578358608,-1056.696103896104,9,40880.43138397636,5.014311689835181,0.718,0.666,0.702,100.002,0.158,-6.624,0.0488
Good As Hell,Lizzo,0,16,0.3993463729313802,-0.9099135689384145,-0.3974469873169981,522.7146750080848,215062.57142857142,92682.67855716414,-4892.42207792208,14,103575.46660878482,1.2776441348310386,0.682,0.919,0.535,95.983,0.256,-3.18,0.0874
Good as Hell,Lizzo,1,8,-0.13251658015907347,-0.9163703203142212,-0.6123949350254444,578.204312771933,178243.2857142857,327145.462147395,6814.1337662337655,19,516516.15123571886,0.41854010823406157,0.682,0.919,0.535,95.983,0.256,-3.18,0.0874
Good Feeling,Flo Rida,0,24,-0.3234194174133197,-0.9984477522315387,-0.6975610705878476,460.53033089262703,15110.904761904761,19452.784222083217,-768.4298701298698,4,31472.472762558707,1.9690255858900023,0.706,0.89,0.685,128.012,0.0588,-4.447,0.0687
Good Goodbye (feat. Pusha T and Stormzy),Linkin Park,1,7,0.05393930362230729,-0.9179535997778028,-0.471158502564153,528.6260588117971,31803.809523809523,94322.33208404701,1926.4883116883116,14,136504.07938244005,0.1845668485675307,0.697,0.84,0.452,128.034,0.106,-4.602,0.054
Good In Goodbye,Madison Beer,0,77,-0.10074978566899295,-0.9980161807127517,-0.5990868406616304,341.5430789972359,2231.8571428571427,930.4593993708437,23.538961038961084,11,1396.435221376201,0.8707331852151082,0.658,0.698,0.456,139.054,0.433,-5.95,0.177
Good Life (with G-Eazy & Kehlani),G-Eazy,1,3,-0.014444471547468755,-0.9381948118601134,-0.4992870311134617,546.2756206840962,57441.142857142855,147883.12236753074,409.21558441558665,14,221902.9997496879,0.47944730478246517,0.572,0.778,0.54,168.073,0.00638,-5.208,0.233
Good Ones,Charli XCX,0,78,-0.051432966168444845,-0.9281749907906214,-0.47753686161539166,565.9636065629473,101290.95238095238,241093.39328497657,-5868.118181818183,8,366031.69372887304,1.3766538743608032,0.764,0.672,0.789,129.049,0.072,-5.947,0.0293
Good Riddance (Time of Your Life),Green Day,0,136,-0.10493984683753305,-0.9173284001480397,-0.3645998343680219,210.51691303654187,29845.5,17340.472492120854,2808.4666666666662,9,25163.113594660295,1.0,0.475,0.432,0.648,94.605,0.183,-7.844,0.0302
Good Thing (with Kehlani),Zedd,0,12,-0.14584328524117615,-0.9441699294862267,-0.5718277080836551,570.518781971508,136240.38095238095,275179.83367997844,2073.955844155846,9,437027.5070027372,0.6002905960620266,0.693,0.564,0.574,185.913,0.399,-3.857,0.0378
Good Things Fall Apart (with Jon Bellion),ILLENIUM,0,83,-0.35511461620249796,-0.1899704859559653,-0.5229898264917201,541.467035673363,165068.09523809524,131844.20708111554,1612.3714285714289,1,172732.4272791519,0.8127724397006891,0.643,0.594,0.442,144.033,0.0128,-5.453,0.0318
Good Together,SHY Martin,0,55,0.14920050579491664,-0.7623326279971802,-0.31016711416498605,446.7553968834778,13475.333333333334,12141.604162992371,77.38961038961044,5,16389.357694781695,1.0782515268038906,0.598,0.415,0.299,120.151,0.199,-7.081,0.0668
Good Without,Mimi Webb,0,12,0.1399401438704878,-0.7085780961561919,-0.421981681848812,509.78148522248785,47512.619047619046,56990.65583683011,1411.2883116883124,20,75614.20182340087,0.9021631432103349,0.616,0.576,0.269,89.962,0.0723,-5.495,0.0532
Goosebumps,HVME,1,6,-0.21740863660943052,-0.8056390666582287,-0.583308205125089,484.31328499398813,54008.76190476191,31784.815616901942,-748.3337662337669,19,50869.33978498246,1.236400415341295,0.767,0.659,0.439,124.946,0.325,-7.429,0.0444
Graduation (with Juice WRLD),benny blanco,0,28,0.005636965921661868,-0.4935305122089631,-0.4900086333376082,575.224936995399,111219.19047619047,308474.0736310511,17868.692207792206,20,363492.9549713447,0.11403695352155174,0.731,0.65,0.605,154.968,0.107,-5.286,0.271
Grand Escape (Movie Edit) [feat. Toko Miura],RADWIMPS,0,27,-0.5160740953334126,0.7278360051553453,0.22969793799867555,336.28329152374835,3621.3809523809523,1294.5550982844768,108.62987012987014,20,909.804004992284,0.7282018416703208,0.461,0.423,0.546,146.061,0.486,-9.161,0.0369
Graveyard,Halsey,1,4,-0.019869793917121747,-0.8278681742356969,-0.4700894527708753,565.141802230014,79485.09523809524,241500.13189563685,11765.871428571425,18,348937.6468692186,0.14575621069533026,0.667,0.583,0.187,92.043,0.231,-5.127,0.0747
Gravity,John Mayer,0,82,0.004672410710689489,-0.8447688535921576,-0.10026960279749592,191.08489895370968,20233.4,11540.571833319178,-3586.836363636363,0,7422.625777452261,1.0,0.753,0.326,0.237,123.799,0.731,-9.883,0.0342
Grita,Jarabe De Palo,0,43,-0.1589707804180653,-0.891384092051611,-0.4677493417081445,396.6511017210794,34856.17647058824,40112.134111374064,2481.446078431372,8,62490.17123813227,1.0,0.49,0.694,0.292,200.064,0.0645,-7.77,0.0463
Growing Pains,Alessia Cara,0,20,-0.01708069390304376,-0.9443036821330135,-0.48148275457847245,559.6148557716045,77187.80952380953,208755.01696477557,1601.1857142857107,15,312846.70087143325,0.4663254246481297,0.354,0.753,0.455,191.139,0.0836,-6.274,0.743
Guantanamera,Guitarricadelafuente,0,79,-0.7362639430741676,0.9989653089006438,0.09482674018082943,410.1146955743127,51328.666666666664,5616.8755281217245,-139.96363636363546,4,5879.675384534421,1.0870052407562905,0.512,0.263,0.359,98.6,0.875,-10.421,0.0855
Guardian angel,XXXTENTACION,1,4,0.07687472753874797,-0.8653308433170595,-0.43691905851295504,586.2036653180005,126655.71428571429,396883.5801065648,14572.494805194809,16,564109.5748765571,0.10593013913567358,0.712,0.374,0.779,133.952,0.795,-10.215,0.511
Guaya Guaya,Don Omar,0,94,0.48122917286187816,-0.9998036009844523,-0.11680008617082306,297.77134945797854,2240.285714285714,407.08769885348187,35.15454545454546,17,378.41435953198186,0.7914100397885213,0.787,0.872,0.696,92.025,0.0067,-2.117,0.143
Gucci Gang,Lil Pump,1,2,-0.4326685545125583,-0.8368493232778935,-0.6655756112170024,539.4605868828424,126093.71428571429,144301.43821780809,7972.548051948051,18,229569.41520635432,0.38629553692938046,0.936,0.523,0.699,119.889,0.239,-6.71,0.0597
Gyal You A Party Animal,Charly Black,0,26,-0.15140566972499794,-0.9983692003756305,-0.5574941537568997,441.37067514086135,10151.714285714286,11457.238702247245,-356.1259740259736,5,17906.472861161128,1.9034300896977445,0.588,0.841,0.871,134.577,0.026,-5.138,0.0932
Góða nótt,Hafdís Huld,0,31,0.1590786440395324,-0.9997787632280856,-0.4885821483162724,197.2589271372548,1049.4285714285713,33.224448010136015,-3.5999999999999934,0,32.928559033155395,1.0445551404455513,0.797,0.175,0.635,99.902,0.954,-11.86,0.0325
H.O.L.Y.,Florida Georgia Line,0,150,-0.8634304793996511,0.26717458676838723,-0.690551233497521,498.9110934878345,62419.52380952381,65838.92407167738,3415.3870129870124,17,76462.9996805481,0.666698361205884,0.523,0.666,0.564,78.077,0.401,-4.081,0.0327
HACK,Shuta Sueyoshi,0,56,-0.4641031584708071,0.5510058329864354,0.12427510288393155,382.2900430957086,26145.47619047619,5057.435051194642,687.3558441558444,20,2796.7235879686073,0.7322879766618045,0.686,0.861,0.978,154.994,0.00939,-8.613,0.0586
HALF,QUEEN BEE,0,113,-0.7794564886343618,-0.0663769663569678,-0.5113231938354231,165.27716802473572,5389.333333333333,294.5545601223802,-33.2727272727271,0,419.0083136909682,1.0,0.633,0.912,0.825,105.982,0.00589,-3.845,0.0427
HALLOMANN,Rammstein,0,28,0.04780171114686356,-0.9268917053374052,-0.510017533897623,511.5756356301881,26993.095238095237,61225.264602204676,729.6779220779226,8,89560.71163086803,0.2959170753995123,0.419,0.706,0.143,171.997,0.0171,-5.936,0.038
HANABI,Mr.Children,1,1,0.5481505994900493,-0.9999994698972822,0.05518784074436274,363.43683094091097,15497.190476190477,1858.551294987516,-94.84155844155843,3,1867.8828516531755,1.1102703128228846,0.635,0.759,0.581,112.015,0.162,-5.58,0.0265
HAVE A NICE DAY,Waa Wei,1,7,0.03578826339027119,0.3732075836162881,0.25773843756547044,379.624490093164,21997.571428571428,5852.090294614954,709.3207792207794,7,2765.3778127952064,0.5938794684295126,0.711,0.845,0.806,119.966,0.61,-5.006,0.0304
Have A Nice Day,Waa Wei,0,23,0.6530962040583344,-0.05253629325772656,0.4227203406552505,311.39132618963737,7347.238095238095,981.5027304991689,-114.5000000000002,0,549.4713709557578,1.1997188258850595,0.711,0.845,0.806,119.966,0.61,-5.006,0.0304
HEARTEATER,XXXTENTACION,0,115,-0.49492855911234274,-0.7489415337854827,-0.7190797308031615,265.6885285292416,120133.0,125260.74359148165,27990.90909090909,5,166449.77522270795,1.0,0.78,0.527,0.588,99.986,0.0563,-4.702,0.0296
HIGHEST IN THE ROOM,Travis Scott,1,1,-0.18281642236897955,-0.618005335760988,-0.4881493923066043,508.8460413105784,57255.666666666664,55571.06321710396,-2335.5012987012997,0,80878.0424372864,1.5715655127874684,0.598,0.427,0.0605,76.469,0.0546,-8.764,0.0317
HIGHEST IN THE ROOM (feat. ROSALÍA & Lil Baby) - REMIX,Travis Scott,1,1,-0.05253892507282595,-0.9820170823221983,-0.5727125982176117,506.7458227111124,38869.47619047619,56780.15191078075,-15.633766233765837,18,86619.68664366953,1.0772156079455202,0.559,0.491,0.114,153.131,0.0567,-6.406,0.0346
HIP,MAMAMOO,0,13,0.046678119395174474,-0.9754423403477255,-0.3843254437997608,412.1019117054519,9646.285714285714,5350.98393393444,47.91688311688317,7,7596.116500554741,0.905088571131602,0.782,0.731,0.824,138.032,0.0376,-4.581,0.143
HOLD ME TIGHT OR DON’T,Fall Out Boy,0,26,0.002030653066484836,-0.9453152592188548,-0.4727607977012203,542.8656891324558,48462.90476190476,136768.47132215984,-891.2220779220775,14,203450.80303014288,0.5969174457363154,0.582,0.925,0.788,95.987,0.00699,-4.366,0.0523
HOME,BTS,1,2,0.2773893141009471,-0.8972314354086173,-0.2578463239463241,486.14944845965476,25036.904761904763,32444.73303782436,-189.92597402597406,12,43071.098152821694,2.128544211588031,0.633,0.799,0.534,142.991,0.0144,-4.625,0.0427
HP,Maluma,1,1,-0.04016998992530745,-0.8988539231087083,-0.5113485144941662,561.4104698132732,77329.42857142857,212095.1387316037,2491.8961038961047,13,322579.95235322666,1.7018429776197594,0.837,0.791,0.618,91.98,0.252,-3.157,0.0773
HUMBLE.,Kendrick Lamar,1,1,0.10799732678210287,-0.8995403414732929,-0.436747752586438,584.3024965679568,113217.90476190476,380277.8646801641,9261.681818181814,14,535963.1826956121,0.07977040764509614,0.908,0.621,0.421,150.011,0.000282,-6.638,0.102
HWAA,(G)I-DLE,0,13,0.3350309202186006,-0.9775630556081905,-0.21515416720941127,417.7732593357975,16567.428571428572,6937.07994401534,420.98181818181826,13,7765.022156439736,0.7087808017653549,0.384,0.868,0.233,95.027,0.0458,-3.226,0.0711
Haaye Oye (feat. Ash King),QARAN,0,64,0.9399276396763828,-0.9970521874598527,0.11694814663680926,326.8080479243163,8976.047619047618,1158.023664376612,93.98701298701299,7,704.5618567592203,0.8721192673227803,0.633,0.727,0.543,123.959,0.173,-4.104,0.0383
Habang Buhay,Zack Tabudlo,1,5,-0.41855585118102084,0.9996170357325934,0.42260783291132464,408.4669019865293,55857.47619047619,9135.015597344036,756.8012987012999,20,5957.902057561872,0.877975277496239,0.62,0.668,0.183,118.013,0.088,-5.719,0.0305
Halfway Right,Linkin Park,0,36,-0.05415877718442033,-0.9999999965482509,-0.5008385880851344,438.392009505389,8458.52380952381,10383.35510332831,189.65324675324683,2,15645.631126292094,0.7666173053538966,0.655,0.626,0.498,134.028,0.0134,-7.155,0.045
Hall of Fame (feat. will.i.am),The Script,0,51,0.21060634463414435,-0.9967653250546047,-0.33206957346347105,299.44171503032624,5932.666666666667,418.119182522939,43.525974025974136,14,412.16615581583113,0.8951136153704046,0.421,0.873,0.629,84.786,0.0654,-4.343,0.0564
HandClap,Fitz and The Tantrums,0,56,-0.7593050450152006,-0.9988532408064177,-0.873619674945212,445.258999312911,21288.0,18729.01503016109,378.59610389610395,18,35349.82905687098,0.9526936308072542,0.636,0.836,0.715,139.956,0.00609,-3.004,0.0427
Happier Than Ever,ASTN,0,23,-0.3693984720061945,-0.6599955104280193,-0.6967243160527387,460.26434171151084,30508.666666666668,17516.17072017776,-475.65324675324655,4,29013.56258179095,1.4125160232351346,0.667,0.457,0.266,97.604,0.341,-6.885,0.439
Happier Than Ever,Billie Eilish,1,2,-0.21147006760448753,-0.6610686969188081,-0.5959144552287821,494.7052023621714,37730.76190476191,39027.933338284725,144.32077922077954,2,60195.912028372,1.0965882475911006,0.332,0.225,0.297,81.055,0.767,-8.697,0.0348
Happier Than Ever - Edit,Billie Eilish,0,15,-0.005596148779974599,-0.922277873786749,-0.4516055299457994,558.475595950718,80293.33333333333,200524.33292586982,6896.706493506493,17,296777.9931034097,0.1057488283818427,0.334,0.599,0.127,161.74,0.0468,-5.742,0.0365
Happiness is a butterfly,Lana Del Rey,0,86,0.691946245433384,-0.9998282278329013,-0.09531898052449914,561.4076420791869,97848.52380952382,181135.44264434752,-5820.280519480526,0,205772.3388410782,1.4809468255612372,0.467,0.119,0.156,70.499,0.969,-10.99,0.0401
Happy New Year,ABBA,1,1,-0.5715332649553706,-0.24017948008562442,-0.665045657376828,438.35252560470906,16912.761904761905,9811.60516407441,535.2805194805195,3,14238.511591016106,0.6664948350081341,0.51,0.375,0.25,132.555,0.812,-9.194,0.0288
Hard Times,Paramore,0,26,-0.3046247530262909,-0.9999999999523369,-0.6031364335088841,535.2669145799433,69679.71428571429,125948.12122084723,-6674.705194805194,2,199672.08110189068,12.593957193858708,0.695,0.818,0.916,119.965,0.00647,-5.379,0.0334
Harleys In Hawaii,Katy Perry,0,19,0.12724206814539893,-0.9300582799182742,-0.40627563491138585,546.6625628800497,53857.333333333336,150722.34128051277,-5088.116883116883,6,207357.9882642335,13.591535655486327,0.721,0.751,0.738,140.095,0.162,-6.203,0.125
Hasta Abajo,Don Omar,0,62,0.47824941859860903,-0.9994199446229821,-0.01845896102323263,275.3523129884095,1608.142857142857,196.07561362521196,-7.144155844155854,4,210.85243062388443,1.0822784810126582,0.759,0.885,0.673,89.966,0.351,-4.516,0.0636
Hasta el Amanecer,Nicky Jam,0,31,-0.061263466273989875,-0.912466989846479,-0.5123339095327787,524.5659998510592,34434.142857142855,85075.14227254562,-251.06623376623335,10,131413.84662731513,1.380364982891427,0.832,0.608,0.589,94.013,0.282,-6.042,0.0385
Hate Me,Lil Peep,0,27,-0.04732559708678472,-0.9432387829627737,-0.4783883287011009,551.703016560886,68204.85714285714,170108.00201140722,-1693.2155844155816,11,258869.46338851945,1.7466507061327143,0.328,0.619,0.405,67.153,0.266,-7.136,0.282
Hate Me (with Juice WRLD),Ellie Goulding,1,7,-0.9336942098530511,0.27057956279748935,-0.5319563905972058,534.1227660476903,44098.666666666664,108640.02678673374,-4391.667532467529,1,165703.79607506734,2.2101708337177475,0.657,0.768,0.759,75.025,0.108,-4.628,0.0507
Hate The Way (feat. blackbear),G-Eazy,0,29,0.0025446508738685204,-0.9447054814128161,-0.47808609690579074,566.5631644967065,105411.85714285714,246325.60766368636,-1426.3389610389615,10,366362.28681599785,1.2531994460149811,0.569,0.865,0.361,82.011,0.0673,-3.844,0.266
Havana (feat. Young Thug),Camila Cabello,1,1,0.24583202306025037,-0.8743233532452629,-0.3011270660043168,515.242004386464,69216.19047619047,66660.84242007595,-249.3831168831157,11,90085.25751647713,1.1203650314059246,0.765,0.523,0.394,104.988,0.184,-4.333,0.03
Have It All,Jason Mraz,1,10,0.0866175638891562,-0.9999751395763588,-0.5856247274924853,410.2456713047912,6439.809523809524,5195.250244846342,-160.76623376623374,4,7254.96194614417,1.4623396557395023,0.643,0.638,0.6,82.001,0.204,-4.947,0.0407
Have You Ever Seen The Rain,Creedence Clearwater Revival,0,85,-0.21755746287550712,-0.9986415738905919,-0.43625322876948325,305.51494828823405,4762.666666666667,632.7583856442952,83.47012987012988,18,613.2635159537864,0.7749767565413732,0.741,0.697,0.774,116.109,0.0664,-7.028,0.0277
Have Yourself A Merry Little Christmas,Ella Fitzgerald,0,27,-0.7529761092179895,0.048468195678022755,-0.7752902726360661,484.2262455486427,37311.666666666664,36342.7302854804,1057.514285714286,11,53969.07979063103,0.7559086545748496,0.609,0.247,0.485,112.3,0.961,-9.038,0.0425
Have Yourself A Merry Little Christmas,Judy Garland,0,33,-0.1427155902900656,-0.883114070320194,-0.4328474558021374,538.0181861761628,143223.2380952381,118483.8130696119,-902.6844155844124,20,187270.50167430934,1.1226988074822206,0.23,0.163,0.102,102.777,0.97,-14.909,0.0351
Have Yourself A Merry Little Christmas,Sam Smith,1,10,0.505179724775994,-0.9985317484989661,0.1441267685727302,424.480555433357,18189.714285714286,9817.787749759094,861.7922077922078,18,8899.864478743482,0.5342937963100814,0.438,0.178,0.344,75.25,0.957,-9.402,0.0414
Hawa Banke,Darshan Raval,0,30,0.5864205299860412,0.46770464371347226,0.1220178931818697,400.4768723961928,35057.76190476191,5131.273877895948,-16.87792207792198,9,4777.46669559297,1.0230239209568384,0.625,0.598,0.5,90.078,0.616,-6.6,0.0373
Hawái,Maluma,1,1,-0.16388184972325767,-0.8143771326855425,-0.6244610739050444,479.03909918891657,19320.0,27297.38701606368,557.0142857142861,11,43334.88155562445,0.8126568139571715,0.783,0.727,0.558,180.067,0.185,-3.454,0.389
Hayloft,Mother Mother,0,17,-0.3090123002867571,-0.9966274743648323,-0.7606482911067843,325.1309185966724,1854.3333333333333,636.8875458287326,-1.587012987012974,17,1055.463173208805,0.9814616755793225,0.527,0.922,0.49,95.975,0.00475,-2.666,0.0728
Hayırlara Ola,Contra,0,31,-0.7996852822783613,0.9997472001510562,0.10781666993378801,421.3127548563433,60652.0,8147.025533752735,314.0155844155846,14,7625.284256340873,0.9378546472148666,0.797,0.48,0.0713,125.064,0.132,-7.992,0.0413
Head & Heart (feat. MNEK),Joel Corry,1,1,0.36276899192655165,-0.917710752835601,-0.21348617481266544,489.53925601051446,30869.809523809523,38165.92043598089,-1381.3233766233764,9,46718.37730968403,2.846968537821555,0.734,0.874,0.905,122.953,0.168,-3.158,0.0662
Headshot (feat. Polo G & Fivio Foreign),Lil Tjay,0,11,0.999451460768436,-0.9999999999999603,-0.4066243735512689,557.6271385790714,59733.76190476191,156817.21957893248,-9124.858441558445,1,212528.0533089926,5.166088360862822,0.808,0.639,0.395,118.0,0.0802,-7.266,0.279
Heart Attack,Demi Lovato,0,139,0.3195450887839359,-0.9958684546994248,-0.14784791512254072,301.9788919890475,6181.285714285715,384.00832615689876,25.73896103896102,18,417.5582444402218,0.9360747829562359,0.504,0.785,0.502,173.968,0.0738,-4.802,0.104
Heartache,ONE OK ROCK,0,122,-0.9997321164788805,0.9997056462337733,0.08623635662067493,237.97687285451843,4115.928571428572,3150.485959437408,657.2461538461539,10,1679.6286607074262,1.0,0.415,0.689,0.245,143.043,0.154,-6.486,0.0302
Heartache On The Dance Floor,Jon Pardi,0,109,0.08518563346538657,-0.9999999515044413,-0.3107979470129364,436.2226164221611,173843.57142857142,11410.111332754397,966.9753246753247,20,13773.073384234182,0.9242709279956568,0.596,0.833,0.618,115.997,0.0563,-4.308,0.0474
Heartbeat (BTS World Original Soundtrack),BTS,1,2,-0.04781611126233493,-0.9101902272751446,-0.5133681537451668,551.7185266632854,53600.80952380953,169368.24814575998,4286.687012987012,14,255995.520642237,0.07991749526382459,0.437,0.716,0.307,170.094,0.39,-4.306,0.05
Heartbeats,José González,0,123,-0.7190436233506626,-0.22271244284648425,-0.9963819700399779,227.9093480831952,10836.454545454546,17139.480369569053,3405.854545454545,10,22717.109174584693,1.0,0.554,0.15,0.314,87.956,0.974,-16.746,0.0338
Heartbreak Anniversary,Giveon,1,1,-0.36627847554431964,-0.7229122434154182,-0.6482046345317309,488.09226331721914,37129.57142857143,35577.29624831174,1323.1168831168839,16,59280.613309411696,0.7344225592186253,0.449,0.465,0.543,89.087,0.524,-8.964,0.0791
Heartbreak Anthem (with David Guetta & Little Mix),Galantis,1,4,-0.10554140025218228,-0.8192919904582155,-0.46498509775302327,525.5500933271853,44606.28571428572,85599.04876426453,3906.3636363636365,15,128908.22090526267,0.18602214139005452,0.595,0.784,0.479,124.111,0.216,-4.878,0.102
Heartless Madness,Dynazty,0,148,0.11486775434883865,-0.9978692888417288,-0.4232551414419897,307.7855998479207,5519.428571428572,397.62049044505824,5.8987012987012655,14,549.0387964433843,0.9894348957662278,0.429,0.942,0.571,153.061,7.15e-05,-4.763,0.0519
Heat Waves,Glass Animals,1,1,-0.6229349361962893,-0.3577143423798691,-0.8136781532401891,520.6980715048194,86395.0,92308.53964261584,6329.858441558441,14,140062.25555961713,0.37546142914340275,0.761,0.525,0.531,80.87,0.44,-6.9,0.0944
Heathens,Twenty One Pilots,1,6,0.07226297331516945,-0.9946755009221763,-0.35140464977000585,475.0467512233372,21673.47619047619,25837.927188385107,191.19740259740254,4,35458.25193956972,1.054544196395303,0.732,0.396,0.548,90.024,0.0841,-9.348,0.0286
Heather,Conan Gray,1,2,-0.45829188747179583,-0.6546881298952676,-0.7478456174246105,518.524827285275,47460.04761904762,80533.11791015585,-3498.66883116883,2,130935.68930375706,6.508904586608297,0.357,0.425,0.27,102.078,0.584,-7.301,0.0333
"Heatstroke (feat. Young Thug, Pharrell Williams & Ariana Grande)",Calvin Harris,0,44,-0.004718867395675677,-0.8966355749661359,-0.4999598142693313,543.6738068803168,54121.0,138194.2549277922,1748.5129870129874,17,206597.17113324662,0.565693505972807,0.786,0.735,0.747,110.124,0.362,-4.502,0.0495
Heatwave (feat. Akon),Robin Schulz,0,119,-0.7766794824603234,-0.9988679583376968,-0.8739313273875674,431.6562721218288,14417.142857142857,13456.214883078816,-172.08311688311704,1,25396.425439961033,1.1990605964234167,0.702,0.82,0.52,107.936,0.196,-4.323,0.063
Heaven,Avicii,1,1,-0.14890300528628597,-0.999999970018636,-0.51341662551633,557.7009951143505,65365.09523809524,167431.61564136163,-5100.001298701299,4,256390.11774226013,3.9419572585334035,0.592,0.873,0.515,122.015,0.0723,-5.65,0.0275
Heaven,Julia Michaels,1,3,-0.14312119072250995,-0.9996991394934386,-0.48230038876671466,441.4333825374685,10489.285714285714,11261.518654007454,-139.39870129870138,3,17567.899866731368,1.1633835969106288,0.552,0.371,0.245,199.843,0.857,-9.104,0.0359
Heaven,Kane Brown,0,51,0.36202076408189315,-0.927217852240846,-0.07285391974409863,441.79571167825384,203290.14285714287,15563.112145270255,1800.7090909090903,15,13506.172536566382,0.8812818205867553,0.677,0.556,0.521,80.006,0.263,-6.544,0.0306
Heaven,Pink Sweat$,0,148,-0.39159204741035764,-0.9794132013913387,-0.5823701952480123,173.77859757075856,5065.4,2361.477639106498,-297.76969696969667,5,3998.413855271199,1.0,0.78,0.389,0.188,121.919,0.491,-8.877,0.0776
Heavy (feat. Kiiara),Linkin Park,1,1,-0.028961224874743306,-0.9705743239505317,-0.3793647600713939,448.7999021517837,15011.190476190477,13308.064564011902,-68.19220779220827,0,18882.753262898397,0.8501978139877959,0.59,0.671,0.438,149.982,0.0484,-6.098,0.0706
Hecha Pa' Mi,Boza,1,1,0.2119034462959291,-0.9975696910422572,-0.05788169891229385,342.874853993771,14694.380952380952,2501.1701733044206,-381.1246753246752,0,1247.0309298489753,1.4485124511603822,0.725,0.756,0.828,100.07,0.362,-5.013,0.0572
Heer Ranjha,Bhuvan Bam,0,22,0.414068265343965,-0.9999999982313366,-0.19519757532422122,259.0139318776842,41047.153846153844,11938.925482162918,-2417.81868131868,2,9295.816432077867,1.0,0.539,0.547,0.175,97.066,0.842,-11.391,0.0345
Hello,Adele,0,20,-0.044356074379277154,-0.9999999891747116,-0.4319150118742081,432.40031127971133,8422.142857142857,9958.810085192164,-744.5792207792205,1,13388.514738013326,4.522800018555458,0.578,0.43,0.288,78.991,0.33,-6.134,0.0305
Hello Bitches,CL,0,119,0.2056838388301799,0.09862707372193416,0.3095721774380452,382.91868744215293,37635.28571428572,4883.287789251526,-521.8103896103893,5,2986.436781098839,1.285948470771576,0.714,0.884,0.584,145.075,0.00985,-2.932,0.113
Helt seriöst,Kaliffa,1,1,0.4896084608594178,-0.9988826255151128,0.057647822719124456,426.69054374548926,72409.57142857143,22593.420257047506,3465.5,20,9285.419844438915,0.5085820477932298,0.571,0.643,0.63,151.859,0.0701,-5.834,0.0852
Hepsi Geçecek,Khontkar,0,34,-0.481466572222786,0.9999992013230116,0.327872029238353,400.1742610185606,37818.52380952381,14699.246072726855,-2124.023376623378,0,4749.215525747383,2.129452910589866,0.827,0.57,0.167,138.016,0.0943,-7.595,0.0911
Her,Rotlaus,0,15,-0.9999593232552031,0.9981584732589629,0.0025101424286149373,420.0577451022039,26894.238095238095,12387.911584262343,-1732.4896103896115,0,7242.249113880301,2.3796215993196532,0.62,0.724,0.279,111.992,0.104,-7.875,0.0262
Her Şeyi Yak,Duman,0,48,-0.09896085363158268,-0.9996036747614752,-0.3917941879189931,318.07831416067484,15779.47619047619,742.5020518841374,88.9064935064935,19,777.8454602297296,0.9320005964859956,0.629,0.538,0.205,100.038,0.461,-6.79,0.0244
Here Comes The Sun - Remastered 2009,The Beatles,0,48,-0.09156891928716838,-0.9780391638027006,-0.5382372330332189,453.5814362424919,6792.619047619048,15121.76667833236,72.80649350649351,7,23334.363859766992,0.2528535855741431,0.557,0.54,0.394,129.171,0.0339,-10.484,0.0347
Here's Your Perfect,Jamie Miller,1,1,-0.5625992585797722,-0.91012521734488,-0.8150990151847708,502.91540253124776,64986.0,59393.23949423072,1815.9376623376618,19,104980.5751020159,0.6926544203422869,0.558,0.454,0.424,113.12,0.499,-5.335,0.0551
Here’s Your Perfect (with salem ilese),Jamie Miller,0,126,0.2004043411482276,-0.9986155719047859,-0.44405082971337734,303.7249339049924,7073.857142857143,478.7274088380454,-51.675324675324596,5,478.75169712492925,1.1042869530275152,0.613,0.493,0.434,114.863,0.421,-5.437,0.0512
Hermosa Ingrata,Juanes,0,66,0.11024064054378926,-0.9999998079856328,-0.30235135442816036,440.44007729861005,11424.285714285714,10981.092035827756,-396.3103896103891,2,14807.961117165994,1.5137187155217466,0.729,0.764,0.964,94.017,0.201,-6.138,0.0452
Hero (feat. Christina Perri),Cash Cash,0,60,0.19385276582359914,0.026042129840233023,0.30716417002632823,398.4237770684316,51245.19047619047,8344.117857560599,946.1467532467523,20,4292.680053300036,0.807390160845543,0.47,0.85,0.148,149.876,0.0627,-2.825,0.0363
Hey Brother,Avicii,1,4,-0.04639458602621769,-0.7529311630887376,-0.7905015537726636,529.195433641909,50048.76190476191,100117.6387541437,5921.14805194805,19,136156.64221491362,0.28416486747628067,0.545,0.78,0.458,125.014,0.0309,-4.867,0.0436
"Hey Look Ma, I Made It",Panic! At The Disco,0,47,-0.1785353144602151,-0.9998836718896047,-0.42873509541476335,570.1411102210958,209598.7619047619,275365.48452952737,-4285.859740259734,1,438425.1884289354,1.1285483890774086,0.577,0.834,0.575,107.936,0.0134,-3.337,0.0689
"Hey Mama (feat. Nicki Minaj, Bebe Rexha & Afrojack)",David Guetta,0,21,0.683584274856936,-0.999999718027173,-0.15120641937739313,411.66736722047625,37032.76190476191,7724.824725425733,703.4363636363641,20,6095.781618463707,0.7890620523692202,0.596,0.73,0.525,85.979,0.24,-4.091,0.151
Hey There Delilah,Plain White T's,0,72,-0.42903170531918267,-0.9052990700862731,-0.6475455420060754,451.7780934970015,30948.3,26900.193711384305,146.18796992481057,8,46366.05846295953,1.0,0.656,0.291,0.298,103.971,0.872,-10.572,0.0293
"Hey, Soul Sister",Train,0,31,-0.48343637089204433,-0.9393473204438204,-0.6192199018043193,441.24624203146993,15143.238095238095,13113.9863319564,-765.8207792207793,8,21605.173232989822,1.9996649377454332,0.673,0.886,0.795,97.012,0.185,-4.44,0.0431
High (& Dua Lipa),Whethan,0,67,-0.5777864198348316,-0.9999999959852613,-0.5103367167053094,500.25775852157716,18333.761904761905,43172.02498742374,-2582.3467532467525,1,64992.55232430483,6.4034996575908565,0.708,0.552,0.686,147.834,0.0922,-5.552,0.21
High Enough,K.Flay,0,64,-0.05243018142850238,-0.9992192896458555,-0.5884468238335472,342.0877593241885,1659.4761904761904,1011.0280302763792,65.91558441558443,13,1384.401873554063,0.5848507462686567,0.606,0.62,0.543,88.984,0.0301,-5.005,0.0298
High Hopes,Panic! At The Disco,1,1,-0.08543407615226507,-0.9118550132674412,-0.5299666566821581,559.1991737421993,150974.42857142858,201755.37905818413,3195.7012987012977,5,315814.9025910747,0.9343094351475175,0.579,0.904,0.681,82.014,0.193,-2.729,0.0618
High On Life (feat. Bonn),Martin Garrix,1,8,0.06032910941984758,-0.9962061382800228,-0.4756137908313161,424.1562354127415,7561.9047619047615,7369.2692530713675,233.97012987012982,19,10392.70889903109,1.0053506394877194,0.414,0.486,0.368,128.038,0.0129,-6.431,0.0311
"High Rated Gabru (From ""Nawabzaade"")",Guru Randhawa,0,100,0.5979668749231186,-0.9999764570226302,0.1524968153488644,313.1893331891502,5855.809523809524,788.499939248578,103.12467532467534,17,516.7733449008375,0.779049976790964,0.685,0.841,0.59,97.929,0.118,-2.932,0.0942
Higher (feat. iann dior),Clean Bandit,0,52,0.03568879899679874,-0.9201819152702261,-0.45949319523194315,556.8575710274763,79795.23809523809,192724.07743564245,-4621.632467532466,9,280905.7062144653,3.3099734617046224,0.716,0.736,0.542,104.018,0.336,-5.18,0.0363
Higher Ground (feat. John Martin),Martin Garrix,0,31,0.0740354310705146,-0.9129876015828077,-0.4826718603054556,557.8831857041915,64912.28571428572,196128.2107060979,787.4519480519498,11,281611.3634398078,1.5719544973949378,0.442,0.619,0.382,128.318,0.0841,-5.28,0.0321
Higher Ground (feat. Naomi Wild),ODESZA,0,152,0.41227483980877655,-0.9988216536468738,-0.09718497173041364,204.07146445493123,19530.615384615383,876.0339419540896,-91.21978021978072,3,966.5449743803958,1.0,0.629,0.852,0.415,104.997,0.0865,-5.094,0.0521
Higher Power,Coldplay,0,16,-0.09543535787038991,-0.9999999621566414,-0.6395389462340053,487.90033550870254,28834.904761904763,36484.10285629928,-1250.799999999999,2,55128.567163926,1.4685196737598485,0.507,0.828,0.489,178.032,0.00711,-6.023,0.0449
Highway to Hell,AC/DC,0,21,-0.9999993762964532,0.9999993331059497,0.003362335405588389,388.98943231426364,1903.142857142857,3183.043890392224,-152.89090909090922,0,3313.480563923682,2.122011856951616,0.574,0.913,0.423,115.728,0.061,-4.793,0.133
Him & I (with Halsey),G-Eazy,1,1,0.00615687749531177,-0.978008045641903,-0.23506226754618886,486.2228726306243,34053.333333333336,33891.111209049,348.0558441558429,20,42466.16926622297,0.8422718110629492,0.589,0.731,0.191,87.908,0.0534,-6.343,0.0868
Hips Don't Lie (feat. Wyclef Jean),Shakira,0,34,-0.8619056847683467,0.03676084072420686,-0.8972776252523268,466.19636220068054,26201.0,25751.71019008807,670.9675324675327,8,44484.10275356805,0.6379666113384221,0.778,0.824,0.758,100.024,0.284,-5.892,0.0707
Hit Sale (feat. Roméo Elvis),Therapie TAXI,0,11,0.9999992962337009,-0.9999950363726489,-0.0083030372945638,406.6602412955112,5120.047619047619,4871.7162271352,-238.26363636363664,0,5154.074926453825,1.525590864268219,0.573,0.784,0.69,82.009,0.141,-5.224,0.0591
Ho Hey,The Lumineers,0,59,-0.13584522108402278,-0.9982995414954957,-0.5315500531358666,440.59123526593635,12133.0,11040.101461749086,-174.20259740259738,9,17296.164255334184,1.1820000601702818,0.682,0.471,0.421,79.907,0.765,-9.182,0.0301
Hold My Girl,George Ezra,0,31,-0.300450806958693,-0.8002326486656655,-0.6703567219824802,488.99726484834065,34233.666666666664,38007.5475416,1922.962337662338,11,59832.315952063065,0.48696580700573366,0.614,0.527,0.354,121.941,0.597,-6.374,0.0302
Hold My Hand,Jess Glynne,0,94,-0.4848691877450703,-0.99919259181502,-0.6785358831534076,445.97027297074834,13649.52380952381,14039.229393514404,232.5805194805199,13,23879.69548900278,1.1617785104288298,0.65,0.823,0.432,123.018,0.00159,-5.717,0.0289
Hold On,Adele,1,4,-0.03196694312585615,-0.999745711453477,-0.4645521708314792,487.689938295722,25159.714285714286,35321.6126972908,-480.04155844155866,3,52413.06098292676,1.2159864540200893,0.366,0.364,0.459,165.902,0.858,-7.814,0.0433
Hold On,Chord Overstreet,0,102,-0.41462045585335855,-0.993947817381773,-0.6832368781899771,435.14042240069284,19340.666666666668,11223.887614129213,-691.0779220779222,19,18052.118101763015,1.6280155935140022,0.618,0.443,0.167,119.949,0.469,-9.681,0.0526
Hold On,Justin Bieber,1,2,0.23947526498904767,-0.9831437034663678,-0.31660486939553395,490.21668786912954,34760.380952380954,38732.12406170188,-490.2896103896108,4,50401.12297883351,1.6069794540932916,0.658,0.634,0.29,139.98,0.0106,-5.797,0.0413
Hold On,Lil Tjay,0,58,-0.863686757357152,-0.003091845530384901,-0.9181314285124751,521.0030363131871,91339.76190476191,115516.79246466405,9070.524675324674,13,177590.98972994098,0.20802720006734543,0.691,0.602,0.685,151.987,0.123,-6.807,0.209
Holly Jolly Christmas,Michael Bublé,1,4,0.0707399732412054,-0.8605996634352818,-0.40093742987409464,480.2350929320879,19670.428571428572,28162.476961834345,864.1428571428572,18,40746.82284681838,0.520629203731829,0.649,0.466,0.699,151.251,0.865,-8.308,0.0428
Home,Diana Wang,0,51,0.11452132593155391,-0.9997466677592389,-0.3027742112946816,340.58982169045686,4035.5238095238096,1076.5385277889775,-97.96103896103887,2,1213.8047402692082,1.4028892455858748,0.647,0.826,0.688,141.983,0.148,-3.211,0.0438
Home,Edward Sharpe & The Magnetic Zeros,0,94,-0.24973575646955268,-0.9997605304726976,-0.7161635937264689,216.97213471229233,1063.142857142857,45.6010502325651,2.9467532467532362,19,68.87626586858494,0.9801650692225773,0.541,0.591,0.116,111.676,0.289,-6.688,0.0336
Home,SEVENTEEN,0,69,-0.49294375517517586,-0.1767223645224619,-0.5011344592642035,411.62766075671624,7498.857142857143,5691.945606654691,-130.51168831168843,0,7059.674755964329,1.0504632985288067,0.741,0.547,0.615,87.977,0.427,-5.029,0.253
Home (feat. Bonn),Martin Garrix,0,38,0.10839187286494453,-0.9162962547891884,-0.46533936470934306,553.0265422271021,55835.23809523809,174191.47222686408,1075.5155844155852,11,245486.23667733392,1.3890891243999328,0.466,0.612,0.236,128.114,0.0655,-4.855,0.0307
Homesick,Dua Lipa,0,12,-0.05240072559407962,-0.9971467260289447,-0.5765115574440453,361.49622740120134,5062.571428571428,1555.5345604349275,-62.172727272727265,5,2289.050045324479,1.229634831460674,0.431,0.224,0.401,87.122,0.948,-8.683,0.0379
Hometown Glory,Adele,0,90,-0.9403266276000882,-0.23882434313098838,-0.893696850251562,320.2910115094452,37006.2,29234.55737125728,130.68571428571417,1,57219.55145181531,1.0,0.436,0.336,0.21,122.456,0.962,-8.517,0.037
Honesty,Pink Sweat$,0,125,0.352160903489822,-0.9980400284286628,-0.19122721819116725,256.55637133284455,3443.6666666666665,162.07533032023318,18.822077922077934,20,137.95981298914552,0.927678323343786,0.66,0.139,0.312,79.975,0.964,-16.339,0.0323
Hookah,Bad Gyal,0,47,0.5228293858458212,-0.9999999180578216,0.07865736887048558,434.0923135595308,82380.42857142857,10700.155484279427,-189.8623376623378,5,11201.549948556227,1.0680533381712627,0.862,0.578,0.485,103.975,0.0694,-6.149,0.097
Hope,XXXTENTACION,1,9,0.6320589315732043,-0.9999999999774625,-0.4493674552901326,554.0189169896212,48805.28571428572,146500.6350027333,-8814.714285714284,1,204383.5270201344,9.01794762159273,0.592,0.457,0.225,146.04,0.661,-6.081,0.0603
Hope Not,BLACKPINK,1,4,-0.042511312911022434,-0.89396264592834,-0.5004560432888348,548.6425800008423,63446.28571428572,155536.70933290586,4747.8987012987,14,233462.7259091052,0.12516663016925586,0.556,0.423,0.179,110.086,0.441,-4.998,0.0274
Hot Sauce,NCT DREAM,1,2,-0.9023055223336076,-0.09662811674734802,-1.0922912860279752,538.6064496695942,69028.0,151417.0859890936,8031.783116883117,19,234682.81642069045,0.25064376494498464,0.769,0.926,0.551,100.034,0.0127,-1.627,0.0788
Hotel California - 2013 Remaster,Eagles,0,53,0.3196472454622082,-0.9994309642673961,-0.01881523653929151,362.6814893247648,4940.238095238095,1690.315775084979,-108.07662337662332,0,1771.8081294259828,1.2864381233364333,0.579,0.508,0.609,147.125,0.00574,-9.484,0.027
Hov1,Hov1,0,25,0.7117722566402843,-0.999999991949015,0.1740730994267225,440.9370202999367,65215.142857142855,17259.04469652752,-1598.5636363636363,0,12646.861275727666,1.399689836261065,0.86,0.732,0.761,120.006,0.0522,-6.247,0.0638
How Deep Is Your Love,Bee Gees,0,123,-0.9993243229128513,0.9898386022456241,-0.016054608421951184,337.84554047731905,23027.666666666668,1617.2024149109013,-182.48961038961016,6,935.3747858478974,1.1435221360688692,0.633,0.357,0.674,104.938,0.105,-9.366,0.0264
"How Deep Is Your Love - From ""Saturday Night Fever"" Soundtrack",Bee Gees,0,116,0.7513153701136572,-0.9999861825440869,-0.021454313712214453,360.1609550115998,27326.285714285714,2078.3405959209526,30.046753246753774,2,1675.8064886794061,0.9987580825196344,0.594,0.5,0.537,104.996,0.076,-5.586,0.0255
How Does A Moment Last Forever (Montmartre),Emma Watson,0,146,-0.22223803271154094,-0.9969283796972043,-0.4468699175393995,222.2074444289348,4376.307692307692,1763.6178892185228,-204.57142857142804,1,2285.810194013395,1.0,0.224,0.118,0.0746,94.705,0.915,-18.663,0.0361
How Far I'll Go,Auli'i Cravalho,0,81,0.22155670141869793,-0.8786169910677912,-0.22323310099005894,512.4609997129969,43269.28571428572,63251.12243622383,3588.223376623376,15,81595.59013322963,0.09305445630561937,0.571,0.307,0.108,83.72,0.649,-10.958,0.0499
"How Far I'll Go - From ""Moana""",Alessia Cara,1,4,-0.2937709739142608,-0.9999999999999454,-0.4220312148165234,511.9271079801675,31818.380952380954,65410.84097018097,-3701.6857142857134,1,91991.47139702682,4.29650023825912,0.309,0.544,0.16,180.979,0.155,-9.621,0.352
How Long,Charlie Puth,1,2,0.13164834428496333,-0.9159094038266605,-0.38481382580444246,528.8386519374783,44541.71428571428,95572.08056457795,3081.859740259741,16,132568.29088189793,0.34227988447448165,0.845,0.561,0.811,109.974,0.211,-5.253,0.0778
How Long Will I Love You - Bonus Track,Ellie Goulding,0,89,-0.6272658924140341,-0.38084335200275304,-0.7450368114450221,400.9635518442206,5661.428571428572,4656.019356155852,-288.78181818181827,2,7195.646766622164,1.6118849167889682,0.512,0.304,0.172,126.078,0.295,-9.19,0.0318
How Would You Feel (Paean),Ed Sheeran,1,4,0.1799309964925276,-0.9159282075891253,-0.3353841029332682,485.6584228021052,27340.190476190477,32110.1715372901,724.1012987012989,17,43573.57706164941,0.7891021967526266,0.618,0.439,0.242,139.983,0.424,-5.63,0.0269
How You Like That,BLACKPINK,1,1,0.07224447868983554,-0.9462860220740626,-0.41011151441319,524.9349495399528,53460.19047619047,87935.63587166579,-1689.8207792207768,11,125831.69712710506,1.8328555532504764,0.813,0.787,0.326,130.018,0.0452,-4.254,0.0777
How You Love Me (feat. Conor Maynard & Snoop Dogg),Hardwell,0,90,-0.39164892134236134,-0.9999999593678814,-0.5701875909258461,403.5509436786264,8804.238095238095,4695.852424313365,-51.285714285714285,3,8079.02076662141,1.1064001511170642,0.775,0.723,0.756,104.991,0.282,-4.095,0.0468
How You Remind Me,Nickelback,0,47,-0.14067180786651262,-0.99999999204569,-0.49975589887051947,431.9219040197369,4437.523809523809,9407.194129616451,-528.4142857142854,1,13867.358966652591,3.8455588664172953,0.446,0.764,0.543,172.094,0.00135,-5.042,0.033
How to Save a Life,The Fray,0,56,-0.1668822244820283,-0.962215506422307,-0.5353188074006159,427.75067063526825,13245.857142857143,8178.375815502234,270.7207792207793,14,12721.536200868195,0.759616666814832,0.64,0.743,0.361,122.035,0.269,-4.08,0.0379
How's the Heart?,Nightwish,0,12,0.9044072911694336,-0.9995293213427834,0.27336001575910995,297.0731018032854,12956.5625,7402.016338207702,-1359.2661764705872,0,3739.051355624846,1.0,0.543,0.643,0.272,104.006,0.00448,-8.649,0.0278
Hula Hoop,Daddy Yankee,0,25,-0.14271538649420645,-0.9978313586737839,-0.5970678685339372,438.2574649621569,12127.380952380952,10384.556145115965,-81.04285714285709,5,16240.402796344062,1.1116994244247203,0.799,0.818,0.951,175.998,0.113,-4.628,0.0801
Hulapalu,Andreas Gabalier,0,79,-0.3365679119807191,-0.9536039200368547,-0.5817487705573325,451.81562440337905,14173.380952380952,15111.328435745498,-283.05714285714237,1,24993.589257047497,1.188487815374684,0.705,0.676,0.701,124.96,0.505,-4.672,0.0467
Hum With Me,John De Sohn,0,16,-0.32268782293513315,-0.9991201121545498,-0.6236654886081316,425.79537627753894,17142.428571428572,8266.162578168147,415.1350649350648,9,12714.371181757278,0.6547611652897696,0.653,0.708,0.347,111.924,0.109,-5.385,0.0345
Human,Rag'n'Bone Man,1,3,0.10053218606355983,-0.9269915317812795,-0.44610065995174747,541.1610890814674,55703.90476190476,130386.29372237559,1117.9051948051965,13,184837.58005600484,1.1751122698886647,0.602,0.707,0.554,75.087,0.393,-4.097,0.302
Human,The Killers,0,66,-0.12552830398652315,-0.5099392489037738,-0.45275782120262603,402.9004420318913,23737.833333333332,26461.785331240724,2086.056759545924,15,30435.61516668251,1.0,0.557,0.8,0.582,135.47,0.00132,-8.477,0.0601
"Humdard (From ""Ek Villain"")",Arijit Singh,0,79,0.41946939984868103,-0.9971105458687886,-0.08744766590278956,313.56096416211574,20305.809523809523,916.9938785197153,127.00649350649388,18,573.1164454105291,0.9206854808713236,0.575,0.541,0.27,87.022,0.759,-6.45,0.0237
"Humnava Mere (From ""Humnava Mere"")",Jubin Nautiyal,0,125,0.1053847872031906,-0.4745513233481376,-0.2074595250042386,329.54141033662535,21930.619047619046,1388.3798875013065,182.9168831168834,16,796.0967450630609,0.8790563594251987,0.4,0.553,0.365,79.269,0.471,-8.263,0.0337
Hungry Like the Wolf - 2009 Remaster,Duran Duran,0,85,-0.2093046385751422,-0.9999999999730983,-0.3762285112241847,372.34722733327885,99925.0,95609.1343955517,5421.885714285715,14,143227.84244065147,1.0,0.691,0.812,0.685,127.568,0.0433,-7.772,0.0558
Hur och vem och vad,Lars Winnerbäck,0,42,0.5786537115891687,-0.999999997548095,-0.002966075635350282,433.77315758323624,29432.666666666668,11973.762655363775,-1000.8519480519478,0,10779.623993442443,1.3960095914581732,0.367,0.469,0.28,175.128,0.0705,-8.293,0.0275
Hurt,Johnny Cash,0,97,-0.09348702194715525,-0.9975302501182206,-0.6075957529564031,361.6855861196576,4117.857142857143,1580.7283518837069,71.18311688311687,11,2331.661602269935,0.7507139942880457,0.534,0.392,0.163,90.379,0.649,-7.636,0.0267
Hurts So Good,Astrid S,1,10,-0.5774286037196418,-0.9920151262395421,-0.7504774336633723,397.55494604308296,8817.47619047619,4438.80400686242,15.988311688311663,10,7833.016819048712,0.9225862975293498,0.672,0.625,0.423,120.038,0.0774,-5.068,0.0468
Hush,Lasse Lindh,0,96,-0.44377822321813143,-0.9991810597623425,-0.6096486073125152,323.20235078289414,3089.6190476190477,626.062257378113,-2.287012987012975,20,1009.5678518554362,1.0280426247896803,0.646,0.311,0.305,130.018,0.917,-9.169,0.0328
Hymn for the Weekend,Coldplay,1,8,0.012760109697707704,-0.9060788820814638,-0.4872531500047053,519.1590509179791,24408.47619047619,73886.17278761847,183.60909090909104,12,109979.26908189333,2.8796512217378076,0.491,0.693,0.412,90.027,0.211,-6.487,0.0377
Hypnotize - 2014 Remaster,The Notorious B.I.G.,0,88,0.01999243133612124,-0.999999999995015,-0.41360920112284466,496.8953110924622,27320.238095238095,40091.02041712293,-1401.3792207792203,4,56625.066844530076,2.245402278825046,0.901,0.697,0.67,93.941,0.145,-3.439,0.28
I Always Wanna Die (Sometimes),The 1975,0,26,-0.0026766012526404184,-0.9420489099436182,-0.4623912360541333,561.2318367138419,82573.95238095238,216353.2735382389,442.75844155844186,15,322274.9191231145,0.5702743893907993,0.376,0.473,0.0398,148.835,0.00527,-5.636,0.0325
I Am Above,In Flames,0,97,-0.5738292194225075,-0.9999997268814305,-0.7455363205279857,193.30635877020683,13738.4,7365.484834007873,-465.357575757576,1,13544.427188941701,1.0,0.545,0.977,0.172,120.018,3.12e-05,-5.033,0.106
I Bet You Look Good On The Dancefloor,Arctic Monkeys,0,66,-0.5220569202048848,-0.9353677825203174,-0.7345769824981384,471.74305924170864,39471.19047619047,27236.490501179876,25.580519480519918,18,48094.71831529425,1.0196130935216234,0.535,0.948,0.778,103.183,0.00225,-4.19,0.0356
I CAN'T STOP ME,TWICE,1,2,-0.14541160533165742,-0.7365073529240179,-0.5683224618620192,565.8933978184465,96470.33333333333,242847.21201069013,10611.44675324675,15,362814.95285621844,0.10983785938173067,0.657,0.88,0.769,150.084,0.121,-3.672,0.102
I Can Be That Woman,ABBA,1,5,0.03704628642044907,-0.9209797873674852,-0.4537259477021722,552.5047538377679,80222.14285714286,171566.17730035188,-3028.7207792207755,8,250375.22355146785,1.42735754465272,0.588,0.358,0.366,133.932,0.837,-11.302,0.0337
I Can't Fall in Love Without You,Zara Larsson,0,27,-0.6084637981247732,-0.9308449629959725,-0.7911067455729031,486.52054759896475,54964.857142857145,41471.708601321516,-130.13896103896,1,75222.22523594672,0.9368645919048372,0.485,0.332,0.273,130.813,0.784,-9.244,0.0338
I Can't Handle Change,Roar,0,143,0.999693078534395,-0.9999999999721364,-0.4880284174814194,512.097622658761,205596.14285714287,46228.76644140397,2498.1922077922072,1,67405.32378964958,0.8441930139191216,0.247,0.438,0.39,185.711,0.0447,-8.478,0.0358
"I Can’t Get Enough (benny blanco, Selena Gomez, J Balvin, Tainy)",benny blanco,1,1,-0.713133344806854,0.027137859054707867,-0.9271446029994489,488.2097807102582,21722.333333333332,41023.17525419635,3420.777922077921,20,45143.290673448915,0.11102224519895997,0.541,0.468,0.69,95.266,0.404,-4.039,0.362
I Didn't Change My Number,Billie Eilish,1,10,0.7845493428652889,0.3104800377805563,2.425064099775016,540.516012028854,72650.23809523809,197504.97075164964,13097.340259740256,20,168780.84341988427,0.16814430989785825,0.849,0.48,0.677,142.021,0.612,-5.835,0.226
I Don't Wanna Do This Anymore,XXXTENTACION,0,27,0.28647502422726473,-0.9999999999999906,-0.42246960773133835,550.5154597847296,65256.04761904762,176897.55478901076,-12019.859740259742,1,216523.07597318583,7.579867982415364,0.433,0.778,0.764,114.208,0.843,-7.681,0.041
I Don't Wanna Talk (I Just Wanna Dance),Glass Animals,0,63,-0.25882276118956277,-0.9086746462319729,-0.7287597795722934,558.5554463824498,128343.71428571429,205577.97962542277,895.9467532467543,7,340948.8704206651,0.6395170503366188,0.703,0.624,0.808,131.966,0.0156,-6.228,0.0364
I Don’t Even Know You Anymore (feat. Bazzi & Lil Wayne),Netsky,0,52,-0.05731318221066327,-0.9999999974600849,-0.5008881625350863,504.25331407005973,21252.52380952381,56523.48986851484,-3075.363636363638,1,81854.15029824388,4.660726495726496,0.709,0.784,0.584,97.007,0.23,-3.182,0.1
I Drink Wine,Adele,1,3,-0.1402313962239534,-0.9999999290170326,-0.5831447378679807,502.59007646839575,43964.76190476191,52003.46328568143,-781.4766233766219,4,80996.37029365884,1.2444096800970565,0.437,0.565,0.306,115.389,0.697,-5.596,0.0466
I Follow Rivers - The Magician Remix,Lykke Li,0,67,-0.024540287566027347,-0.9999999999552597,-0.6018053190897655,449.4469343330907,14399.380952380952,14978.853651465392,-1040.6000000000004,4,20269.59707264799,3.1632327506590765,0.786,0.696,0.306,121.974,0.0234,-5.796,0.0428
I GUESS I'M IN LOVE,Clinton Kane,1,4,-0.03471797910640952,-0.9011878179459534,-0.5080981107089192,572.1572402700267,121189.85714285714,283190.79757131025,5151.449350649355,17,427466.1258770805,0.500555158649529,0.422,0.34,0.223,77.213,0.877,-6.577,0.0351
I Gotta Feeling,Black Eyed Peas,0,11,-0.16322918980712756,-0.9196007069415253,-0.6735647685412004,472.9599922693491,21051.714285714286,24609.575086099463,728.6298701298706,13,38427.06516363174,0.6899615373322764,0.746,0.793,0.656,127.973,0.0519,-5.725,0.0265
I Guess I Just Feel Like,John Mayer,0,33,-0.10749826238490251,-0.9390402494125824,-0.5134192865504705,577.4799397609908,139939.80952380953,326493.0367923158,2069.710389610401,13,509212.9294023375,1.2826883831594014,0.548,0.483,0.166,159.952,0.515,-9.102,0.0268
I Hear a Symphony,Cody Fry,0,135,0.6988077617750885,-0.9997812023069212,0.16333253735988187,369.27169894355535,30682.380952380954,2552.223894421537,-94.36883116883132,3,2134.880169939287,1.0430459938479566,0.197,0.247,0.407,75.787,0.934,-8.542,0.0306
I Hope,Gabby Barrett,0,69,-0.20802362614970032,-0.9276914310497597,-0.510602637620298,504.54621053747616,249194.14285714287,53051.18459723655,590.8259740259771,15,86844.33724018798,1.0370301731348026,0.466,0.536,0.377,75.998,0.0951,-6.227,0.0429
I Just Couldn't Save You Tonight (feat. Aurélie) - Story of Kale - Original Motion Picture Soundtrack,Ardhito Pramono,1,8,0.18609677078794326,-0.3549402319833304,-0.05213295343270957,444.88569944029314,136700.38095238095,27009.89234032279,3441.3,11,13566.125795156111,0.6892620253580499,0.372,0.322,0.152,85.064,0.851,-9.831,0.0398
I Know You (feat. Bastille),Craig David,0,14,-0.23235687031365712,-0.6330727484242765,-0.5468180947589057,524.8089352751844,59697.95238095238,82185.6828190063,895.037662337663,9,127587.1656733055,1.11301701914083,0.56,0.761,0.236,140.555,0.126,-5.202,0.0879
I LOVE...,Official HIGE DANdism,1,1,0.8024435288232588,-0.9999990611502203,0.004545169595687679,415.5259580942265,93122.23809523809,13377.582473977598,1827.1636363636378,18,6578.42991507092,0.7658452234898616,0.546,0.663,0.407,171.698,0.00938,-6.071,0.0536
I Love...,Official HIGE DANdism,1,1,0.7640838478750328,-0.9999999979130653,-0.07256386200873148,483.7931570011483,155544.42857142858,32207.84903533598,829.6844155844191,3,36249.88638823576,0.9660274944209092,0.546,0.663,0.407,171.698,0.00938,-6.071,0.0536
I Like Him,Princess Nokia,0,126,0.006699524021319199,-0.9948648041162083,-0.284452095404415,352.57622981369786,32501.04761904762,2269.7849588974696,317.56883116883176,18,1672.664299852185,0.8640320226275592,0.893,0.579,0.611,133.018,0.0641,-8.995,0.113
I Like Me Better,Lauv,1,2,0.18529101032970013,-0.9138091949706557,-0.30348052954383065,432.7130334926183,10786.857142857143,8847.377137755971,78.40649350649366,7,11833.248928760013,0.858114051161768,0.752,0.505,0.419,91.97,0.535,-7.621,0.253
I Like That,Bazzi,0,81,0.0049997910704156715,-0.9173985699604155,-0.4785152758881699,516.459669378042,27188.47619047619,70331.99348980116,-2820.162337662336,5,102291.39865922257,12.450805459223627,0.665,0.692,0.68,74.474,0.172,-5.431,0.112
I Like You,Ben Rector,0,81,-0.9999972030400925,0.9990024627740347,-0.025881086465211634,357.1326126196053,22363.315789473683,3921.477018361853,13.663157894737022,4,4110.293913148929,1.0,0.624,0.334,0.397,157.92,0.321,-11.89,0.0391
"I Like You so Much, You’ll Know It",AVIWKILA,0,156,0.5109532259659975,-0.975132571212095,-0.04746764545426295,369.6239010061789,34102.95238095238,2106.30593979558,8.106493506493495,10,2248.8927114248913,0.9929634917397512,0.717,0.508,0.762,107.99,0.889,-5.318,0.0295
I Love It (feat. Charli XCX),Icona Pop,0,38,0.3181232130823123,-0.9994230685718148,-0.31741836532567097,436.26704772799735,13295.952380952382,11069.796687926031,-696.1857142857142,8,12713.780833705605,1.8739883287094614,0.711,0.906,0.824,125.916,0.00952,-2.671,0.0284
I Love My Country,Florida Georgia Line,0,111,-0.6455539569915197,-0.5129686544359006,-0.7754019641998439,294.48811583273834,142055.58333333334,108008.19614073921,6176.520979020981,1,200965.26417499522,1.0,0.525,0.94,0.636,140.093,0.0283,-3.546,0.065
I Love You So,The Walters,1,3,-0.40247374551621795,-0.914585298365193,-0.6988233541115103,490.34709422745175,37486.380952380954,39967.14341207715,1244.8545454545458,17,69142.58767026296,0.5654986569224337,0.575,0.648,0.466,75.977,0.583,-4.891,0.0358
I Met Sarah in the Bathroom,awfultune,0,94,-0.04012676494963213,-0.999280225564963,-0.49364321718526877,405.89828990228807,2116.095238095238,4661.573910629653,145.95714285714286,15,6892.613359785967,0.2459149223497637,0.675,0.408,0.229,90.111,0.901,-10.861,0.142
I Miss You,SOYOU,0,51,-0.1882572066859592,-0.9972379822473519,-0.5161361839405116,349.65187295653243,3889.5238095238096,1379.8572603559096,128.08181818181822,13,1833.4616296775891,0.6291605828540779,0.482,0.344,0.211,133.499,0.901,-6.002,0.0318
I Miss You (feat. Julia Michaels),Clean Bandit,1,2,-0.17296605137910365,-0.7893708183913444,-0.48578849909052635,516.2956548852007,34265.09523809524,68978.03349231638,3180.34935064935,18,107092.83008441789,0.28999097678419333,0.693,0.624,0.369,105.002,0.299,-7.482,0.0448
I NEED U,BTS,0,136,0.5558120307518148,-0.9988857934405491,-0.21677835916273944,306.54281510183,3329.5238095238096,543.3692613637721,49.85064935064938,10,460.6344971883891,0.7790088638195004,0.478,0.88,0.707,158.356,0.0213,-3.097,0.0739
I Need U,BTS,0,98,0.5216007689178233,-0.2674292221727643,0.33120653484114954,320.316513554096,1548.952380952381,962.6444468575922,69.12597402597405,20,617.6524427216328,0.6504639246641739,0.478,0.88,0.707,158.356,0.0213,-3.097,0.0739
I Need You More Today,Caleb Santos,0,72,0.32538162501460344,0.11551024685916951,0.4011502405439596,390.806664699207,25907.666666666668,5382.525122877988,-372.84155844155845,3,3819.37181484076,1.26799732606085,0.461,0.522,0.446,157.768,0.36,-7.513,0.043
I Refuse,Five Finger Death Punch,0,98,-0.9999962618220196,0.9906311176295108,-0.9256184867472999,222.06171115735268,15449.083333333334,6444.5173398056395,-234.23426573426602,1,12349.562132967834,1.0,0.514,0.849,0.365,154.992,0.0479,-5.668,0.06
I Saw Mommy Kissing Santa Claus,The Jackson 5,0,26,-0.8673654301002875,-0.06393488549234307,-1.37472956815266,488.41768059589447,29523.14285714286,45765.21540925796,3548.1857142857134,20,52415.226011412946,0.25566175054048845,0.582,0.705,0.64,128.89,0.29,-8.169,0.0539
I Say a Little Prayer,Aretha Franklin,0,19,-0.8466723477308156,0.3531092386838083,-1.4451625359524025,525.9167961781167,44790.95238095238,98353.26710020083,5567.4636363636355,20,108835.85047441859,0.3172326210216771,0.592,0.355,0.499,133.032,0.478,-14.051,0.0352
I See Red,Everybody Loves an Outlaw,0,27,-0.1314037553476517,-0.9993545599994839,-0.5008398319208022,468.9315697888938,12324.52380952381,22302.278291944476,32.645454545454534,14,34897.05434456467,0.7792013277470804,0.509,0.448,0.221,156.909,0.00713,-7.552,0.0357
I See You Everywhere,Eric Chou,0,142,-0.05649875121772535,-0.4418858437336527,-0.3696480914706124,319.0112538382018,6922.0,565.7562153773437,7.3883116883116084,14,640.9865053181697,0.9873912050019733,0.542,0.519,0.162,86.041,0.693,-8.902,0.0339
I Should Probably Go To Bed,Dan + Shay,0,37,-0.4659806142328577,-0.5636984331728916,-0.5618925766031032,573.0713056598917,211135.85714285713,201820.39541709586,-11740.092207792199,1,309342.02894713084,1.9180479499213192,0.721,0.277,0.309,131.935,0.634,-7.128,0.0365
I Still Have Faith In You,ABBA,1,1,-0.016456808231441102,-0.6257554767739628,-0.4613096839158009,563.2703302551472,124048.90476190476,221040.92167028278,7443.3025974025995,8,297350.10618549894,0.3865670555115116,0.207,0.363,0.358,74.278,0.418,-7.296,0.0306
I Took A Pill In Ibiza - Seeb Remix,Mike Posner,0,14,-0.817230316606199,0.9991272710656625,0.11233996002450897,497.6040480284375,31684.666666666668,51228.80709999882,2305.4818181818173,20,50614.28465154378,0.5340352439722629,0.665,0.727,0.66,101.976,0.032,-6.57,0.103
I WANNA BE YOUR SLAVE,Måneskin,1,1,0.6873987453853927,0.4837855914161832,0.4767716727090823,439.1184215407326,83330.52380952382,45118.03705163036,-6305.049350649353,0,16273.362447493757,2.719093705541939,0.75,0.608,0.958,132.507,0.00165,-4.008,0.0387
I Wanna Be Yours,Arctic Monkeys,0,15,0.6848517850253769,-0.9999998622592218,-0.15658998682530587,435.27047291167196,11215.809523809523,13538.745533851557,-923.2025974025971,4,11100.493367413901,6.5626729527518695,0.464,0.417,0.479,67.528,0.136,-9.345,0.0256
I Want It That Way,Backstreet Boys,0,51,-0.04642968835075322,-0.9995169188812891,-0.39927509598721606,426.4623489007878,10966.904761904761,8970.655616029737,-772.2129870129871,9,11594.33332915265,2.6755281377596307,0.689,0.694,0.482,99.039,0.257,-5.83,0.027
I Want More,KALEO,1,4,-0.05223056209882501,0.9986287870119746,0.19366440302079632,314.8544231909325,2169.3809523809523,1287.8811863341195,-186.85974025974016,1,575.165826088442,3.3345402819087027,0.55,0.531,0.364,98.014,0.256,-7.431,0.0309
I Want To Break Free,Queen,0,105,0.11864899552959227,-0.9436388008449269,-0.32853895459886434,468.9111556348437,13174.333333333334,21907.845314349386,-327.69480519480476,12,30565.80840068687,3.0596249035012035,0.807,0.414,0.502,108.944,0.105,-8.903,0.0352
I Want To Come Home For Christmas,Marvin Gaye,0,55,-0.26354636444635254,-0.6897189164871498,-0.5698140678239012,451.17214037268116,33288.619047619046,14474.679164060748,896.9961038961036,9,21312.597812737422,0.7303651483522124,0.309,0.564,0.488,179.106,0.119,-6.955,0.038
I Want You Back,The Jackson 5,0,46,0.454811867739239,-0.9590983331800437,-0.10272839618771996,527.7804796071642,39505.0,106865.82734260305,-5115.633766233765,5,119043.8832227847,19.13198355914142,0.469,0.538,0.886,196.605,0.305,-13.559,0.0571
I Was King,ONE OK ROCK,0,27,0.7795608720469427,-0.999044073943518,0.24785906781174388,292.7179176200967,3186.1428571428573,780.32626178409,-113.98831168831163,2,307.90600838567605,1.6507819164060278,0.571,0.875,0.447,92.505,0.000247,-3.279,0.039
I Will Go To You Like the First Snow,AILEE,0,54,-0.10545800496010196,-0.9994187042182885,-0.4407890097789501,351.3754709969951,4023.1428571428573,1178.4699234788375,11.145454545454557,16,1813.006957377715,0.9153851319589014,0.497,0.431,0.167,133.675,0.66,-4.755,0.0287
I Will Survive,Gloria Gaynor,1,1,0.5148942454798396,-0.9999999992815837,-0.16159841929570162,279.74779196125974,61083.25,55584.50153763637,-2664.9895104895104,4,61088.600592746974,1.0,0.77,0.775,0.802,116.935,0.0227,-9.571,0.0495
I Will Wait,Mumford & Sons,0,64,-0.4416298281664313,-0.7323492683488438,-0.6692431415072495,458.354358288621,22458.85714285714,17579.437155207146,583.697402597403,17,30332.846077272403,0.6975585083920136,0.486,0.769,0.393,131.286,0.0119,-5.14,0.0341
I Won't Back Down,Tom Petty,0,36,-0.03792481548924383,-0.9404476381675153,-0.435375033671061,535.9316872299901,163737.05,228707.21554434503,-3392.588721804519,6,348293.12832580414,1.0,0.765,0.63,0.963,113.967,0.0467,-9.751,0.0304
I Won't Give Up,Jason Mraz,0,98,0.16778041951823452,-0.9993884154634951,-0.1393973070111708,334.23258509763315,14922.047619047618,938.5664588788725,87.94285714285682,17,1046.6136393149097,0.9238002175556334,0.483,0.303,0.139,133.406,0.694,-10.058,0.0429
I Would Like,Zara Larsson,1,3,0.5633188910795502,-0.9999999983889682,-0.07132271983260434,496.04706067072493,31646.666666666668,49603.46078300176,-4599.21948051948,2,49668.90043425061,10.785461148057403,0.486,0.713,0.297,121.028,0.0853,-3.949,0.0524
I Wouldn't Know Any Better Than You,Gentle Bones,0,45,0.12725282655394765,-0.9993464086802518,-0.29347948823064524,334.22485801384744,7426.809523809524,1599.1347844871975,231.70000000000005,20,1034.4474853756474,0.6556160966323114,0.708,0.485,0.281,139.99,0.21,-5.552,0.0699
"I am not a woman, I'm a god",Halsey,0,17,0.08484068429162375,-0.8552188458155772,-0.4271702933542825,545.5310302655337,48910.666666666664,143818.250210973,5284.877922077923,16,203272.09175304906,0.1275962765594708,0.517,0.7,0.518,179.986,0.00375,-6.568,0.0452
"I don’t even speak spanish lol - feat. Rio Santana, Judah, Andrez Babii",XXXTENTACION,0,24,0.5934352477764412,-0.999999999999783,-0.44662000336770774,557.3205167753238,53105.42857142857,159190.1484803544,-9512.731168831166,1,222190.8358062051,9.055765866387278,0.767,0.561,0.542,90.021,0.118,-7.418,0.0509
I don’t let go,XXXTENTACION,1,5,0.2143394838548315,-0.9999999999111642,-0.43947537703899603,580.1314290894287,99212.61904761905,315911.41258232447,-19823.325974025975,1,436196.832060857,12.216849311398104,0.797,0.293,0.478,80.035,0.591,-7.479,0.08
I skydd av mörkret - Så mycket bättre 2020,Jakob Hellman,0,73,0.05574827318045311,0.13331484701118454,0.2341426850550469,307.52632896363025,29034.0625,7206.463934107611,-1069.7926470588234,0,5337.387693952497,1.0,0.621,0.767,0.489,122.009,0.0478,-8.255,0.0317
I'll Make Love To You,Boyz II Men,0,90,-0.31824642492870886,0.9985134850892178,0.22552841256152142,351.6720119511778,18529.095238095237,2482.7635697566243,70.96103896103877,0,1501.4547237595943,0.9140331181588549,0.559,0.49,0.202,142.447,0.103,-8.06,0.0247
I'm Coming,Tove Lo,1,10,0.05275128412774916,-0.963989960999602,-0.2717755268298251,491.9204693396631,48981.23809523809,39442.947008975316,1208.4961038961037,3,55772.39848966512,0.7503250589668372,0.65,0.625,0.296,118.966,0.00536,-10.122,0.0359
I'm Fine,BTS,1,5,0.11041001184825781,-0.877561002379015,-0.4514607610347803,509.51983741076697,26544.47619047619,57976.51287302557,1238.3545454545444,15,82199.588094999,0.3872702369075198,0.511,0.84,0.303,87.605,0.00852,-2.781,0.103
I'm Not Cool,HyunA,0,11,-0.2354030983873847,-0.9443844414963857,-0.5427655436410164,403.8913896168459,11816.809523809523,4448.011793610689,-32.509090909091235,18,7035.921775254468,1.0841231477849342,0.883,0.845,0.656,116.004,0.0161,-2.069,0.0585
I'm Not Her,Clara Mae,0,76,0.14725182313979712,-0.9999999943350102,-0.2747027181713601,420.66303419109437,4260.9047619047615,7216.4874842250865,-449.60519480519474,2,9105.74629162816,3.6160368663594467,0.477,0.51,0.477,111.893,0.228,-8.94,0.275
I'm Not The Only One,Sam Smith,0,39,0.26936712276055846,-0.9973416153797836,-0.07139357138493586,439.72136216810475,11138.47619047619,11038.598011475773,-64.58831168831168,15,14035.46207076917,1.0295662247393487,0.677,0.485,0.493,82.001,0.529,-5.795,0.0361
I'm Shipping Up To Boston,Dropkick Murphys,0,31,-0.012830145438218215,-0.7142374143591953,-0.4821126512509707,381.1074774802646,88065.86666666667,119660.20593211243,7248.7750000000015,7,178133.29009338736,1.0,0.452,0.928,0.6,129.188,0.000706,-3.133,0.079
I'm So Excited,The Pointer Sisters,0,38,0.5303586244297993,-0.8736284627755188,-0.14963436133021982,467.47265913653274,22627.333333333332,21548.347397319256,821.902597402597,20,25101.948310639156,0.8692734871471919,0.59,0.868,0.798,184.348,0.0962,-5.832,0.048
I'm Still Standing,Elton John,0,73,0.28600451908796076,-0.877571186980293,-0.13419543921364163,465.8756947322985,26400.333333333332,21683.56065764225,-1675.581818181817,8,25512.156490338093,2.2026586141852125,0.504,0.904,0.772,176.808,0.356,-6.863,0.179
I'm Yours,Jason Mraz,0,49,0.16996358697257397,-0.9999374956543202,-0.33218005647988197,412.85373815109915,8036.809523809524,5939.673452776978,363.44675324675325,19,7437.0390174786635,0.6581238140417457,0.703,0.444,0.712,150.96,0.559,-9.331,0.0417
I'm a Mess,Bebe Rexha,1,6,-0.08672404179178272,-0.9999999999997911,-0.5026378242274272,550.5637623778058,48835.28571428572,142868.94575703947,-6196.325974025973,2,216655.06531731493,29.91222076215506,0.63,0.694,0.216,97.005,0.00281,-6.257,0.0253
I've Been Waiting (w/ ILoveMakonnen & Fall Out Boy),Lil Peep,0,17,0.022337950946215483,-0.9368651803063118,-0.46282046920072983,561.1188289104497,79933.33333333333,215929.90369282724,2859.671428571433,16,317375.3753376276,0.4729210703761862,0.741,0.845,0.926,129.939,0.15,-3.568,0.0381
I.F.L.Y.,Bazzi,1,2,-0.04023282954895353,-0.943691545974781,-0.48906976227867427,560.5768117759977,75023.52380952382,215884.77216343666,5018.387012987013,17,326010.56093612977,0.4541148348233494,0.812,0.519,0.554,104.954,0.379,-4.823,0.0385
IDGAF,Dua Lipa,1,1,-0.858301077166118,-0.03993911917756263,-0.9235892737514727,458.29661251733387,20669.380952380954,22786.59418851396,1694.546753246753,17,37000.916509290684,0.11640335442327132,0.836,0.544,0.51,97.028,0.0403,-5.975,0.0943
IDGAF,Lil Peep,0,28,0.07857786429400007,-0.8303742033532685,-0.4574948779156128,553.2855013555436,70973.14285714286,169766.96165297992,-1611.69090909091,10,248413.8556223213,1.7047636067591987,0.615,0.66,0.185,115.037,0.0298,-5.55,0.032
IDGAF (feat. Morrisson),Sidhu Moose Wala,0,24,0.9999996545620704,-0.9999999978347905,-0.08388440259353634,233.20946225298073,58992.72727272727,21515.19187200654,-5307.82727272727,1,18711.239158324068,1.0,0.771,0.779,0.535,94.962,0.251,-3.748,0.217
IDOL,BTS,1,1,0.40511670762696717,-0.2006608817835006,0.40200151390227035,511.9507374207351,36548.52380952381,76516.63558034388,4748.002597402597,20,71441.13757975862,0.29785359712019893,0.733,0.855,0.42,126.035,0.00481,-3.211,0.118
INDUSTRY BABY (feat. Jack Harlow),Lil Nas X,1,1,0.7991733821508449,-0.9687211812112934,-0.2023520167900322,508.01772304791183,41085.0,58933.70102718736,1054.4987012987006,20,65757.14310268885,0.8362363202245736,0.736,0.704,0.894,149.995,0.0203,-7.409,0.0615
I`m a B,Hwa Sa,0,53,-0.6569472226040659,-0.9935467762988723,-0.7616772002506382,385.8888178958215,6738.238095238095,3492.031635496829,37.08701298701309,11,6162.469359761556,0.9491367140840482,0.711,0.77,0.927,139.968,0.135,-4.724,0.0826
Ice,Ecko,0,53,-0.5188068327870611,-0.9986604042908048,-0.7343178632259303,454.35728912602383,20888.238095238095,18107.12156637551,400.06233766233737,14,32415.28241319979,0.8286048732403044,0.857,0.764,0.338,134.984,0.0236,-5.931,0.268
Ice Cream (with Selena Gomez),BLACKPINK,1,1,0.06327710725890472,-0.9434466436979461,-0.4431672594895807,534.9916567593034,62949.42857142857,112731.4509630959,-2521.705194805194,11,162416.60645217285,2.523356524959657,0.791,0.733,0.913,159.974,0.0305,-3.852,0.35
Ich will,Rammstein,0,24,-0.4982755281413776,0.9990888646273379,0.06315877265129394,262.7274132427768,4678.066666666667,3491.8400777940683,587.75,9,2383.3304568033636,1.0,0.648,0.896,0.468,128.115,0.00138,-4.254,0.041
Idiota Favorito,Murilo Huff,0,149,-0.9909929827732504,0.766206181358505,-0.8377178201979718,324.7701663834432,94259.6875,10974.302499013034,322.7397058823548,12,18693.638054577696,1.0,0.739,0.769,0.809,153.915,0.48,-3.793,0.0541
If I Ain't Got You,Alicia Keys,0,59,0.08637973147754086,-0.9519020633236345,-0.3595628939835695,412.05551775414557,16664.0,5573.506641757439,301.6311688311689,14,7165.611099375963,0.7184134412743631,0.609,0.444,0.166,118.402,0.603,-9.129,0.106
If I Can't Have You,Shawn Mendes,1,1,0.3391625983680022,-0.969679501989803,-0.13802463228927148,496.24706768311563,38868.857142857145,45821.654330141995,-675.4610389610391,5,56264.035549607535,1.4965557505885743,0.692,0.809,0.864,123.911,0.524,-4.198,0.0602
If We Have Each Other,Alec Benjamin,0,42,0.9998509535688674,-0.9999422812574427,-0.015878685534007383,304.94335057362093,1319.047619047619,499.5191474656475,-37.996103896103875,0,405.31994769564454,1.3775847302092252,0.656,0.577,0.861,173.094,0.698,-5.566,0.0802
If You Lie Down With Me,Lana Del Rey,0,81,-0.007063313224937951,-0.9208051589715815,-0.4889243825434619,508.10902678849703,80401.68421052632,224184.74801918748,-928.6122807017537,12,337713.3636812684,1.0,0.641,0.346,0.187,122.101,0.913,-9.508,0.036
If You're Over Me,Years & Years,1,6,-0.019093461577319,-0.9284295017727261,-0.49251387873873964,550.1355392791962,54449.619047619046,161044.2660872133,2818.827272727272,14,242076.38518814676,0.25029230800912505,0.631,0.853,0.614,103.834,0.0622,-4.514,0.0912
Ik Tera,Maninder Buttar,0,26,0.8784686961707925,-0.9999999464342738,0.09429319410180405,381.88742464966595,26581.85714285714,2774.8741762244917,49.336363636363565,4,2806.327929430201,0.9919968547531466,0.826,0.712,0.49,93.029,0.095,-5.219,0.0727
Il Sole Ad Est,Alberto Urso,0,60,0.09472090682155865,-0.9999999987651871,-0.12420393867774712,234.70147446928922,71094.66666666667,16708.768263665905,-4494.860139860139,1,8535.560803567916,1.0,0.412,0.578,0.133,123.402,0.755,-3.756,0.0321
Imagination,Shawn Mendes,0,143,0.24068695194295125,-0.5579127390335948,-0.1601266146552705,278.5195638403538,4703.0,384.72538134053366,52.045454545454625,18,217.91041163744333,0.8500771032040665,0.64,0.455,0.333,89.948,0.0743,-5.942,0.0247
Immigrant Song - Remaster,Led Zeppelin,0,104,-0.7521768089869131,0.46118219281015094,-0.2583323472642097,329.8541785376211,1471.904761904762,927.5738402008453,-80.00259740259739,1,800.6974756423302,1.7971517027863777,0.564,0.932,0.619,112.937,0.013,-10.068,0.0554
In Case You Didn't Know,Brett Young,0,94,0.48905035305234407,-0.9661343178873063,-0.11197742676328916,455.2158613713943,191512.2857142857,17391.894228943213,365.11168831169084,9,18875.97411387026,1.0187527337044404,0.607,0.536,0.434,147.986,0.386,-7.306,0.0305
In Da Club,50 Cent,0,32,-0.6129635810439362,-0.3007854362920446,-0.7689537389101133,474.05134880365955,24124.761904761905,26265.244453105814,-311.25064935064984,5,42607.59322523979,1.1481355884306164,0.899,0.713,0.777,90.051,0.255,-2.752,0.366
In My Blood,Shawn Mendes,1,1,0.328842065045148,-0.9891734918462471,-0.08339065807269276,487.1272472380235,34767.71428571428,37746.970488520325,-1462.2233766233771,4,45237.48845755586,1.9912210778594845,0.622,0.711,0.487,140.016,0.0573,-7.321,0.0665
In My Mind,Dynoro,1,7,-0.20410797662126495,-0.99429632407665,-0.4949710207560919,477.6112053176072,38086.42857142857,28510.47830029452,-858.005194805194,14,44807.48618978194,1.2015253366224687,0.694,0.77,0.163,125.905,0.176,-5.335,0.149
In My Mind,Lyn Lapid,0,51,-0.6304109482215874,-0.9890110441071582,-0.8595411401357955,443.8867856816188,17327.428571428572,16305.939757884396,1067.6506493506495,8,27262.68581133378,0.30829328086190766,0.668,0.392,0.323,135.936,0.789,-12.178,0.0585
In Your Arms (with X Ambassadors),ILLENIUM,0,52,-0.19046786345970515,-0.9999997552730592,-0.48081391666946416,549.9693765100867,120737.76190476191,179065.78166294744,-10183.742857142852,1,264953.16691028624,10.610525196306078,0.404,0.806,0.112,148.036,0.198,-4.75,0.0496
In Your Eyes (feat. Alida),Robin Schulz,0,81,0.10587567522592226,-0.9442271806380468,-0.35501352710663026,503.4203291061308,915561.6666666666,60479.62647618132,5388.28961038962,15,72577.12466404273,0.9171501473563062,0.57,0.672,0.461,120.018,0.172,-5.888,0.0716
In the Blood,John Mayer,0,69,-0.12467608012045611,-0.999999999927277,-0.4866221570104117,514.5819437251944,27878.761904761905,44486.37135648535,-1799.8999999999996,3,67209.52404131426,2.4645469462169554,0.546,0.655,0.518,80.007,0.386,-6.526,0.0255
In the End,Linkin Park,1,1,-0.09583598119075194,-0.967640350539369,-0.4982480500534572,405.8321544950801,2146.3809523809523,4741.692509523923,204.2194805194805,17,7028.311951493047,0.2565079365079365,0.556,0.864,0.4,105.143,0.00958,-5.87,0.0584
In the Jungle,Rilès,0,144,-0.07142999841044824,-0.9981120427711122,-0.5100577622371619,313.7431713987588,19097.315789473683,1071.3897051386148,-27.287719298245673,6,1523.4136821341667,1.0,0.831,0.709,0.791,101.01,0.444,-3.681,0.144
In the morning,ITZY,1,2,0.07131666438911007,-0.9059271274765689,-0.45260527588760013,566.9210281313019,80543.85714285714,246091.43811140914,6107.905194805196,13,351964.02162478195,0.5359277486450428,0.846,0.814,0.722,140.055,0.0823,-4.685,0.149
Incerteza - Na Praia / Ao Vivo,Matheus & Kauan,0,75,-0.5280292400115244,0.3521870119926891,-0.1794535906546153,392.0346998235372,57948.76190476191,4536.123412119353,-496.7363636363641,3,3643.589396460584,1.16786125028091,0.569,0.785,0.484,109.779,0.0481,-4.33,0.0874
Indécis,RK,0,45,-0.9999999977188687,-0.7140240323551357,-0.4496914221941883,349.25806025445655,57385.73333333333,36995.06128024238,-4793.699999999999,0,50316.70955831184,1.0,0.818,0.742,0.53,139.966,0.651,-5.289,0.269
Infinity,Jaymes Young,0,14,-0.05143481839416735,-0.7099763617182334,-0.4752168550615128,476.47847890454597,14060.857142857143,27095.626184181925,2215.745454545454,19,34849.11618334101,0.05660902132458556,0.671,0.673,0.494,121.963,0.148,-6.941,0.0444
Infinity - Dubdogz & Bhaskar Edit,Dubdogz,0,35,0.2515899065837177,-0.999999937186612,-0.13102049286967965,425.0175653819221,71827.09523809524,11884.120569281324,1521.9883116883127,14,9214.199088770549,0.7296299794646823,0.723,0.57,0.575,123.979,0.00412,-8.589,0.0429
Ingen annan rör mig som du,Norlie & KKV,0,94,0.45173933232482233,-0.9641830307488981,-0.112098479681256,368.8003764540827,19188.285714285714,2337.151301067527,205.1038961038962,15,2209.6602023840683,0.8356447474782975,0.693,0.75,0.712,114.026,0.0385,-3.689,0.0462
Inner Child,BTS,1,4,-0.2207280791032223,-0.6179821501727568,-0.9308766020271805,529.4685401205212,41531.380952380954,99177.21184227381,5476.954545454543,19,140453.91936840885,0.24450966612495373,0.589,0.696,0.33,134.953,0.017,-7.981,0.0725
Inside Out (feat. Griff),Zedd,0,67,-0.11484291580747734,-0.8422846999011104,-0.5269554261900344,507.9819039217681,26659.809523809523,57980.25839691682,-2651.070129870128,5,87863.6559727058,6.090331439255612,0.64,0.683,0.4,146.058,0.169,-4.309,0.0434
Insomnia,Daya,1,10,-0.565155884005089,-0.9987553900684001,-0.6269518775321894,375.7627147143492,5239.761904761905,2666.1997014613444,-159.42207792207793,1,4192.676795318237,1.646285467603312,0.754,0.653,0.379,123.084,0.0944,-5.095,0.0611
Instant Crush (feat. Julian Casablancas),Daft Punk,0,28,-0.07908258974416309,-0.8583446203926841,-0.5213685130992243,500.166452867239,26939.95238095238,46317.79352162642,709.5285714285718,11,71402.78775412064,0.5992791722629806,0.775,0.585,0.518,109.942,0.0422,-9.516,0.0271
Interlude : Shadow,BTS,0,14,0.1498705362172134,-0.8682684589034508,-0.37840007534563375,524.2340307743032,34433.23809523809,84419.71324897134,3091.1181818181826,16,116126.44844447581,0.2577095761050568,0.384,0.798,0.146,149.854,0.115,-6.439,0.434
Into The Night,YOASOBI,0,60,-0.8332345042163202,-0.15732883775095544,-0.6435847041832953,439.76649487627793,39719.04761904762,13052.492732100714,27.223376623376303,1,19379.48172294605,1.0566039923476782,0.647,0.859,0.78,130.024,0.00496,-5.558,0.0295
Into You,Ariana Grande,0,33,0.9995399329776581,-0.9999999999403114,-0.42920440270381705,531.8181910157659,29369.0,77329.97992216152,-4734.9129870129855,1,107380.54826171964,10.168891368728271,0.623,0.734,0.372,107.853,0.0162,-5.95,0.107
Into Your Arms (feat. Ava Max),Witt Lowry,0,19,0.013765114022300212,0.03992022210501742,0.13032842351298027,371.5425755155703,18301.85714285714,5029.617549464129,732.2155844155847,13,2145.2635100378693,0.5665494726268206,0.504,0.788,0.228,170.039,0.0134,-4.113,0.215
Intro,The xx,0,51,-0.09987199415958485,0.17273382939419413,0.06528268089865909,308.1270644250204,2356.3333333333335,475.24192669511905,8.74805194805196,10,440.11258502796755,0.9538767906468812,0.617,0.778,0.152,100.363,0.459,-8.872,0.027
Intro : Persona,BTS,1,7,-0.0571136752378183,0.896940181797578,1.293317908349664,523.0860320683686,47178.80952380953,113358.3232588545,7019.567532467531,20,103390.1516587049,0.2470151855312147,0.486,0.871,0.659,85.411,0.0278,-4.475,0.337
Intro: Serendipity,BTS,1,5,-0.25870803518078433,-0.9999999988994398,-0.5378931585159169,501.87606099265577,23906.0,50084.33811938761,-1899.3350649350643,2,76510.3781864101,3.0849394385792617,0.477,0.581,0.282,129.571,0.523,-8.795,0.119
Intro: Singularity,BTS,0,12,0.042472568040113984,-0.9999999999870405,-0.5041374716585908,515.1050320972977,26201.380952380954,63146.53447149445,-2522.0000000000005,3,95689.92777888119,3.910716592739331,0.775,0.272,0.198,103.991,0.56,-9.126,0.091
Intuisi,Yura Yunita,0,100,-0.5782152233121878,0.32668698728407475,-0.20013045192573886,302.42479931208817,5788.142857142857,479.2870981457561,53.50779220779214,17,393.7273676035233,0.8898508898508899,0.453,0.0531,0.354,79.863,0.946,-19.956,0.0355
Invincible (feat. Stefflon Don),Sidhu Moose Wala,0,15,-0.9999922969317254,0.9999848583484205,0.01778670412215445,421.02073393903555,70310.47619047618,22390.675847684895,-3412.3857142857128,1,7375.720542936805,1.9225433657251838,0.774,0.672,0.307,107.956,0.276,-4.351,0.0621
Invisible,Linkin Park,0,29,-0.6069798727637477,-0.2850047086141846,-0.7544253871018268,444.4900338348499,8138.428571428572,12822.538176683936,-143.49350649350654,9,20261.943402040684,1.7836788707543008,0.47,0.74,0.562,84.841,0.0455,-6.093,0.07
Invisible - from the Netflix Film Klaus,Zara Larsson,0,24,-0.5224406275537163,-0.6744408717849325,-0.6586664250503128,462.72821229036697,27571.571428571428,21065.568541085802,-1011.6467532467536,1,35704.0081889975,1.5603668380256697,0.519,0.731,0.296,82.967,0.0571,-3.993,0.0402
Iridescent,Linkin Park,0,70,-0.6422758104912173,0.047018509648167325,-0.6420507023451089,366.8284328398139,5843.9473684210525,4959.376546913132,-241.33508771929854,5,6614.748257203206,1.0,0.484,0.727,0.216,120.066,0.198,-6.107,0.0358
Iris,The Goo Goo Dolls,0,51,-0.0982697231619749,-0.9993127837139991,-0.7173616976245775,417.54072482346476,20361.619047619046,6200.097959872742,133.85324675324736,20,9424.440738181762,0.9592915235857581,0.315,0.715,0.497,155.925,0.00125,-8.072,0.0362
Is There Still Anything That Love Can Do?,RADWIMPS,0,83,0.7460988737682187,-0.9994446539541162,-0.0786470295602689,291.88207384261494,3005.6666666666665,329.1610306931611,9.371428571428623,8,300.27062377129073,0.9568710973425626,0.536,0.403,0.246,141.551,0.362,-6.38,0.0335
Is This Love,Bob Marley & The Wailers,0,154,0.9999998618373325,-0.9999999834339011,0.0037568941730316023,429.14147027149636,4726.285714285715,8721.590823341572,-471.8168831168835,0,9041.48034823391,2.5629174458990116,0.776,0.559,0.758,122.242,0.11,-8.375,0.103
Ishq Tera,Guru Randhawa,0,155,-0.5561188528921107,0.10614567779490586,-0.4012830753644736,316.6831814368077,14970.809523809523,1057.2074905166608,152.192207792208,19,620.0744713338875,0.8655793682886282,0.438,0.689,0.507,120.668,0.117,-5.387,0.0479
Issues,Julia Michaels,1,3,-0.41323853732400373,-0.5066759778351563,-0.6794352295865717,440.7914796590104,12569.714285714286,11524.119072387175,533.8766233766235,9,17154.358860869736,0.5409465598800993,0.728,0.415,0.455,114.145,0.401,-6.852,0.0639
It Ain't Me (with Selena Gomez),Kygo,1,1,-0.059247855595218106,-0.9132759507336496,-0.5323883682271644,507.3479079342922,28559.571428571428,55323.35680736821,-24.70519480519515,9,84700.5958345483,0.7789896670493685,0.64,0.533,0.515,99.968,0.119,-6.596,0.0706
It Gets Better,Swedish House Mafia,0,17,0.006122981246467136,-0.9999999995510787,-0.45319804951255693,467.85143742783015,30505.761904761905,23408.967579408258,-1520.405194805194,3,31300.369332445585,2.238478315277629,0.737,0.707,0.0608,118.979,0.00272,-6.979,0.0369
"It Must Have Been Love - From the Film ""Pretty Woman""",Roxette,0,56,-0.16523140173111783,-0.9999889022826983,-0.5507223238334115,478.64692468026317,23256.0,28606.84564758516,274.52077922077984,1,45510.954621140394,0.7249725666896492,0.52,0.652,0.722,80.609,0.34,-6.655,0.0274
It Will Rain,Bruno Mars,1,4,-0.8034561664860188,-0.5801017723928982,-0.9313490538948577,428.1484006774916,16070.52380952381,13169.23987616976,1142.42987012987,15,20471.22483414219,0.2152737847394336,0.572,0.835,0.468,150.014,0.337,-6.826,0.0516
It's Beginning to Look a Lot like Christmas,Michael Bublé,1,1,-0.22470537516459266,-0.963295847580205,-0.5068144780413886,404.82173901921976,7108.571428571428,7075.210396140872,891.5506493506492,14,7458.969891345587,0.08950707478247753,0.339,0.214,0.363,94.775,0.908,-11.714,0.0375
It's Christmas,Jamie Cullum,0,85,0.3004169269664185,-0.6637130161243657,-0.24479762224072135,511.51655193305953,37777.42857142857,59986.79540299755,-332.96493506493493,20,72709.6535838777,1.0330396273955869,0.534,0.533,0.478,136.854,0.5,-6.161,0.047
It's Not Christmas 'Til You Come Home - Recorded At Spotify Studios NYC,Norah Jones,0,81,-0.4087489096684301,-0.15932721075060566,-0.5534906848521512,506.7713393037716,27692.333333333332,65132.50179466275,4672.471428571428,19,72782.76779532021,0.20244658329513956,0.473,0.068,0.262,93.777,0.892,-20.033,0.0315
It's Not Living (If It's Not With You),The 1975,0,29,-0.08183053982010939,-0.9254823633025534,-0.49667596027607963,555.9363220798258,77188.57142857143,185207.92335425958,3287.4402597402604,14,286556.9567777757,0.20334004939107633,0.618,0.837,0.526,121.227,0.000254,-5.338,0.0304
It's Time,Imagine Dragons,0,75,-0.5256028048685392,0.9999773604107843,0.016665059077845226,154.51679098975876,1863.0,828.8506499967289,-110.14545454545463,0,876.0847808345243,1.0,0.656,0.884,0.86,105.009,0.0162,-4.748,0.0372
It's You,Ali Gatie,1,1,-0.13176266276695844,-0.9127160767202691,-0.5493108075931493,553.0798222499843,85633.80952380953,176149.87922292037,-2981.7415584415585,8,278819.05672942713,0.9274810072927647,0.732,0.463,0.397,95.971,0.374,-6.972,0.0287
It's You,Henry,0,128,-0.8054514537111575,0.5531725424499715,-0.34875665576382114,363.323970397794,3961.190476190476,1441.5327034609352,22.03246753246748,17,1891.7198755365446,0.9672049109227997,0.545,0.468,0.279,76.045,0.637,-6.064,0.0247
It's You,Sezairi,1,2,0.3392132864812626,-0.9994974217860261,-0.3382834085174023,327.86343412818474,6605.238095238095,1298.672212199533,183.4220779220779,19,800.4402835315074,0.6544531207339049,0.63,0.456,0.166,137.915,0.545,-8.285,0.0317
It’s OK To Be Sad,Janice Vidal,1,9,-0.3539066261012053,0.737738375370299,0.3616144135983196,356.73670266543127,11206.238095238095,5604.635087775134,821.5363636363635,13,1591.4267843667833,0.2803682726873044,0.534,0.535,0.427,156.199,0.707,-6.925,0.156
Işıklar,Allame,0,44,-0.43850891139852033,0.5683671159725199,0.09628378206092321,380.6275829536033,23923.714285714286,4144.914257747877,-386.11818181818177,1,2713.419604023675,1.1822175706757858,0.726,0.906,0.573,132.067,0.672,-4.236,0.0767
J't'emmène au vent,Louise Attaque,0,82,-0.03414656538283668,-0.999999993426103,-0.4353256555776827,434.5294967157682,37452.47619047619,9797.096059640022,477.2324675324677,18,13865.916826791514,0.8468986719381917,0.569,0.779,0.567,136.982,0.233,-5.592,0.0352
Jaan 'Nisaar (Arijit),Arijit Singh,0,51,0.12255512998580179,0.1954049232532424,0.3207902286041046,363.59221426863326,34433.0,3602.4331195668824,476.162337662338,19,1824.6939325541696,0.843952341478881,0.481,0.392,0.257,91.796,0.478,-8.2,0.0246
"Jab Tak (From ""M.S.Dhoni - The Untold Story"")",Armaan Malik,0,14,-0.5355115324273018,0.09369374039812288,0.0020319805152992465,386.94269596350586,42620.57142857143,11061.861810793356,-1731.9662337662332,1,3288.5878793184165,1.805185316287956,0.299,0.447,0.321,121.723,0.858,-7.862,0.0383
Jag utan dig,Håkan Hellström,0,84,-0.32532761444655933,0.8493347112265978,0.031055502637506522,194.99551742892058,22542.9,6535.287299729064,-273.54545454545416,0,8710.84261916162,1.0,0.29,0.465,0.412,103.765,0.581,-10.729,0.0322
Jamais Vu,BTS,1,5,0.5090329036020762,-0.9401781075436383,0.069787401894488,489.3699416458966,31161.95238095238,40611.53176304225,898.3194805194811,13,43532.98746709213,0.7106019036278352,0.608,0.47,0.241,81.0,0.226,-6.73,0.0428
Jane Maryam,Evgeny Grinko,0,136,-0.9237509740353794,0.7475357565295753,-0.32818400537208375,348.8784121307913,36239.142857142855,2079.4586128242563,278.34285714285835,16,1330.5347975532245,0.8889048927495126,0.393,0.0984,0.139,96.939,0.984,-19.02,0.0445
Jeena Jeena,Atif Aslam,0,66,0.48964214267485373,-0.9993498453760297,-0.19824207358327697,280.67947740596367,6642.190476190476,294.5771172452727,31.653246753246705,20,243.64400259394853,0.9435938588896163,0.682,0.344,0.548,104.984,0.789,-8.567,0.0281
Jeet,Ritviz,0,96,-0.2426467372761293,0.5588177612854156,0.3529384972834256,375.091044758512,9106.285714285714,6988.136451245388,935.712987012987,19,2464.9004848066384,0.2528869465356641,0.787,0.734,0.644,98.989,0.364,-6.465,0.0703
Jefe,Ninho,1,7,-0.33436077313498214,-0.6461300598775842,-0.5371024284605118,322.7280755727599,748568.9166666666,455396.0159157189,-97417.22727272725,0,495770.1116604698,1.0,0.648,0.599,0.213,120.985,0.474,-8.611,0.0799
Jerusalema (feat. Nomcebo Zikode),Master KG,1,1,-0.3406045626011717,-0.7281001083283756,-0.5905800312107332,462.0319495345031,19471.190476190477,18935.391209305213,1017.6194805194808,20,29977.95562409151,0.5613153597471886,0.88,0.483,0.827,124.009,0.0185,-7.012,0.0505
Jesus In LA,Alec Benjamin,0,36,-0.9814165706344841,0.76688827970506,-0.5314132782602944,406.6937089935926,7108.9047619047615,4546.05390269053,-42.93766233766236,0,6863.194003341301,1.1264003423058973,0.787,0.558,0.706,94.049,0.664,-5.237,0.0414
Jind Mahi,Diljit Dosanjh,0,84,-0.26982463960648456,0.6531517213654118,0.28313479404644337,311.40186419028333,7047.0,1342.8802733570215,182.1467532467533,12,511.5195597433201,0.6883059869395818,0.73,0.705,0.655,139.924,0.286,-4.358,0.0328
Jingle Bell Rock,Glee Cast,0,60,0.012501930932234414,-0.9087226172686461,-0.48699942208600105,502.56648095189496,16532.04761904762,48954.948846072155,842.0246753246755,12,72270.2423172048,0.5301607572115384,0.623,0.738,0.874,152.066,0.179,-5.709,0.0281
Jingle Bells - Single Version,Yello,0,94,-0.22031670170353837,0.3687069809792155,0.11184768794523917,217.22278214318413,13420.0,7293.833809209231,569.7363636363635,8,8535.378644207884,1.0,0.666,0.64,0.422,129.998,0.058,-14.057,0.0427
Jocelyn Flores,XXXTENTACION,1,2,-0.10578533362089312,-0.397673499908926,-0.47141284996348937,579.0052270229531,120613.76190476191,328872.029621728,6852.950649350649,20,396173.4427068655,0.745633113908349,0.872,0.391,0.437,134.021,0.469,-9.144,0.242
Joga O Bum Bum Tam Tam,MC Fioti,0,66,0.05221132486888721,-0.9999999999162104,-0.441726760556833,477.8670238852446,20672.238095238095,27291.45604991172,-103.8545454545459,1,39182.03067606374,1.042443378107589,0.932,0.485,0.43,131.959,0.609,-8.926,0.0965
Johnny B. Goode,Chuck Berry,0,71,0.00022266545333077262,-0.9326931652338163,-0.4710397801283876,507.51549946581247,42823.75,107082.33720360935,-65.39323308270637,13,160432.1922542226,1.0,0.534,0.803,0.969,167.983,0.741,-9.129,0.0743
Jon Snow,Lacrim,1,1,-0.4415208599871355,-0.707402074349612,-0.6218234288315165,514.8293730607818,82311.04761904762,68969.57754758956,-877.6155844155837,1,118321.48449461746,1.0750503635836794,0.91,0.782,0.49,106.99,0.0762,-7.621,0.322
Journal perso II,Vald,1,2,-0.3574137060032887,-0.753711329251102,-0.5739436780727951,529.7169310826239,76382.38095238095,99824.76550935511,-1878.5857142857135,2,171086.07023550308,1.2704859047557566,0.641,0.764,0.221,89.722,0.644,-6.473,0.382
Jrefaiscequejevois,Columbine,0,35,-0.9999999997966466,0.9999820022578656,-0.24115566913062672,475.68545096106305,54131.28571428572,23261.042553597465,-2203.016883116883,1,26854.03604469913,1.9067712891630073,0.612,0.553,0.282,90.062,0.625,-7.809,0.0584
Juicy - 2005 Remaster,The Notorious B.I.G.,0,102,0.3228063556098466,-0.9999999999969507,-0.15393533408000845,505.469347113888,27292.904761904763,62319.65934324092,-4018.245454545455,3,69683.0495580525,19.291475183823533,0.889,0.818,0.782,96.063,0.47,-4.639,0.253
Jump - 2015 Remaster,Van Halen,0,41,0.033985259606583725,-0.9461697299903675,-0.50330768589396,575.0143168600143,146121.33333333334,305206.9968110376,-3127.150649350651,15,446374.57548911485,1.1060743672237565,0.572,0.835,0.795,129.981,0.171,-6.219,0.0317
Jump Around,House Of Pain,0,85,-0.2507752516889876,-0.8955952734858759,-0.526064862093523,238.05122908530953,20880.18181818182,20653.964602107848,-587.1363636363639,7,34390.84994020939,1.0,0.854,0.71,0.818,106.893,0.0113,-6.32,0.0795
Jungle,Tash Sultana,0,56,0.7210452437320842,-0.9997299582143485,0.0462536488564444,406.63964466450415,30381.0,9553.419751710953,1163.5441558441562,6,5401.54098267337,0.5737305670281542,0.589,0.699,0.496,145.997,0.285,-5.883,0.0291
Juramento eterno de sal,Álvaro De Luna,0,11,0.6084157569474969,-0.9451245316138601,-0.10076404318263721,414.48454894438635,55212.04761904762,10556.626754143761,1360.9064935064937,18,6645.448648511249,0.7095339930445339,0.631,0.594,0.716,129.991,0.0225,-5.727,0.0581
Just A Little Bit,ENHYPEN,0,19,0.014214538447667421,-0.9049691263396964,-0.5496424120106909,494.64712536223357,34988.09523809524,40868.78883859646,-566.7896103896103,2,60982.533869871295,1.137748847644853,0.441,0.59,0.411,84.633,0.242,-5.615,0.0514
Just A Notion,ABBA,1,6,-0.14112791736478048,-0.9466641606325897,-0.6732766973972447,500.89327013327386,39218.80952380953,49018.621194126245,680.5428571428571,15,76386.33554653279,0.5891397084962673,0.584,0.795,0.83,131.997,0.259,-5.705,0.0287
Just Friends,Audrey Mika,0,69,-0.430167282980327,-0.9998593712031104,-0.2413522541273655,383.7218118036366,43138.666666666664,2804.7833688240066,107.35974025973965,1,3830.3844908181213,0.9710661910424098,0.868,0.656,0.793,114.991,0.0879,-6.579,0.0351
Just You and I,Tom Walker,1,5,-0.7829135308478751,-0.3546121755564134,-0.906239108614176,474.4684270934811,36995.47619047619,31358.518544361308,1288.8779220779234,20,56509.82940894,0.5972655444421531,0.567,0.696,0.544,92.061,0.456,-5.416,0.301
Just You and I - Acoustic,Tom Walker,0,111,-0.15781776527416028,-0.8551158948090419,-0.5343389238821415,428.2576547199755,10920.2,14078.704956777807,-746.5503759398498,16,21613.55010313997,1.0,0.477,0.52,0.383,171.895,0.679,-7.582,0.395
Just the Way You Are,Bruno Mars,0,26,-0.25068574822252404,-0.9979647920344259,-0.512557554946603,352.4646661281496,2549.904761904762,1241.4813311893215,18.65584415584418,18,1953.149292808924,0.775410605349601,0.635,0.841,0.424,109.021,0.0134,-5.379,0.0422
Já Que Me Ensinou a Beber,Os Barões Da Pisadinha,0,111,-0.11276175728879155,-0.9253423941540018,-0.5929495509187848,436.5569042506057,85636.76190476191,14997.082227028799,1923.522077922077,19,14525.208586798331,0.734163116339261,0.792,0.867,0.975,171.956,0.415,-6.158,0.0783
KESI,Camilo,0,21,0.16792128182767554,-0.9896507243017394,-0.41991566308037975,458.4258686068249,13903.952380952382,16360.379112722852,-364.4376623376628,2,23289.67770944888,1.4312981895025416,0.889,0.756,0.918,122.905,0.132,-4.23,0.056
KOODA,6ix9ine,0,66,-0.732763412537012,-0.9074221710511693,-0.87879178801351,526.0191433966588,153549.2857142857,128939.7184701303,-60.56883116882982,9,242994.1740514369,0.9446398701910074,0.885,0.641,0.201,91.167,0.175,-4.455,0.351
Kaam 25 - Sacred Games,DIVINE,0,55,0.7267382245824376,-0.9993211885736091,-0.03365144353190834,334.02555632822884,5954.238095238095,1055.4693789861096,62.76753246753261,20,873.405797725204,0.9139367752744587,0.484,0.948,0.686,125.645,0.0473,-4.296,0.451
Kaikai Kitan,Eve,1,7,-0.32508365201498796,-0.6861844621076142,-0.6334029936791513,519.4541080831043,53582.71428571428,74225.5901079321,-520.1220779220793,3,123778.35974970544,0.9815898265600137,0.584,0.911,0.606,92.502,0.0119,-3.515,0.09
"Kaise Hua (From ""Kabir Singh"")",Vishal Mishra,1,4,0.48642302442986446,-0.42479820140020774,0.23292402187252023,413.6899610326712,49776.76190476191,26854.85409860937,4185.753246753247,20,6160.27433216249,0.24122678053208219,0.385,0.464,0.15,137.839,0.452,-6.975,0.0404
Kalla Sohna Nai,Akhil,0,51,0.5652536642082276,-0.994047474584592,0.05495960334660119,359.89797621108147,24937.571428571428,3761.7860571989013,552.1701298701303,20,1743.8493226193598,0.7214482305698573,0.802,0.499,0.763,92.055,0.454,-5.881,0.0345
Kan man älska nån på avstånd,Albin Lee Meldau,0,33,-0.08814737861304388,0.9967472694176773,0.5136680531947295,241.93957243374916,33565.61538461538,9177.291812180605,-2009.0769230769215,0,4823.675465866251,1.0,0.564,0.114,0.473,133.52,0.914,-12.714,0.0379
Karşıyım,Sezen Aksu,0,52,0.2643955219175246,-0.9968341199938406,-0.2908625605550771,380.9391780045311,48932.619047619046,3023.2523401162102,-271.19610389610415,1,3250.1021872396564,1.1110701503770948,0.702,0.874,0.825,150.021,0.309,-5.881,0.0909
Kashmir-Kashmir,Cesare Cremonini,0,75,-0.109419779818417,-0.9999999278789288,-0.1801087254305471,191.5156037088721,28676.8,5434.06422118841,-102.58181818181873,0,7991.3243760937785,1.0,0.7,0.884,0.948,122.98,0.017,-4.672,0.0404
Kasoor,Prateek Kuhad,1,6,0.5409286382303369,-0.9999999485803323,-0.035736470785891365,436.47337618041934,72617.47619047618,12543.147446653122,-1186.211688311688,1,11341.57068608665,1.2974520500973725,0.558,0.497,0.444,107.047,0.0285,-7.175,0.0256
"Kaun Tujhe (From ""M.S.Dhoni - The Untold Story"")",Palak Muchhal,0,37,0.7082891244859972,-0.9999910712687048,-0.012302808555076004,375.7589101722912,34724.380952380954,7261.776992786995,-1119.996103896104,1,2474.9055113276545,1.6083393437653528,0.531,0.431,0.19,107.99,0.868,-8.937,0.037
Kedi,Melek Mosso,0,75,-0.586934552617732,0.11667257042815705,-0.5077984784400774,338.26149266939484,9727.285714285714,1111.077904038928,-91.72337662337671,5,1083.5128102611432,1.1625915353109098,0.824,0.703,0.645,124.031,0.192,-5.242,0.173
Keep Ya Head Up,2Pac,0,76,-0.1140985651640821,-0.9999496919918558,-0.46865743210194977,320.93060577993845,97683.33333333333,211098.44710716265,-11391.006993006995,2,330067.0995072927,1.0,0.598,0.732,0.595,172.329,0.144,-7.013,0.425
Kendimce,Sezen Aksu,0,51,0.6861305538637358,-0.999480364893878,-0.1594638915179805,404.8246770835464,43266.80952380953,5966.113384448856,262.6636363636367,7,5170.539129529918,0.8572218231888759,0.776,0.513,0.903,127.989,0.405,-6.596,0.0358
Kerala,Bonobo,0,64,-0.03468209480044861,-0.8086610089521964,-0.4878220607942725,247.066252694327,7139.916666666667,10153.481541309966,618.3951048951049,8,15841.756392625972,1.0,0.529,0.739,0.138,124.75,0.0237,-9.578,0.0718
Khaab,Akhil,0,92,0.3655972097451803,-0.994743161388106,-0.2955632046931996,309.9137957633761,5501.428571428572,730.1366846223333,95.62207792207793,14,531.9464517223515,0.7740973200009547,0.662,0.661,0.222,80.009,0.417,-5.689,0.0514
Khatam Hue Waande,Emiway Bantai,0,41,0.5333946453009626,-0.9999720306806,0.1522303729891464,359.57322447756576,49137.90476190476,5475.144554775848,863.9181818181812,20,1714.8166512779144,0.7923798586201833,0.756,0.903,0.729,99.995,0.232,-2.088,0.14
Kick It,BLACKPINK,1,3,-0.036424814813844686,-0.8842309276558041,-0.49118365383964263,555.1996629913604,68089.47619047618,183871.8244918555,5780.607792207791,15,275234.9099390328,0.09117758618922162,0.765,0.787,0.381,124.949,0.0156,-3.647,0.0445
Kick It,NCT 127,1,1,-0.12280897431231423,-0.965661759174106,-0.42122123360042574,474.44018926689125,30675.904761904763,25370.417538664355,368.01948051948114,8,38861.42244167087,0.7771569893765081,0.681,0.847,0.507,167.031,0.0306,-2.462,0.0869
Kickstart My Heart,Mötley Crüe,0,82,0.09854332920993988,-0.8322628896245552,-0.34388457467753264,444.3268439395075,17137.619047619046,11498.925020052095,485.27142857142866,14,16127.104041333647,0.666403725461704,0.363,0.982,0.275,179.23,0.00123,-3.621,0.3
Kids,MGMT,0,90,-0.5207292967299121,-0.7828806757112171,-0.7557121358958022,467.63919425053405,31147.428571428572,23329.342881712655,466.0584415584414,14,41041.81596917344,0.7724177378587496,0.451,0.931,0.172,122.961,0.00076,-3.871,0.0719
Kids,OneRepublic,0,118,0.2945853143906826,-0.9999866868746843,-0.1476451739313908,353.2276119406161,9467.57142857143,1287.9248932341686,45.853246753246744,3,1518.1342455461572,0.9485618245883028,0.596,0.732,0.228,99.98,0.0153,-6.189,0.0401
Kids - Seeb Remix,OneRepublic,0,119,0.16801201679945668,-0.9968756638206664,-0.29264066668301464,337.33948365942604,10398.52380952381,852.7833766721445,31.766233766234002,20,1061.8500494420105,1.004309332744023,0.634,0.853,0.443,102.074,0.13,-2.798,0.0537
Kilby Girl,The Backseat Lovers,0,173,-0.40599647212909895,0.9713304186694544,0.043487823354627406,188.06584587605013,208540.3,6013.836862602776,-1053.7999999999915,0,5897.988809755407,1.0,0.329,0.444,0.225,162.279,0.0578,-9.973,0.0417
Kill This Love,BLACKPINK,1,1,-0.15749751490376546,-0.6492870219572873,-0.560668620733708,519.233866793813,41437.47619047619,65545.39259505513,-1417.9558441558434,2,97400.41836172984,2.0428857080266796,0.738,0.861,0.58,131.98,0.318,-4.141,0.237
Kills You Slowly,The Chainsmokers,0,19,0.07488011841475839,-0.9045185023643659,-0.44570616532395935,533.0570013619811,40280.57142857143,105475.14932215367,1801.6675324675327,14,151943.0425786584,0.2586616267316399,0.696,0.439,0.229,149.923,0.0636,-8.77,0.055
Kina Chir,The PropheC,0,12,-0.6109130107871246,0.9731788635240969,0.4687926705637278,411.2057523652161,103607.33333333333,34681.52598160436,5533.211688311689,20,6198.829851471969,0.46820118881249917,0.622,0.431,0.365,117.919,0.0955,-8.26,0.0293
Kings & Queens,Ava Max,1,4,-0.8442059706435225,0.24348806222450453,-0.8061656598860424,473.01143698784176,21348.14285714286,25138.967219922815,285.44155844155836,20,37900.03321581658,1.0415106117353308,0.637,0.69,0.457,129.857,0.00786,-4.057,0.0405
Kingslayer (feat. BABYMETAL),Bring Me The Horizon,0,32,0.35411485049677743,-0.8982484842260661,-0.23080372102491112,487.27226909365686,20997.95238095238,33680.22777673825,135.14155844155812,9,42715.22889193033,0.8759465456680299,0.434,0.929,0.428,92.541,0.000207,-2.749,0.147
Kiss Me More (feat. SZA),Doja Cat,1,1,-0.4502339336256236,-0.41526719270360535,-0.42302056284162565,485.61708601184847,31609.52380952381,32536.604537364703,-2247.416883116883,0,42889.52524320478,1.816530137379275,0.762,0.701,0.742,110.968,0.235,-3.541,0.0286
Knockin' On Heaven's Door,Guns N' Roses,0,22,-0.06283845549284946,-0.9991438907128705,-0.4487979505692378,329.5517702447097,5211.764705882353,5083.740812681055,-211.2254901960781,9,7646.783533116636,1.0,0.496,0.739,0.378,132.41,0.0211,-7.193,0.0415
Knockout,Tungevaag,0,18,0.3193862486911864,-0.9976222519809541,-0.15240220121823492,388.0828021782028,20368.47619047619,3912.3608950661273,403.58571428571435,20,3709.3625328349885,0.7707375048181935,0.643,0.609,0.462,94.996,0.299,-4.304,0.0397
Ko Ko Bop,EXO,1,10,-0.21422628076092634,-0.942514733412253,-0.5785455373279448,454.37100129334516,19356.428571428572,15298.494583801774,-210.0337662337661,1,24505.29030760501,0.8844089309252994,0.749,0.85,0.672,145.983,0.0319,-4.346,0.0468
Konu Kilit,Norm Ender,1,5,-0.9999999993965195,0.9999797853473089,-0.24431592742103334,470.6717792610911,46477.619047619046,24074.58085374378,-2785.4129870129877,1,24830.63193517233,2.3852210453886418,0.876,0.721,0.568,77.003,0.0216,-4.525,0.116
Kotak Hati,Hujan,0,159,-0.6854671848461135,0.3498621005929228,-0.4174171206198123,300.04052115769963,6276.333333333333,450.64729459632184,40.10519480519495,16,396.79509510577367,0.9045090009384865,0.458,0.386,0.28,149.9,0.412,-8.346,0.025
Kovdum,Ceylan Ertem,0,89,0.18596212693351996,-0.32350433677946255,-0.0525027300064451,331.48441411488557,10131.42857142857,1740.5485060867497,243.32467532467524,12,794.0111759289033,0.6959532066624334,0.483,0.49,0.247,77.141,0.819,-7.935,0.04
Krvn,UZI,1,1,0.2142170974264925,-0.63755337963595,-0.23760321467912654,440.5748060808861,121835.09523809524,16932.505031967252,1959.9961038961055,19,12951.799112092498,0.8077051421874237,0.966,0.582,0.186,115.05,0.138,-6.225,0.0837
Kunteper,Şehinşah,0,35,0.5581372019056894,-0.3208423340257516,0.22547923904545117,423.80111822162417,49317.380952380954,14863.483820539741,1170.967532467532,11,8189.7950601648145,0.6738926602407831,0.875,0.688,0.696,150.043,0.61,-6.289,0.283
Kural Ne Bilmiyorum,Istanbul Trip,1,4,-0.9996311254044845,0.9997171648799739,0.08289818441489702,404.6294241661311,57633.71428571428,13328.050720702013,-1775.9363636363632,0,4898.02426596684,1.4904095642562103,0.747,0.643,0.429,119.918,0.0524,-6.046,0.29
Kuta ubud,PNL,0,11,0.0732164886936386,-0.999958772050776,-0.3020347313139983,568.9000460265551,180143.33333333334,260586.13421456036,-11697.389610389604,3,360627.78926581284,2.768970637856993,0.757,0.618,0.316,101.031,0.378,-8.037,0.172
Kuytu Köşelerde,Şanışer,0,30,0.5500583899335145,-0.9999975429231234,0.05797062794858492,378.86585840232186,44708.75,13076.618277960859,-2131.530075187971,1,4586.093623745788,1.0,0.697,0.376,0.14,126.034,0.565,-10.987,0.0821
Kya Baat Ay,Harrdy Sandhu,0,37,-0.9042710381982944,0.999813945447885,0.05382745886645009,335.1568868032975,10077.0,1787.4878620966513,233.13766233766233,12,874.1526697322385,0.708154120713341,0.849,0.592,0.652,89.966,0.632,-4.309,0.102
Kölsche Jung - Party Edit,Brings,0,26,-0.3318323750611513,-0.8970039186319685,-0.644302348774295,476.90758354189103,86827.85714285714,37909.71284171771,4397.293506493506,13,46281.87331934069,0.4639092394962023,0.586,0.992,0.375,138.059,0.0128,-3.507,0.134
Küçük Bir Yol,Hadise,1,4,0.33266977459832875,0.9999999998773688,0.060419300717224025,459.56717547495685,161001.14285714287,20379.475030122863,-333.9155844155782,2,22392.491282793882,1.0575637521649661,0.561,0.658,0.417,112.014,0.0123,-6.023,0.028
K歌之王,Eason Chan,0,91,0.22236372847422023,-0.9953586729294444,-0.42719340660534705,327.14879901492077,3455.9523809523807,704.4971510429722,-43.41168831168832,6,853.175742447006,1.1670014609203798,0.346,0.349,0.271,78.634,0.754,-9.428,0.0355
L'aventurier,Indochine,0,38,0.053715639710657924,-0.7733983961508138,-0.45812295026011757,479.87489576466646,53465.380952380954,28960.372928202938,94.21818181818163,11,39180.689403422955,0.9938000114939809,0.556,0.909,0.633,167.101,0.254,-9.982,0.0444
L'ultima notte,ARIETE,0,11,0.7032871507380752,-0.9999994610838108,0.04576717092844675,416.7926014368867,51709.57142857143,9712.501465692989,-1176.2493506493506,0,6856.35003919724,1.3132208253198687,0.618,0.687,0.398,94.037,0.268,-5.603,0.0446
LA DI DA,EVERGLOW,0,26,-0.12539041879690085,-0.8427867690994661,-0.5468474772903298,436.3361477390528,11971.285714285714,9633.98035795252,111.54935064935077,9,14798.241264673989,0.9062639466751127,0.477,0.85,0.601,163.845,0.00108,-1.486,0.0911
LA Strip Joint,Mwuana,0,40,0.22482553393349042,0.9999999418544175,0.27607646116512125,311.4078360134875,28106.75,11938.702371384421,-2010.7499999999984,0,7468.597221849777,1.0,0.756,0.694,0.702,151.932,0.266,-4.861,0.147
LALISA,LISA,1,1,0.09590807694305685,-0.9323201071171574,-0.3723091665646077,529.3373239685409,55096.80952380953,95933.08856976901,1799.224675324676,7,136379.38509300994,0.22434642900324406,0.804,0.652,0.854,150.076,0.0267,-6.282,0.0898
LIKEY,TWICE,1,5,-0.8673130092504864,0.9998073500833805,-0.03988048870966905,356.0428608536855,13510.095238095239,1684.0867782403586,22.85064935064956,5,1468.9294877563045,1.0106445185602286,0.723,0.903,0.443,132.006,0.413,-1.262,0.033
LILAC,IU,1,1,-0.17372438870701173,-0.8912045838210153,-0.5665228191610748,468.22259077897434,35452.09523809524,21695.175776907865,825.6285714285718,12,33613.983994909024,0.7237656818720758,0.738,0.89,0.75,114.942,0.0895,-2.275,0.0748
LO$ER=LO♡ER,TOMORROW X TOGETHER,0,13,-0.033082740679529044,-0.874143564450559,-0.5371605735557113,554.0715121202958,55947.666666666664,179317.63202082377,6476.444155844154,15,266202.28767722397,0.039312018756660155,0.644,0.867,0.687,124.997,0.001,-4.18,0.0383
LOCO,ITZY,1,6,-0.04014162223118327,-0.8945410049122147,-0.5394657264306116,558.0826227124211,64362.95238095238,197169.0552861333,4760.001298701297,14,296742.2109698754,0.09638584543387778,0.759,0.886,0.489,102.065,0.0103,-3.067,0.187
LOSER,Kenshi Yonezu,0,22,-0.9999999973604704,0.999999997694969,0.046723333784305585,466.4322382003114,74463.71428571429,27959.099217629035,-130.94805194805028,5,22923.080823211785,1.163000517374452,0.679,0.931,0.962,121.001,0.00466,-3.74,0.0474
LOVE SCENARIO,iKON,1,3,-0.023017314346816167,-0.9705600288468176,-0.40815743492865797,422.4191635866482,8787.904761904761,6864.380178065966,-26.63246753246764,15,10273.113639374384,1.042682142627484,0.806,0.707,0.746,118.009,0.331,-4.623,0.0307
La Belgique Afrique,Roméo Elvis,0,22,-0.489497983102909,-0.9999999923773958,-0.5673700821088693,465.28985804261663,24227.380952380954,27517.879482042372,-2501.7662337662327,1,40437.659517181506,6.886487374448512,0.619,0.78,0.79,83.531,0.243,-8.108,0.377
La Chica De Humo - MTV Unplugged,Emmanuel,0,111,0.3412004595595508,-0.9250361099115587,-0.11246323366111156,408.96366897728814,55086.23809523809,11096.688368735713,1628.628571428571,20,6097.6184523139855,0.6190650260561158,0.769,0.728,0.272,102.059,0.0895,-5.962,0.0498
La Cintura,Alvaro Soler,1,3,-0.12360998901726214,-0.9999999988924015,-0.5969778043332823,458.3319422642931,21338.0,16661.302804488525,71.43506493506517,3,25370.755339366624,1.1227657089465077,0.707,0.843,0.766,100.021,0.0268,-4.036,0.0779
La Câlin,Serhat Durmus,0,12,0.28536277115377257,0.03246177360555404,0.3655070104405704,366.63905189712494,15537.380952380952,4561.561235201642,587.5337662337661,14,1997.6800363171274,0.5808034368405186,0.598,0.439,0.0673,147.84,0.0879,-10.987,0.0429
La Difícil,Bad Bunny,1,1,-0.18813692978242952,-0.9545647461266831,-0.517870445171898,582.6132586972959,226289.42857142858,389267.5373610058,-15086.218181818183,9,616515.8243294246,2.033544230566412,0.685,0.848,0.761,179.87,0.0861,-4.561,0.0858
La Increíble Historia del Hombre Que Podía Volar Pero No Sabía Cómo,IZAL,0,80,-0.6009551406944381,0.9999999749056071,0.09383193623664483,188.95457810923568,28802.5,7209.219919658437,-2011.4969696969702,0,5970.978344883,1.0,0.548,0.838,0.438,156.914,0.0761,-5.683,0.161
La Llamada,Leiva,0,13,0.21622500220851762,-0.9999989002430468,-0.3652326277618242,410.2914818299094,29875.809523809523,5237.46846899519,92.51428571428566,1,6750.994214928643,0.9657669608533217,0.623,0.488,0.169,114.019,0.5,-8.246,0.029
La Nuova Stella Di Broadway,Cesare Cremonini,0,155,0.14238373185300615,-0.9912423964945015,-0.3213442685957381,376.91945635893984,36150.619047619046,2523.095556693923,191.91428571428534,17,3073.8152429025395,0.9147518434166912,0.473,0.565,0.294,139.887,0.66,-7.988,0.0341
La Quiero A Morir,DLG,0,61,-0.6874573820925383,-0.13048923013555733,-0.34481026496014233,360.5321226643659,11003.52380952381,1815.5445101899113,125.38571428571444,7,1937.6721929934383,0.8832788381111704,0.719,0.902,0.929,99.644,0.307,-2.525,0.0492
La Vida Es Un Carnaval,Celia Cruz,0,79,0.2374145333206735,-0.8053696792354494,-0.3729250370362111,247.9227146549786,7782.25,10535.426000918678,698.6818181818181,7,14331.173073160919,1.0,0.813,0.701,0.855,104.019,0.489,-6.508,0.0701
La Zona,Bad Bunny,0,11,-0.08897795278511257,-0.9003900940208835,-0.5382392001485842,598.5594356078632,235277.85714285713,550433.7291265157,-11516.236363636355,10,844515.0509731768,6.72245409266386,0.762,0.801,0.81,93.992,0.2,-3.661,0.0409
La flaca,Jarabe De Palo,0,17,-0.11415266062156963,-0.9295164016212059,-0.5580332209487097,425.7107346139196,32362.85714285714,7425.665820945198,262.2129870129874,7,11350.755635088793,0.7988375313663968,0.871,0.481,0.664,103.063,0.52,-9.068,0.0383
La gloire ou l'asile,Columbine,0,47,-0.999999998041496,0.9999978811191919,-0.20156892635397552,481.8958707217513,50998.52380952381,21480.187472842987,-2063.8831168831152,1,23627.661861470762,1.9178110812005305,0.674,0.584,0.689,150.066,0.55,-7.193,0.136
La promesa,Melendi,0,116,0.9999991774189343,-0.9999990492217552,0.005470544727238504,385.0248046742425,2143.7619047619046,2923.8493529162465,-178.52727272727284,0,3000.8938214305417,2.349217154526889,0.584,0.73,0.414,153.929,0.0674,-5.095,0.0355
La vie qu'on mène,Ninho,1,2,-0.2673357357311035,-0.9999999999999114,-0.42310537900672934,573.7796078690054,287077.90476190473,320607.94882637827,-12740.293506493503,2,501980.7459967837,1.8356934508582754,0.8,0.756,0.456,113.204,0.687,-4.4,0.0367
Laal Bindi,Akull,0,62,0.7967326575811324,-0.9995703638681744,-0.0009602467697429074,397.4952918022256,6825.619047619048,5687.447159157492,516.2298701298702,20,4187.681475470645,0.4251099538598527,0.746,0.599,0.283,141.95,0.407,-6.428,0.0463
Laare,Maninder Buttar,0,54,0.7936772054740723,-0.9976421288456598,0.2198390719343876,363.33947638255756,30392.04761904762,4080.566119409816,564.0,18,1794.3269065306913,0.7939847333412319,0.384,0.658,0.67,82.43,0.201,-5.125,0.05
Lamento Boliviano,Los Enanitos Verdes,0,61,-0.2105992654834416,-0.9577412413500431,-0.5677154355330521,458.69611661993343,12678.952380952382,17241.03849064283,-89.28961038961016,6,27858.037851713463,1.0354976093856725,0.714,0.734,0.68,123.57,0.176,-7.125,0.0306
Las Avispas,Juan Luis Guerra 4.40,0,61,-0.036370470151770355,-0.8017523944434295,-0.49179955839723516,219.22141446171935,15893.1,23396.358197163936,-1875.4969696969688,5,37059.577717740984,1.0,0.799,0.812,0.962,130.085,0.516,-9.434,0.0516
Last Christmas,Carly Rae Jepsen,0,62,-0.26255155917362877,-0.980316903342022,-0.38941897653372726,454.2808116801867,19392.571428571428,16292.898533589727,-678.3194805194805,6,24701.30370020983,1.6653051962786476,0.723,0.645,0.516,106.004,0.393,-4.94,0.0326
Last Christmas,Wham!,1,1,-0.28172021207255304,-0.9991777464031825,-0.8117445426062161,406.3916882132273,7375.666666666667,5324.123413951269,373.1610389610391,8,7995.145578880975,0.46729103188755816,0.735,0.478,0.947,107.682,0.189,-12.472,0.0293
Last Dance,Wu Bai,0,17,-0.8687427430496848,0.9993937502956852,0.14293842342630694,338.7928744488647,7476.0952380952385,1196.987882532528,73.887012987013,7,956.8963109971738,0.8079276646269066,0.463,0.62,0.492,151.311,0.0158,-7.27,0.0289
Last Hurrah,Bebe Rexha,1,7,-0.12929642203975347,-0.9999999999944227,-0.5008691374032577,549.5965351239793,24039.428571428572,60464.99776893471,-3115.6077922077916,2,90587.5338010148,5.8104816955684,0.552,0.618,0.402,84.26,0.175,-4.585,0.0309
Last Hurrah - David Guetta Remix,Bebe Rexha,0,69,-0.816033833026194,0.2738240174561751,-0.6835152589958582,415.85828173929167,20828.904761904763,6547.957361649304,-594.1506493506495,2,8274.234779573275,1.4800651524748891,0.682,0.711,0.597,91.033,0.105,-6.956,0.0534
Last Nite,The Strokes,0,102,-0.426498185569023,-0.6373666743742961,-0.7402053612512428,456.8529255867916,17320.333333333332,18173.298391120377,1283.0181818181818,15,27610.719963946973,0.3563148103043525,0.624,0.91,0.767,104.042,0.0285,-5.703,0.0297
"Last One Standing (feat. Polo G, Mozzy & Eminem) - From Venom: Let There Be Carnage",Skylar Grey,0,13,0.12778772262409294,-0.8782011822803562,-0.3766310183260731,538.4574159836536,49696.19047619047,123644.67950720689,5224.115584415584,17,170497.31523663356,0.2302332298837082,0.664,0.692,0.233,154.924,0.237,-4.128,0.127
Last Resort,Papa Roach,0,61,-0.10117012725649682,-0.9991747673035597,-0.5632801852688463,439.86128557896524,10179.761904761905,11150.789580861257,494.9025974025975,10,16311.140034957702,0.5324182699827936,0.589,0.89,0.692,90.598,0.000481,-3.719,0.0603
Last Train Home,John Mayer,0,18,-0.06054695588936191,-0.9321585536646018,-0.5113045533511466,581.7597532188626,135710.95238095237,362545.44876699854,3866.2064935064964,16,554827.3049003626,0.5116069588800776,0.591,0.831,0.678,93.007,0.235,-6.612,0.0355
Latest Trends,A1 x J1,1,3,-0.1372674651486373,-0.9393163785981486,-0.6918809307395489,503.9769018802019,40440.57142857143,53453.228388022,1585.6701298701296,7,82720.83700682675,0.5129936000750319,0.716,0.513,0.8,141.894,0.085,-10.159,0.223
Latest Trends (feat. Aitch) - Remix,A1 x J1,0,21,-0.5342925737860222,-0.9458003203205049,-0.7183584432825293,508.77802403354656,74572.09523809524,69312.20192234743,-997.6688311688279,1,123052.23663038392,1.0931445849005645,0.654,0.491,0.807,142.037,0.0809,-11.715,0.252
"Latinoamérica (feat. Totó la Momposina, Susana Baca & Maria Rita)",Calle 13,0,39,0.6565445071587955,-0.976041565994003,-0.10910945397006952,362.71492712077844,6229.9047619047615,4865.660576743158,738.4753246753245,18,1825.2007670390672,0.14645543789318619,0.691,0.805,0.866,142.503,0.59,-6.81,0.0947
Lay All Your Love On Me,ABBA,0,45,-0.09444051933178658,-0.9462720416074761,-0.4705480010134201,454.71592835867864,22220.380952380954,15260.149882170354,288.26753246753276,5,23630.906784124894,0.9312155669039773,0.678,0.727,0.71,133.481,0.117,-7.844,0.0258
Le monde est méchant,Niska,0,20,-0.42997138634472126,-0.9996211864208899,-0.5915119000807664,491.5549931603637,49390.76190476191,43055.03908775455,620.5831168831174,4,74756.77744632923,0.6717815689665426,0.938,0.571,0.783,135.023,0.08,-8.507,0.314
Lean On Me,Sandro Cavazza,0,40,-0.1920563491009638,0.9999999986733981,0.11689160150856165,407.27834829849894,20037.571428571428,6069.824682267964,-97.67272727272756,0,6078.359420723655,0.9977778376340032,0.799,0.419,0.716,156.055,0.412,-7.99,0.174
Lean on Me,Bill Withers,0,41,-0.02723243880065063,-0.9233735296786063,-0.4532419376471292,561.3653845459331,126189.71428571429,212842.79590639588,-854.7233766233768,15,320733.72963214753,0.9962060582441392,0.619,0.22,0.426,75.143,0.782,-13.843,0.0672
Learn to Fly,Foo Fighters,0,30,0.04405113093425701,-0.9804070246645221,-0.4725364952779119,440.3841181037295,6063.380952380952,10859.533798974328,121.18831168831177,8,15736.46669872243,0.3345645761190201,0.465,0.919,0.537,135.997,1.83e-05,-4.025,0.0408
Leave Before You Love Me (with Jonas Brothers),Marshmello,0,12,-0.11932941926995264,-0.9999999999482638,-0.5121818483302146,521.0794738565776,35884.28571428572,82486.66430869607,-2830.6376623376595,2,125311.5047061821,5.121261713079055,0.721,0.738,0.637,119.976,0.00226,-4.77,0.0403
Leave Out All The Rest,Linkin Park,0,14,0.1498044751506449,-0.8615946241591104,-0.4293173462915347,515.3189960591103,31678.0,67721.95926412221,2507.9558441558443,16,92729.52132857959,0.21408054914999733,0.514,0.637,0.18,80.401,0.213,-6.418,0.0363
Leave a Light On,Tom Walker,1,2,-0.34505151622498403,-0.9999999886665843,-0.636268926263884,432.153353338524,17926.04761904762,10464.511125368948,764.5623376623378,2,15892.809603402413,0.5157323452743585,0.586,0.624,0.267,68.976,0.0153,-5.946,0.113
Leave the City,Twenty One Pilots,0,57,-0.046953209447951665,-0.9419100787258133,-0.5057899175425233,555.7031581857607,75573.66666666667,187670.3092704086,176.11038961039287,12,286016.88955025014,1.597755034888888,0.506,0.378,0.297,134.99,0.726,-11.641,0.0332
Leev Marie,Paveier,0,73,-0.10266379192127359,-0.9999999714651874,-0.2990607458606217,321.84871184603867,62241.26666666667,19951.91356392219,2838.2750000000005,9,24695.45073831145,1.0,0.56,0.937,0.859,147.985,0.00162,-3.294,0.0876
Left & Right,SEVENTEEN,0,28,-0.19477680457627547,-0.4674426494009044,-0.48681593985695515,448.3855124564852,16132.761904761905,13215.105743067421,-345.02857142857147,14,17543.82869102409,1.2453300248138957,0.726,0.829,0.95,149.994,0.146,-3.876,0.111
Legal,Khontkar,1,8,0.42604689333705414,-0.9999999350626931,0.015038292974703075,395.097834796248,45496.90476190476,6320.759334317221,-828.9311688311681,4,4378.879791396425,1.273903748892017,0.811,0.824,0.62,73.969,0.328,-5.628,0.152
Legendary,Welshly Arms,0,31,-0.04754823930865496,-0.9353439012888959,-0.5190577500875667,454.3590187835727,25296.04761904762,16884.720848761153,1252.218181818182,15,22787.08727300398,0.4480476928052289,0.537,0.656,0.45,141.873,0.0458,-5.863,0.0411
Lemon,Kenshi Yonezu,1,4,0.40447922582077944,-0.9740470122786243,-0.2690883620730377,359.84774180154494,6636.428571428572,2258.7482958367846,265.09610389610395,12,1756.716898080052,0.5735433070866142,0.525,0.646,0.373,86.957,0.304,-4.963,0.0268
Lemon Tree,Fools Garden,0,81,-0.6783877402649036,-0.5388484514462957,-0.8387764366138892,454.2393719078673,20910.428571428572,18736.231975129107,299.80779220779266,12,33275.62244511739,0.6560191406378028,0.663,0.477,0.643,143.173,0.644,-8.839,0.0414
Lento,Seven Kayne,0,59,-0.7291620205967063,-0.9749813610600231,-0.8952954275443018,439.50306399132756,17295.47619047619,15693.756015322806,-183.05584415584372,5,29869.518319015457,0.9245020707418085,0.763,0.554,0.193,125.039,0.0429,-4.796,0.0406
Let 'em Play,Karan Aujla,0,51,0.7363226270527793,-0.9999969858229033,-0.25878054954050095,376.8420625310751,34491.57142857143,3011.0257320693345,-171.98441558441556,4,2530.8901477543427,1.0982152686344362,0.776,0.651,0.747,92.015,0.0136,-7.41,0.151
Let Go,BTS,1,7,-0.19429952879397108,-0.6966270227576401,-0.5291548861109528,439.8745841393107,11088.714285714286,9969.219586129226,242.65454545454548,8,15617.949034604384,0.5516165104019465,0.558,0.863,0.388,173.908,0.17,-3.53,0.178
Let Her Go,Passenger,0,52,-0.349221378048047,-0.9868619421552097,-0.6225044419573526,413.3218440491595,6785.285714285715,5891.220547341185,137.60649350649345,13,9699.001415094237,0.926249742851265,0.445,0.541,0.217,76.289,0.359,-7.36,0.0736
Let It Snow! Let It Snow! Let It Snow!,Dean Martin,1,3,-0.0016358449391041469,-0.9327372298939842,-0.36792480357617635,429.4799725376371,15920.047619047618,9629.775858916475,883.6181818181819,20,11335.742483291511,0.4812995159448141,0.451,0.24,0.701,134.009,0.912,-14.014,0.0351
Let It Snow! Let It Snow! Let It Snow!,Ella Fitzgerald,0,23,-0.31427514304158455,-0.6784437336099229,-0.6699175683056,247.4802030001653,47796.0,31175.040800439874,1277.1909090909094,5,54707.69055672155,1.0,0.574,0.414,0.867,77.968,0.842,-7.16,0.0495
Let Me,ZAYN,1,1,-0.9999999661570582,0.99998027252345,-0.07005170618590052,533.9569712963265,41705.76190476191,115313.72624730566,-6341.684415584418,0,123755.5904235744,4.911501197609753,0.46,0.566,0.189,168.408,0.239,-5.637,0.0502
Let Me Down Slowly,Alec Benjamin,1,2,0.18795987336944103,-0.9920190814444645,-0.04915473485059754,358.63475257551954,4134.333333333333,1430.82810965017,19.194805194805188,8,1899.5037272929999,0.8418633931381807,0.652,0.557,0.483,150.073,0.74,-5.714,0.0318
Let Me Down Slowly (feat. Alessia Cara),Alec Benjamin,0,31,-0.2458447162777464,-0.6657258228698263,-0.6333500533622736,400.9154405067551,7932.0952380952385,4155.211608900229,-144.25584415584413,2,5954.705829006166,1.1977041031970108,0.655,0.569,0.44,150.267,0.716,-5.018,0.0349
"Let Me Go (with Alesso, Florida Georgia Line & watt)",Hailee Steinfeld,1,5,0.9989117761094057,-0.9999999973517201,-0.4371770302022846,542.6988287441654,40511.333333333336,102197.93495366552,-6300.928571428571,1,142625.13053921284,8.900447984071677,0.664,0.708,0.742,103.07,0.0337,-4.154,0.0474
Let Me In (20 CUBE),ENHYPEN,0,98,-0.7139859098868522,-0.9176171840362478,-0.8041723178445775,313.5425201803028,25418.733333333334,16078.879357578237,-44.41428571428526,5,30249.706826037578,1.0,0.483,0.795,0.685,171.853,0.00258,-4.338,0.181
Let Me Love You (feat. Chris Crone),SJUR,0,27,0.1605396656806014,-0.9291024190743923,-0.07171892318376236,464.7159369676343,28061.571428571428,19020.355022903197,489.9792207792205,18,26173.28799802386,0.8235457667017297,0.462,0.83,0.557,105.058,0.123,-4.089,0.0673
Let Them Know,Mabel,0,21,-0.38517405487818934,-0.959049914537008,-0.6848068574147358,481.44878186391827,39291.47619047619,32358.49774548675,-434.8493506493503,2,54638.21038531552,1.0314888868867342,0.725,0.864,0.839,124.981,0.0121,-5.601,0.0838
Let Us Go Then You and I,Serrini,0,65,-0.9975277151006651,0.9684496359603197,-0.24466131470359934,292.4927078124639,3533.095238095238,288.41040611995373,-14.903896103896141,5,312.91428139348324,1.1014897579143388,0.49,0.509,0.205,160.031,0.223,-6.478,0.0271
Let You Love Me,Rita Ora,1,3,0.5074853145251895,-0.9999999999986057,-0.167376279345153,505.53190619740025,31675.380952380954,57169.56056993649,-3929.1259740259734,1,69239.26353045648,8.317159721107723,0.521,0.861,0.473,191.618,0.261,-3.138,0.319
Let's Do It Again,J Boog,0,123,0.8163609844414609,-0.9998197527734489,-0.01618096615507261,401.8898706674666,19836.190476190477,9112.243713132806,-1092.4870129870133,9,4688.522038979874,2.5895876304180905,0.631,0.696,0.927,173.537,0.578,-5.631,0.211
Let's Fall in Love for the Night,FINNEAS,0,41,-0.6769764464592345,-0.9978657744982781,-0.8529695845493311,343.6194792206961,4552.285714285715,1759.9268962863512,190.21818181818182,17,2525.430842450452,0.5445241764592564,0.737,0.408,0.374,127.918,0.802,-7.941,0.104
Let's Hurt Tonight,OneRepublic,0,22,-0.5001865490407804,-0.9776504481250483,-0.624572211436018,438.5640932529669,15650.142857142857,12306.567338062167,498.54805194805215,19,21248.139880940165,0.6333360051298493,0.359,0.713,0.272,61.519,0.33,-4.526,0.0366
Let's See What The Night Can Do,Jason Mraz,0,12,-0.062461767794921824,-0.9549361248220143,-0.6828106365137713,427.7514935567848,8038.952380952381,7841.202595303195,31.771428571428746,19,11957.350696956246,1.2306663851945676,0.392,0.423,0.288,113.537,0.27,-7.813,0.0348
Let's Stay Together,Al Green,0,104,-0.4858704838183757,-0.6112593671513679,-0.7257225368445881,376.85289438839686,24235.0,21864.60305930973,-651.0343137254894,5,35458.96229528712,1.0,0.756,0.401,0.52,101.976,0.587,-10.7,0.0529
Letters,Lucas & Steve,0,46,0.39813132496835274,-0.764918811879411,-0.16769034746032244,413.3739112909858,36708.71428571428,10864.65774949241,1545.2779220779225,12,6400.128688354634,0.5354242945402902,0.634,0.771,0.575,121.984,0.00855,-7.727,0.0394
Levels - Radio Edit,Avicii,1,3,-0.20457456601526183,-0.5691493615473838,-0.5200707385723712,472.3874188973092,22115.52380952381,24687.68092373786,-680.7792207792204,11,33820.54789089023,2.231254949806289,0.584,0.889,0.464,126.04,0.0462,-5.941,0.0343
Levitating,Dua Lipa,1,10,0.014165401449200818,-0.9999999868529443,-0.385595222223101,487.2893532961414,23610.52380952381,35642.17092770738,-1118.84025974026,3,51298.81485999457,2.038608223990878,0.695,0.884,0.914,103.014,0.0561,-2.278,0.0753
Levitating (feat. DaBaby),Dua Lipa,1,3,0.04305808385690142,-0.858839111558236,-0.4741849382066535,569.7857913693288,113583.33333333333,257933.48620735417,-1683.6714285714263,10,384026.0242888853,1.3957344135900918,0.702,0.825,0.915,102.977,0.00883,-3.787,0.0601
Libaas,Kaka,1,3,0.32968226982435506,0.24006257001785092,0.7712171542227827,391.17844783136815,94067.14285714286,25354.016515254192,3973.7636363636366,20,4087.9236918024776,0.5372015001377922,0.794,0.753,0.906,159.965,0.543,-3.112,0.0609
Libertad,Nil Moliner,0,29,0.20339581400786425,-0.9999983878997911,-0.20845902237900443,402.12255215115204,42795.42857142857,4326.417891132049,-172.90129870129837,0,5138.813368862504,1.0802287648889073,0.605,0.703,0.686,132.081,0.0648,-6.707,0.0303
Lie,BTS,0,75,-0.7025957585711315,-0.1607610842208254,-0.6502261073321688,331.367246739174,2204.095238095238,1414.8490717004445,-190.0155844155844,0,1170.026734737288,3.363336295543989,0.541,0.779,0.501,94.069,0.00338,-5.581,0.033
Liebe,Tarek K.I.Z,0,97,0.7442843897442533,-0.9657354521713558,0.142921380283629,228.63693392823495,69525.09090909091,17263.198505146698,-3165.9090909090887,0,15404.681281999963,1.0,0.625,0.658,0.517,74.722,0.149,-6.388,0.342
Life Eternal,Ghost,0,71,-0.9663094392809835,0.22712550713742535,-0.8275093799395197,213.72781958940925,17020.909090909092,9988.561507631393,-1433.7454545454536,1,16792.00163292036,1.0,0.443,0.612,0.204,155.961,0.0188,-7.321,0.0275
Life Goes On,BTS,1,1,0.0030366135738756727,-0.5030236121455512,-0.48824638634573553,565.6983766486879,136079.2857142857,241381.95476822183,11792.263636363634,20,288027.2546574152,0.47342689276437744,0.566,0.716,0.45,81.068,0.00691,-5.733,0.0424
Life Goes On,Oliver Tree,1,4,-0.13946512649362147,-0.8954720853226684,-0.5506991190399037,486.6564129162398,18263.190476190477,33168.73057079521,680.5753246753249,13,52501.57000566745,0.4056657963446475,0.7,0.49,0.569,79.982,0.186,-5.187,0.076
Life is Beautiful,Lil Peep,1,3,-0.08532450182338376,-0.9183806559561469,-0.6097802230424093,500.8784508584065,23098.190476190477,47436.26695103055,-456.55844155844085,8,73438.28772750287,0.9093147269279525,0.533,0.638,0.324,135.056,0.0385,-9.411,0.0636
Life is a Highway,Rascal Flatts,0,157,0.04946323143726621,-0.9995877835445409,-0.3589457935270855,340.1751974535844,10170.285714285714,896.7468795520809,23.501298701298733,16,1255.6966034835007,0.9428447363421716,0.582,0.952,0.655,103.027,0.00324,-3.848,0.0731
Lifetime (with Ty Dolla $ign & 070 Shake),Swedish House Mafia,0,23,-0.04996422329324489,-0.9066747627204861,-0.5685365251976152,506.8191977383807,35504.95238095238,56060.32045631206,-2559.3883116883117,5,82770.19431019538,4.614348108025633,0.584,0.718,0.155,99.841,0.0205,-7.824,0.126
Liggi,Ritviz,1,4,0.03620047871473741,-0.9999254331922606,-0.4178752969795437,368.48652318338856,28422.428571428572,3624.9607626307134,520.0337662337662,17,2406.2767603706766,0.7525281904420977,0.786,0.667,0.688,102.046,0.0112,-8.272,0.054
Light,San Holo,0,28,-0.10771866306764259,-0.9377497192303217,-0.5271382770633533,526.58423317023,40480.90476190476,90743.29382641519,-1093.064935064935,9,141859.56387373924,0.9685864344794433,0.57,0.763,0.43,150.088,0.0857,-4.137,0.0573
Light It Up (with Tyga & Chris Brown),Marshmello,0,19,0.10326524273115095,-0.8893701027890711,-0.4285338378412147,542.3843008873416,48207.95238095238,132072.5081350883,2920.264935064934,15,187734.65706360666,0.24590250679749698,0.81,0.625,0.598,100.019,0.0407,-3.593,0.071
Light On,Maggie Rogers,0,98,0.29501838702574307,0.11919024581830227,0.376793234088864,378.17642254965574,35195.71428571428,3661.6348175937705,47.98831168831139,16,2735.189961867365,0.925199071066523,0.657,0.569,0.399,102.055,0.201,-6.287,0.0542
Lighter (feat. KSI),Nathan Dawe,1,4,0.2331708837473942,-0.9189479239806361,-0.2051866286732115,533.267319910763,64969.19047619047,104899.98620846024,1866.0870129870148,17,138408.42262278512,0.5631467082307515,0.703,0.837,0.356,124.953,0.0214,-3.606,0.0395
Lights,BTS,0,12,-0.6090560032762762,-0.12122593782338438,-0.6807707495238047,453.7770975392972,17539.666666666668,15103.44274954849,383.33246753246726,13,22481.8680905302,0.8060569364554081,0.608,0.644,0.431,99.005,0.156,-5.588,0.0314
Lights Out,Royal Blood,0,87,-0.06646407568122654,-0.9853422587285212,-0.48037676910352467,465.6411922579769,34004.90476190476,23020.560764144986,1787.7194805194804,11,31051.994963085705,0.5772849696218917,0.501,0.824,0.57,89.972,0.000127,-7.25,0.0413
Lihaa Ja Perunaa,Popeda,0,113,0.24857811348383563,-0.9809258170027481,-0.16565350535840315,360.755123357951,7398.714285714285,1527.781994634461,2.9428571428572274,13,1949.3562373255436,0.9609544468546638,0.494,0.852,0.706,156.07,0.00671,-4.364,0.0505
Like 1999,Valley,0,143,-0.5443640709469674,-0.30057350620245743,-0.7212555608554839,381.4708587649051,2645.2380952380954,2706.1069190991643,-111.12077922077916,9,3958.1527948653015,2.1524085896691814,0.733,0.382,0.517,98.027,0.132,-7.955,0.0459
Like I Can,Sam Smith,0,13,-0.38052836638678283,-0.4933436214704442,-0.5739809987165928,445.4377140760716,12847.190476190477,12311.64826154889,-109.32597402597347,13,18407.025958244856,1.2486378761838592,0.628,0.683,0.462,99.8,0.246,-5.565,0.0467
Like My Father,Jax,0,75,0.04265264845121101,0.20987750437986444,0.2740077163117978,319.8076515706116,6295.238095238095,1481.815839234382,187.40259740259742,14,606.4713101210972,0.5957225342707884,0.492,0.224,0.424,93.039,0.91,-8.098,0.0493
Like a Stone,Audioslave,0,27,0.02443594582216662,-0.9999999999926985,-0.4407625503371892,541.4939262791644,37038.0,77583.09881423303,-3411.1181818181813,1,109327.91224728478,2.866103341569314,0.614,0.568,0.516,107.849,0.00797,-5.477,0.0276
Lil Boat,88GLAM,0,59,-0.6101980653483283,0.9993535263953914,-0.07688522356892873,400.460212061582,39587.47619047619,6636.263453961536,-366.6974025974021,7,4678.788074651384,1.1628526544578106,0.764,0.672,0.594,150.021,0.0166,-4.274,0.0655
Line Without a Hook,Ricky Montgomery,0,72,-0.1048785450180837,-0.8045855780033166,-0.37827437437900074,541.5734922709119,104383.90476190476,122323.32957445773,-2055.729870129871,18,194025.56098581446,2.049779767492238,0.432,0.652,0.507,190.028,0.262,-4.969,0.0285
Linger,The Cranberries,1,2,-0.046877167166213894,-0.892285120321119,-0.4885817609415656,542.5261014518297,52547.52380952381,133109.42647619237,-3564.5233766233764,6,201504.62670367523,4.392890102177842,0.201,0.762,0.131,94.832,0.0953,-6.376,0.0337
Linus And Lucy,Vince Guaraldi Trio,0,47,-0.11697684957964817,-0.7420877922262871,-0.6678710464623006,394.6567469708399,385014.3333333333,246229.8127521433,35699.325000000004,13,294007.4760669361,1.0,0.497,0.386,0.695,81.774,0.784,-14.177,0.038
Listen To Your Heart,Roxette,0,62,-0.2324129685646389,-0.8214508791615656,-0.5475383237647339,364.01416911570743,22751.625,29481.4165341385,-873.6852941176467,1,49504.899936874936,1.0,0.539,0.583,0.337,86.063,0.108,-4.935,0.0275
Listen to the Music,The Doobie Brothers,0,82,-0.3189235256804489,-0.9984337010487151,-0.5830339282513451,335.24343167353413,6390.9047619047615,983.2144030465973,89.15584415584415,18,1359.0886284565845,0.8091961532964452,0.645,0.598,0.913,105.929,0.221,-13.18,0.0335
Little Christmas Tree,Michael Jackson,0,74,-0.5277849471304488,0.9326706569598666,-0.44291913066527616,260.75065321051477,52880.09090909091,52118.87732770945,4286.390909090908,10,78827.3021205851,1.0,0.468,0.457,0.372,84.557,0.698,-6.386,0.0241
Little Dark Age,MGMT,0,73,-0.09758350784562898,-0.9971018420644611,-0.4941588570411001,345.7855344400222,1330.4285714285713,1057.3696732223505,-44.58181818181818,3,1573.7290514888514,1.6500199760287655,0.705,0.712,0.62,97.512,0.0102,-6.156,0.0385
Little Do You Know,Alex & Sierra,0,12,-0.9447465411827561,0.9999983314092392,0.1388771653423136,381.5663860748911,26894.04761904762,9304.463790369859,1471.6077922077923,20,2756.0171643152007,0.45809716519345084,0.5,0.292,0.37,145.879,0.746,-8.554,0.0323
Little Do You Know,Campsite Dream,0,123,0.014509106409465736,-0.9985443285705764,-0.48840922135432685,419.030966120136,3296.3809523809523,6351.62623702586,8.89220779220778,10,9345.537506612447,0.9492471145761675,0.698,0.757,0.349,95.03,0.0827,-5.821,0.0447
Little Lion Man,Mumford & Sons,0,63,-0.2875139122988826,-0.9615591022155581,-0.509964525462218,471.5659016692272,22620.52380952381,27698.751564816655,2126.8779220779224,11,40379.36646716984,0.1288950018856623,0.517,0.492,0.455,138.585,0.0275,-8.05,0.0272
Little Saint Nick - 1991 Remix,The Beach Boys,0,30,-0.08958951623617979,-0.8809788837183181,-0.47361192641717254,542.3822470758078,179298.90476190476,133499.6238424894,-1704.5792207792203,12,205023.43880393286,1.4740339172692507,0.602,0.553,0.971,130.594,0.108,-9.336,0.0328
Little Talks,Of Monsters and Men,0,86,-0.05983213117336185,-0.9806620954403878,-0.39214969966594554,475.6980079917382,22819.809523809523,26422.608276894145,-560.0999999999996,7,39294.95636147214,1.345605564998786,0.457,0.757,0.417,102.961,0.0206,-5.177,0.032
Little Things,ABBA,1,4,-0.06613605186448847,-0.918857884696878,-0.5017914763014245,555.7935384669165,81487.28571428571,186546.91053922038,3644.897402597401,15,285725.16207983415,0.40547787092569887,0.647,0.165,0.59,75.978,0.894,-16.328,0.0315
Livin' On A Prayer,Bon Jovi,0,19,-0.09171371664323967,-0.6830426861176183,-0.5039184069958595,465.3993829415592,34293.666666666664,20455.61413293562,517.441558441559,10,28301.882344245234,0.7311721974496638,0.532,0.887,0.795,122.511,0.0778,-3.757,0.0335
Ljós,Hafdís Huld,0,22,0.038538488876008394,-0.99546179534889,-0.3064471480574125,231.31317781317273,1090.142857142857,84.40508093162893,10.093506493506492,13,84.44436038007512,0.8864725396240325,0.742,0.0915,0.813,146.165,0.89,-13.086,0.0438
Lloraras,Oscar D'León,0,40,-0.21923636015557194,-0.9954099433770021,-0.5906689782719093,374.61767051665316,4036.6666666666665,2157.852356777635,-43.05714285714289,17,3439.2181069975773,1.2068914467596876,0.708,0.751,0.962,96.994,0.517,-8.368,0.0452
Llorarás,Dimension Latina,0,43,0.1594637645073034,-0.9991026900464153,-0.30227617929975564,324.40095132595195,9188.857142857143,990.0223800122753,129.56883116883114,19,823.6881752216672,0.8294133038725434,0.704,0.884,0.964,93.058,0.549,-6.275,0.0527
Lo Siento BB:/ (with Bad Bunny & Julieta Venegas),Tainy,1,1,-0.13480714821737425,-0.916380323489015,-0.6120257822469984,576.0905489348149,156928.61904761905,309805.88552226673,4706.099999999999,10,490038.80979557126,0.538754220067521,0.639,0.703,0.138,169.888,0.0889,-6.33,0.0794
Lo siento (feat. Sofía Reyes),Beret,0,90,-0.24502059563945036,-0.971005121186498,-0.4939281557787226,454.19163735633543,26312.0,17241.361044496072,-1179.4090909090905,0,24676.299983790115,1.6114473976650237,0.46,0.463,0.17,79.719,0.645,-6.798,0.0769
Lo/Hi,The Black Keys,0,44,-0.08364234763797247,-0.6588892656390395,-0.5270611311400332,402.0759787344448,85417.2,210280.16762284865,-2758.1642857142865,3,314090.9167107982,1.0,0.606,0.679,0.707,122.016,0.0151,-7.445,0.0321
Locked Away (feat. Adam Levine),R. City,0,121,0.7155909277629876,-0.08642524670989833,0.1879761094886726,410.1965933715029,5033.285714285715,7456.709763011828,-547.5675324675326,0,6038.8603676521625,3.1399484911803297,0.509,0.671,0.55,118.413,0.304,-5.709,0.0678
Locked out of Heaven,Bruno Mars,0,35,-0.5214438791241375,-0.9972234310767303,-0.7417030257446732,333.1605761163185,2995.5238095238096,871.0970980292675,7.828571428571455,7,1562.5383067304303,0.9019819144450172,0.726,0.698,0.867,143.994,0.049,-4.165,0.0431
Loneliest Time Of Year,Mabel,0,48,0.24280773318070367,-0.8335456462743509,-0.29589836113674106,454.68854013487845,55310.10526315789,52266.79150070715,3585.0403508771924,18,66824.2393290363,1.0,0.517,0.609,0.239,92.093,0.0631,-5.702,0.0291
Lonely (with Jonas Brothers),Diplo,0,143,-0.11344598092937204,-0.9976965365650381,-0.5047276285686676,348.8070436652787,2087.8571428571427,1104.5785356852623,0.8519480519480875,11,1722.0487064830656,0.9460718515594158,0.739,0.717,0.529,98.047,0.0611,-5.123,0.0565
Lonely Eyes,Lauv,0,51,-0.873292153778607,0.045742993418425554,-0.8439847049743427,256.00686603929023,9554.866666666667,2104.384529711452,-193.6892857142852,3,3420.0016328018537,1.0,0.586,0.499,0.369,95.012,0.0418,-7.005,0.0267
Lonely In A Crowd (feat. Joakim Berg),Miriam Bryant,1,7,-0.2638321297227862,0.9999999890958263,0.18256201059304109,441.42734389763496,63364.90476190476,24940.9379055796,-3334.0051948051937,0,14022.736356628118,1.931345114306671,0.631,0.448,0.43,96.98,0.253,-8.838,0.0304
Lonely Together (feat. Rita Ora),Avicii,1,2,0.09874350298274875,-0.9136137572147929,-0.3809001887969996,531.3414876763123,51603.76190476191,100658.71702128874,2755.3571428571436,16,142203.1186958992,0.25635935815573435,0.655,0.666,0.272,102.977,0.134,-5.309,0.0612
Lonely Together - (feat. Rita Ora) Alan Walker Remix,Avicii,0,61,-0.05893895584520032,-0.9794082032304434,-0.5272510755880344,356.93469814698886,23775.882352941175,11851.381398173913,378.90931372549,6,17899.63608994171,1.0,0.637,0.791,0.43,103.051,0.29,-5.831,0.0469
Long Way Down,Joshua Hyslop,0,84,0.18478526626343922,-0.9979392063800631,-0.07244376658718717,386.5443194663795,18660.571428571428,3303.9986390437152,272.61948051948076,13,3781.681251771492,0.8353438810844288,0.711,0.231,0.186,125.062,0.832,-13.033,0.0346
Look At Me!,XXXTENTACION,0,13,-0.13862856051346106,-0.9191627689580576,-0.4088790672339018,570.4512305650071,212548.2857142857,262765.73798259435,2989.4740259740274,9,414391.81926643715,1.2122775452505967,0.763,0.726,0.349,139.059,0.259,-6.405,0.282
Look at Me!,XXXTENTACION,0,38,-0.6605663479440169,-0.6749776290708708,-0.9252292854851722,517.9171610319859,150969.19047619047,90137.40555376397,-2251.2974025973967,19,164761.37251894784,1.4403058883884745,0.763,0.726,0.349,139.059,0.259,-6.405,0.282
Look What You've Done,Zara Larsson,0,17,-0.2806609649833033,-0.9995616949821954,-0.6072730217491923,472.03810867839326,31525.238095238095,24840.032403369634,-67.64675324675335,3,41129.38665829458,1.3570043911320553,0.747,0.79,0.615,117.97,0.172,-2.233,0.0474
Look into My Eyes,Brando,0,20,0.39013475607108944,-0.9905217896140096,-0.11687785567846677,398.4659969641145,69716.23809523809,14639.080601187787,2323.600000000001,16,4704.524748579817,0.6049361685071246,0.791,0.542,0.435,115.987,0.121,-7.138,0.0541
Looking Out for You,Joy Again,0,61,0.007026666767846437,-0.9813309026700191,-0.19790167222698785,443.7989364639733,220903.47619047618,13696.318322190327,-1159.3220779220794,1,15723.361709252893,1.0870035862322156,0.682,0.9,0.937,100.721,0.0884,-5.028,0.0874
Looking for a Star,XXXTENTACION,0,83,-0.1443742561004201,-0.9999999999010631,-0.45121914850754685,259.4713320169702,169903.1,231660.90861535099,12897.896969696965,4,374078.5117572823,1.0,0.915,0.692,0.713,118.981,0.15,-7.544,0.0857
Lordly (feat. Alex Aiono),Feder,0,16,-0.044245450605696825,-0.7597991197271512,-0.345032940073781,477.6464046643968,22768.04761904762,24409.76529310348,-178.61818181818228,18,37777.68780626337,1.2275316776482514,0.716,0.713,0.415,119.988,0.078,-6.246,0.0365
Los Besos,Greeicy,1,10,-0.2867805018936494,-0.9980813309835733,-0.6014253987769635,437.7834933599631,9919.42857142857,10587.444867215438,-82.28051948051962,1,17428.347528882365,0.9780608516574768,0.678,0.752,0.662,167.822,0.071,-4.242,0.212
Los Consejos,Greeicy,1,6,-0.2780964036093517,-0.9557053931844149,-0.5274063258971392,461.58145216541413,15928.857142857143,18717.870819813103,14.038961038961004,1,29711.781031898776,0.9463370282243244,0.7,0.534,0.368,157.987,0.167,-6.113,0.083
Lose You To Love Me,Selena Gomez,1,1,-0.1562407059587342,-0.9999999999992029,-0.529279860915767,534.5779378823808,66009.09523809524,100801.13963211817,-3560.542857142858,3,154575.36991929697,2.979369814153563,0.516,0.342,0.0993,102.819,0.55,-8.985,0.0425
Lose You Too,SHY Martin,0,86,0.9999549254192412,-0.9999999980287109,-0.422338181732674,412.93881259785246,10549.952380952382,4526.201092645549,-143.87012987012992,1,6019.97361684418,1.1220504142044134,0.445,0.357,0.159,147.062,0.153,-9.163,0.0445
"Lose Yourself - From ""8 Mile"" Soundtrack",Eminem,0,14,0.04839414832371488,-0.9221441409818066,-0.4627816788732363,517.518209899217,25933.52380952381,71067.70586032332,-406.64675324675324,9,103619.08452524563,0.9880710591166355,0.686,0.735,0.0596,171.355,0.00921,-4.616,0.264
Losing It,FISHER,0,30,-0.29336650570245243,-0.9012490912126223,-0.7281134171554251,427.33944370177954,10531.142857142857,9986.131384435661,977.7298701298703,14,13451.292549416952,0.24778184525656138,0.76,0.964,0.643,125.003,0.00181,-5.844,0.0577
Losing My Religion,R.E.M.,0,152,-0.9967350844547856,0.9998065084780248,0.025587615972449268,393.86073729520524,7622.761904761905,4068.454976485743,-79.50129870129882,0,3742.630373146672,1.0360726447219069,0.666,0.855,0.803,125.639,0.179,-5.051,0.0295
Lost,Frank Ocean,0,101,-0.8206614873790058,0.3143025024332753,-0.687184602062778,446.15528068965466,17245.809523809523,12054.499454833285,554.5636363636364,9,17891.992855674293,0.5576626194350565,0.913,0.603,0.497,123.061,0.0272,-4.892,0.226
Lost Cause,Billie Eilish,1,2,0.9994043975934871,-0.9999999999985179,-0.4244123420618752,548.1291456082088,45404.47619047619,119594.82120441545,-5697.824675324665,1,168499.8465044108,3.2273488619271085,0.526,0.334,0.522,74.966,0.702,-8.491,0.251
Lost in the Fire (feat. The Weeknd),Gesaffelstein,0,33,0.19656601894304046,-0.9075262947241126,-0.31769663540311677,466.20264139605797,15839.0,19602.8255932173,-134.54805194805186,7,27149.930963586263,0.6397759396921788,0.658,0.671,0.166,100.966,0.0933,-12.21,0.0363
Lost in the Woods,Jonathan Groff,0,29,0.40396287970002964,-0.9292511690532471,-0.046501826251734005,508.72768830704575,35116.04761904762,62762.451571647885,2821.125974025974,15,71518.79382671033,0.15822793202539104,0.366,0.478,0.293,149.307,0.695,-6.972,0.0277
Louder than bombs,BTS,1,6,0.23161946391296878,-0.8141830024411008,-0.2602558823449554,466.9739537563665,17287.619047619046,19418.567465863794,-42.946753246753524,9,26799.40234384901,0.9335086074407725,0.643,0.667,0.478,145.999,0.0432,-6.947,0.151
Love & Reggae,Collie Buddz,0,119,-0.12963397663214046,-0.9997734117654722,-0.5139214821787659,286.2875759103319,2818.095238095238,268.46457685315454,22.40779220779226,20,353.1712721895709,0.8845021477870554,0.743,0.576,0.628,77.958,0.0136,-6.244,0.163
Love Again (feat. Alida),Alok,0,37,-0.22156357271844335,-0.9468928333619728,-0.48112284756675516,480.7237620945778,47894.71428571428,30972.32032936884,1483.845454545455,1,48034.1450621066,0.6855534259702923,0.636,0.822,0.338,127.225,0.0534,-4.321,0.0507
Love In The Dark,Adele,1,10,0.21330696246188488,-0.8971380391240458,-0.2079112468151111,478.03624661003846,22895.380952380954,26977.237400438862,1180.675324675325,17,35073.732816560885,0.20722137279396513,0.331,0.341,0.152,109.821,0.528,-6.057,0.0309
Love Is A Game,Adele,0,12,0.7969862050731428,-0.979332057499717,-0.6319688102922574,525.4705085430624,46199.42857142857,89624.07504819728,3388.4649350649343,20,102499.71084489702,0.5051445584948853,0.269,0.591,0.228,183.793,0.453,-5.79,0.0416
Love Is Madness (feat. Halsey),Thirty Seconds To Mars,0,48,-0.024406653112230527,-0.9269813760403947,-0.5451478349722664,545.402592895707,54041.857142857145,144640.5822928932,-1835.0766233766237,11,217529.60951486582,8.75287951914251,0.382,0.675,0.449,106.171,0.0128,-6.56,0.0441
Love It If We Made It,The 1975,0,22,0.023304722626935653,-0.9379501803628596,-0.4591826522506714,563.7806716060688,90526.33333333333,228561.37194392429,2550.6558441558477,16,336696.4773836927,0.6479453666668762,0.472,0.745,0.0631,180.06,0.000607,-5.297,0.0356
Love Like That,Lauv,0,34,-0.1464151417011861,-0.9999999603093878,-0.5178014305687292,548.9381976312715,55971.142857142855,157375.30747147568,-5645.292207792204,4,239640.87376916214,18.930113323270803,0.679,0.481,0.486,80.011,0.208,-9.045,0.0593
Love Maze,BTS,1,7,-0.03378810089893927,-0.9202230104520258,-0.5152590449577914,516.3469841066625,28678.285714285714,69115.88401555535,839.7727272727275,13,104781.05058972973,1.9549841962779753,0.637,0.876,0.759,149.93,0.0483,-4.652,0.0618
Love Me Land,Zara Larsson,1,7,-0.12257216410772111,-0.99985191886533,-0.549991259028168,560.3925075871686,69700.42857142857,150700.69443691595,-7217.0454545454495,2,225858.88014994562,3.6538775287170138,0.302,0.481,0.252,216.334,0.0945,-7.023,0.0625
Love Me Like That,Sam Kim,1,1,-0.44509701495223547,-0.6671989749831961,-0.7546827023415925,479.9790252085733,29345.04761904762,29822.542706381075,123.88701298701247,5,50981.779571014384,1.0173715411878768,0.59,0.294,0.461,87.895,0.854,-8.125,0.0654
"Love Me Like You Do - From ""Fifty Shades Of Grey""",Ellie Goulding,0,24,-0.09441258898607283,-0.9992142961668979,-0.4386897548871511,348.36089641380516,3156.9523809523807,1103.8570678778367,28.68311688311686,10,1684.249301617786,0.8783578080229227,0.262,0.606,0.275,189.857,0.247,-6.646,0.0484
Love Me Now,John Legend,0,12,0.999999652743702,-0.9999999999404597,-0.3074567192988028,519.1800251255595,30351.380952380954,63848.836723919514,-4466.397402597401,1,80339.99888411749,8.492247635803826,0.495,0.762,0.708,123.893,0.591,-3.842,0.0862
Love Me Now (feat. Zoe Wees),Kygo,1,3,-0.09081331556578089,-0.9999999999070494,-0.3944271180941188,537.8234444245636,40727.76190476191,86194.01753679769,-5814.653246753244,1,118648.98252576799,10.432376882044924,0.662,0.489,0.506,102.04,0.163,-7.067,0.0525
Love Runs Out (feat. G-Eazy & Sasha Alex Sloan),Martin Garrix,0,27,-0.1057403977541443,-0.9999999999297555,-0.5072669044120593,513.7123899769933,29157.761904761905,71598.43945286913,-3474.802597402596,1,108485.1361103792,4.362527228552279,0.647,0.642,0.48,90.045,0.262,-7.306,0.0743
Love Shot,EXO,1,4,-0.41376897388815853,-0.5364376497462449,-0.6346634057745588,472.3797687738319,20947.85714285714,23770.195404140464,-273.7636363636361,13,37658.860412789974,1.447385729946142,0.689,0.678,0.335,145.883,0.0702,-4.287,0.119
Love Somebody,Lauv,0,20,-0.08351761132411548,-0.9279855546103156,-0.5057588991563478,554.4728216394647,78049.76190476191,185489.50429835127,8239.841558441558,16,278355.30707363924,0.31866144261031537,0.465,0.468,0.373,83.366,0.262,-7.799,0.134
Love Story,Taylor Swift,0,26,0.07650331336766547,-0.8851336579676776,-0.4055666567423446,506.00903439378106,30753.238095238095,52253.80216824943,-350.7285714285711,6,75147.7082168678,2.6722584774113476,0.617,0.741,0.306,118.984,0.131,-3.97,0.0311
Love Talk - English Version,WayV,0,88,0.5279053682594279,-0.997182196807463,-0.11731754042371684,350.09788484946745,7666.333333333333,1329.5842648964817,-32.49220779220773,17,1378.0456777625334,1.0637015939091856,0.751,0.719,0.437,98.01,0.142,-5.198,0.0373
Love To Hate Me,BLACKPINK,1,5,0.01394844962928033,-0.9015099204733832,-0.44838222259156596,528.6272025509842,52073.666666666664,92123.73306608752,211.209090909091,7,137733.9012988451,0.4282288667634117,0.689,0.656,0.623,162.269,0.0365,-4.532,0.143
Love Tonight - David Guetta Remix Edit,Shouse,0,18,-0.18990312922241834,-0.7606381537054311,-0.4677023691008014,489.93696204126,30149.809523809523,35935.205676485806,1358.2948051948053,13,55626.199807644596,0.7546988762266541,0.621,0.989,0.0348,126.002,0.015,-4.225,0.0434
Love Tonight - Edit,Shouse,1,3,0.44110942126977143,-0.9984439073483129,0.02237805307242913,264.10453104931605,1496.1904761904761,352.8466035313118,53.072727272727256,18,164.40182480739077,0.5966267924808678,0.727,0.681,0.448,123.028,0.00214,-7.114,0.0265
Love You Anymore,Michael Bublé,0,49,-0.391324527558244,-0.9957043690703953,-0.6691120099216474,410.08467200389134,7036.952380952381,5841.168461680628,321.70779220779235,12,9447.542369711819,0.5623965248750102,0.693,0.257,0.603,90.012,0.869,-7.785,0.0356
Love Your Voice,JONY,0,30,-0.2921570169942069,0.46420811007780255,0.227856430065802,338.31346395558205,25941.0,2050.596010919752,285.18831168831144,20,948.8919538071762,0.8767850087486594,0.608,0.83,0.211,91.088,0.597,-5.396,0.0956
Love Yourself,Justin Bieber,0,18,0.09282583567168819,-0.9006904748303313,-0.40756164592599764,511.80459456267033,29096.571428571428,62764.49841125417,2157.32077922078,17,88825.72895175136,0.34902736445732774,0.609,0.378,0.515,100.418,0.835,-9.828,0.438
Love on the Weekend,John Mayer,0,47,-0.47270517701262676,-0.9987271050244362,-0.7794527717058636,420.7068185314241,11187.714285714286,7511.3910394106615,-17.87662337662324,5,13283.368544443085,1.216205228849793,0.718,0.583,0.422,119.971,0.623,-7.884,0.0288
Love$ick (feat. A$AP Rocky),Mura Masa,0,16,-0.08661477967804967,-0.8610741832715721,-0.517729210556898,518.7372099807721,36667.857142857145,73549.16847497696,512.0103896103894,12,114025.29872506364,0.8132775095654963,0.625,0.763,0.721,88.753,0.147,-4.997,0.129
Lovefool,twocolors,1,9,-0.5447603763368698,-0.6554185560447615,-0.8006352219450075,480.9799569671521,37107.19047619047,32323.30698195086,-990.9454545454553,12,57051.99816623428,1.423663482487012,0.677,0.766,0.198,123.062,0.0219,-6.896,0.0568
Lovely Day,Bill Withers,0,35,0.03442784536676217,-0.6321770636842182,-0.4175796238873619,567.1319287980594,133924.14285714287,239412.4925861492,7341.867532467537,20,317453.021702204,0.5520922646607143,0.692,0.651,0.706,97.923,0.292,-8.267,0.0324
Lover,Diljit Dosanjh,1,8,0.24546859207151897,-0.9999984468708794,0.04814324871048829,404.15702972291547,81748.33333333333,9356.85995525327,-1361.1194805194793,1,5304.829831389504,1.279636765315411,0.827,0.587,0.774,119.936,0.203,-5.531,0.113
Lover,Taylor Swift,1,1,0.23608601804056378,-0.9999999999717137,-0.39207173732757433,468.1571109592505,21973.571428571428,23613.99512712632,-1282.1805194805186,2,29062.972524158642,1.8844648941027713,0.359,0.543,0.453,68.534,0.492,-7.582,0.0919
Lovesick Girls,BLACKPINK,1,1,0.026218978856932734,-0.9316950103548074,-0.45663778981838,545.4998791384484,63009.619047619046,144259.9624465949,-1240.6285714285686,10,212240.51878311904,1.2471681150734193,0.658,0.732,0.409,127.995,0.00513,-4.762,0.0654
Lucha De Gigantes,Nacha Pop,0,178,0.17088797523132473,-0.9981161262598398,-0.40974568049137805,398.5789450563053,43771.142857142855,5247.598228720261,586.5597402597402,19,5214.524239803666,0.8077935130196437,0.308,0.617,0.122,169.683,0.051,-7.652,0.0311
Ludens,Bring Me The Horizon,0,76,-0.15921626603747427,-0.9999999772549197,-0.6251573746338452,263.4719252315884,16816.333333333332,23126.37814031607,44.671328671328716,3,37629.919081092725,1.0,0.294,0.679,0.383,198.03,0.000551,-6.182,0.152
Luna,Diljit Dosanjh,0,50,0.6451300585604872,-0.999999938933152,0.1301344829119407,397.6831102053596,62672.142857142855,11885.431932314747,-1827.0948051948021,1,4328.253985153829,1.512812526938981,0.814,0.684,0.893,120.038,0.0426,-7.962,0.0438
Lush Life,Zara Larsson,0,23,-0.14404951828607004,-0.9999999999953578,-0.42431209074385673,436.4998874404771,9227.761904761905,11144.079051033852,-834.9363636363636,1,15645.842535558766,3.100233166515014,0.694,0.712,0.799,98.023,0.132,-3.923,0.046
Lydia,F.I.R.,0,133,-0.6679302178910157,0.5108498923189246,-0.07067423284709662,236.39977089774789,5312.666666666667,1515.7209798933604,261.39285714285705,7,865.1218417196553,1.0,0.527,0.733,0.374,80.973,0.179,-4.624,0.0426
Lying from You,Linkin Park,0,81,0.04173062046710463,-0.9393821412906619,-0.45476740774665736,545.7912172629888,54331.09523809524,146620.08757098825,-1808.463636363635,12,213828.4968931585,7.540305285732307,0.535,0.951,0.723,160.102,0.00777,-3.324,0.18
Lạ Lùng,Vũ.,0,12,0.7394880938010473,-0.9988508948048626,-0.1655559983223471,281.02760452816807,1671.7619047619048,284.1114645047583,-23.638961038961003,7,229.48692228534506,1.2301733320422195,0.617,0.212,0.219,126.579,0.958,-9.856,0.0334
L’impasse,DA Uzi,0,76,0.2658527237276423,-0.8209649170815737,-0.27311805566089475,290.24977759990907,50214.92857142857,11049.363145605696,-1071.8527472527473,7,14040.211402848832,1.0,0.715,0.564,0.878,131.395,0.653,-7.164,0.188
MAFIA,Travis Scott,1,2,0.6607132905815937,0.4600242992613308,4.265268831020009,566.229345552362,111981.09523809524,326356.22525494685,20600.429870129865,20,301425.9530925423,0.16463894062744724,0.855,0.492,0.385,109.975,0.0775,-7.578,0.0483
MAGO,GFRIEND,0,21,-0.1318930187321891,-0.9478993727861085,-0.581709819827044,464.8282150609351,20234.285714285714,20124.576205281366,593.6376623376626,12,31046.902178800385,0.582924197144348,0.621,0.821,0.646,120.062,0.00548,-3.662,0.0364
MALA SANTA,Becky G,0,59,-0.40711647456369715,-0.602643100463578,-0.6970263274329686,461.1420631792059,24280.380952380954,18218.991834729026,-600.4532467532473,5,29389.6686233445,1.4285831585861903,0.851,0.701,0.527,98.039,0.311,-3.649,0.0396
MANTRA,Bring Me The Horizon,0,50,0.06030442116947129,-0.9288590402532034,-0.4499205389040544,540.7655426488171,48660.95238095238,127588.48319405492,-1532.845454545454,9,184852.53938517455,1.2545138817674044,0.5,0.817,0.599,90.01,0.00054,-3.501,0.0459
MARCELINE,Lil God Dan,0,87,0.39140954494166325,-0.9993019642498683,-0.04633357169100942,249.0181343772094,1200.2857142857142,105.11179665441156,-6.640259740259716,5,113.370234188697,1.1008674101610905,0.746,0.806,0.598,123.941,0.151,-2.495,0.159
MARIJUANA,Rilès,0,114,0.2743034899245965,-0.9693715079510544,-0.25102199735676883,350.97132030293096,40587.833333333336,7132.846309308944,-915.7719298245619,0,6678.7194393447135,1.0,0.803,0.246,0.431,141.992,0.715,-8.362,0.0523
MEMORIES!,347aidan,0,58,-0.42535767128339325,0.9999999922762851,0.026353657058310068,378.81369573767506,4973.0,2654.7195708774966,-40.19220779220761,2,2899.6908300713717,1.0825119236883942,0.835,0.381,0.31,154.973,0.757,-6.121,0.342
METALLICA,Yung Beef,0,97,0.0994507446296888,-0.9991227058054556,-0.7012716551454785,401.3713000932256,44143.0,4167.64064806799,120.58831168831203,16,5745.94053310683,0.9517140024641854,0.586,0.816,0.58,174.053,0.0992,-4.492,0.122
MIA,Bad Bunny,0,116,0.1544109505203276,-0.9998643218002734,-0.14648349085721332,117.92173639627737,1141.5,97.8746647503837,-12.127272727272706,1,128.53966097840947,1.0,0.816,0.538,0.156,97.054,0.0142,-6.354,0.0617
MIA (feat. Drake),Bad Bunny,1,1,-0.10671131345865822,-0.8426208402311312,-0.5056934497973603,608.5713758862578,91264.76190476191,210099.45426345224,-9057.692207792206,2,316897.77560003084,3.858149118372474,0.817,0.539,0.158,97.062,0.0141,-6.349,0.0621
MIC Drop,BTS,1,5,-0.1815708087453466,-0.9999999955954451,-0.521770287850996,496.6413934300137,22441.190476190477,46892.40494865326,-2209.2727272727266,2,71826.31087867454,3.0939628516444313,0.667,0.889,0.541,169.961,0.00912,-4.851,0.0917
MIDDLE OF THE NIGHT,Elley Duhé,1,3,-0.7154271764179877,-0.9964983814833025,-0.8696833101544136,430.05346688924266,18115.809523809523,11918.136338087537,257.275324675325,17,22182.823578165157,0.8092613262794147,0.41,0.611,0.0899,185.727,0.0228,-8.271,0.0467
MIROH,Stray Kids,0,59,-0.23955016172552365,-0.7108284093045857,-0.6244638572223884,445.7586421332131,14080.57142857143,11662.802022104412,-285.5155844155846,4,18626.37471242056,1.0495582995753818,0.564,0.979,0.505,126.059,0.0091,-3.102,0.104
MMM,Naza,0,53,0.14109920410000207,-0.9955133803657319,-0.3260406702460179,355.3779967736235,20282.619047619046,1735.9855846502235,188.8077922077921,20,1789.8294967677784,0.8825795840132618,0.669,0.774,0.685,194.959,0.557,-6.675,0.292
MONEY,LISA,1,1,-0.1230826562362136,-0.8919881136203329,-0.5478386405432628,518.6450246760212,53004.666666666664,82777.92110180411,6475.833766233767,18,115203.6663249482,0.15691885352689372,0.826,0.553,0.4,140.037,0.163,-10.121,0.234
MONEY LONG,kizaru,0,25,-0.595523932272194,-0.9906348864299678,-0.7719106380236863,416.5549102334303,11398.761904761905,7732.830615257458,313.5207792207792,14,13855.602500342595,0.7392522481872842,0.744,0.554,0.371,95.02,0.37,-4.136,0.0374
Money long,kizaru,0,72,-0.5160171663891622,-0.9958826266691129,-0.730391032263946,395.5409768913117,6343.9047619047615,4092.520214393012,-17.042857142857212,11,7256.436170049317,1.0727328368866673,0.744,0.554,0.371,95.02,0.37,-4.136,0.0374
MONTERO (Call Me By Your Name),Lil Nas X,1,1,-0.1488789991041541,-0.6649961180652497,-0.954457067892343,567.7922878747405,88991.0,260582.3053880162,15176.163636363633,19,361687.9712797206,0.13968438803395183,0.593,0.503,0.71,178.781,0.293,-6.725,0.22
MORE & MORE,TWICE,1,1,-0.10409727405575793,-0.9216048613314837,-0.5407683541088006,564.1726351649984,100832.76190476191,235091.75786020333,8740.377922077925,16,359487.8022015316,0.24992878972298696,0.739,0.841,0.562,106.99,0.0312,-4.162,0.06
"MPC, Part II (La rivière)",Luv Resval,0,96,0.2684254110990839,-0.8026236562622162,-0.24004917916453472,267.47221025212457,48408.61538461538,9383.612971053984,-74.47252747252557,6,13328.725867203344,1.0,0.827,0.574,0.582,92.027,0.67,-5.309,0.214
Mad Love,Mabel,1,7,0.4032421864538877,-0.9999999999999827,-0.17867183604364992,508.3788092810596,31360.52380952381,62521.14538878524,-4359.806493506492,1,76302.95691550885,5.899124805179235,0.623,0.796,0.607,197.524,0.659,-2.981,0.199
Mad Mad World (feat. Sizzla Kalonji & Collie Buddz),Shaggy,0,22,0.5102563072961811,-0.9988136832528728,-0.025156529516994604,290.7953945404381,2122.6190476190477,367.0677212969571,36.155844155844164,15,313.6847302627273,0.745264691597863,0.901,0.531,0.563,100.016,0.0768,-5.365,0.0853
Mad at Disney,salem ilese,1,7,-0.00949554985056127,-0.598920063608627,-0.4917784041853302,519.2689236306942,33749.52380952381,77074.8975376543,5273.907792207792,20,93834.36748509311,0.11785636970331866,0.738,0.621,0.715,113.968,0.424,-7.313,0.0486
Made For You,Jake Owen,0,170,-0.19936110898677,-0.9663350881704592,-0.4669676327105381,246.94492841472385,215459.66666666666,11272.635497325175,760.3426573426534,6,17745.542612486388,1.0,0.581,0.441,0.337,82.125,0.77,-6.829,0.0268
Mafiosa (feat. Caroliina),Lartiste,1,1,-0.2267921690412155,-0.6067842584578664,-0.5977814427912224,483.97990321205344,61877.0,32302.786593640583,-806.80909090909,17,45938.59947503298,1.3301623858876148,0.867,0.724,0.757,128.97,0.258,-4.266,0.0978
Magenta Riddim,DJ Snake,0,25,-0.09031029748045392,-0.9999193693991876,-0.5095248550829962,446.1552475484056,23975.761904761905,16753.842390570364,1834.0350649350648,20,19301.729538826305,0.39368189434598666,0.602,0.892,0.57,102.047,0.000393,-3.66,0.0672
Magic Shop,BTS,1,4,-0.024029871003822863,-0.921146014383264,-0.5095704668898,515.0938110943446,28523.85714285714,66944.84364956949,785.44025974026,13,101056.44582720837,1.9833567973683108,0.531,0.661,0.278,149.934,0.103,-5.836,0.0907
"Main Dhoondne Ko Zamaane Mein (From ""Heartless"")",Arijit Singh,0,136,0.44779661049986635,-0.9990461727581369,-0.12711460893452967,351.55583676419127,42547.90476190476,2377.3756420285495,330.70519480519533,20,1441.9618536910052,0.8991168303594385,0.329,0.45,0.284,80.095,0.594,-6.312,0.0405
Make A Wish (Birthday Song),NCT U,1,10,-0.29522194527770834,-0.7622838591961926,-0.5708890747466986,490.92011501294166,31926.095238095237,37543.57658952842,662.3194805194801,11,60952.24664479152,0.7128170339081515,0.732,0.795,0.693,100.954,0.0632,-2.263,0.1
Make It Right,BTS,1,2,0.2100120477235439,-0.9999999899427262,-0.1236931503476038,474.9699705033273,25703.190476190477,26681.398151091187,-958.7987012987019,4,33980.50350701119,1.878225877594783,0.639,0.706,0.259,105.782,0.0104,-7.874,0.448
Make It Right (feat. Lauv),BTS,1,7,0.999975699448136,-0.9999999999893243,-0.43888040936817746,542.5025334118483,36987.90476190476,98158.57166602793,-4653.050649350648,2,141157.20066446307,7.007307338041143,0.583,0.68,0.343,97.568,0.0304,-7.809,0.422
Make It To Christmas,Alessia Cara,0,42,0.03840618164137206,-0.6816818300083318,-0.3375076455552119,467.8843476485939,26124.333333333332,19027.466789162932,-742.7363636363631,2,27086.386285549426,1.7049042537640695,0.535,0.522,0.305,77.054,0.131,-7.87,0.0363
Make Me Feel,Janelle Monáe,0,64,0.037685186548689686,-0.8607692197574089,-0.43675435142205454,557.5683950105463,100996.42857142857,188476.99106827247,-865.7675324675293,9,283942.17816630815,0.7469737684301945,0.859,0.413,0.699,115.036,0.136,-7.399,0.18
Make Us Never Happen,SHY Martin,0,77,0.08961896268171943,0.9999999737769699,0.26108014201810703,240.32642053900435,21839.384615384617,5552.371074088862,-617.5164835164826,0,4943.7078436185475,1.0,0.61,0.489,0.331,105.016,0.308,-8.541,0.127
Make You Feel Good,Fetty Wap,0,115,0.3673892625804203,-0.9984920036299131,-0.12268422418781644,302.4132877535194,4848.619047619048,465.92135819056483,48.98051948051954,19,419.32265321587386,0.8940354436085988,0.658,0.626,0.738,158.147,0.602,-6.069,0.328
Make You Feel My Love,Adele,0,25,-0.060708464123427563,-0.993093809845719,-0.507990431918854,411.3388881332062,4288.190476190476,5296.396165759431,-116.90779220779211,5,7965.717880235278,1.9655823811279027,0.317,0.172,0.0963,65.18,0.907,-10.636,0.0326
Make You Mine,PUBLIC,1,4,0.45543025411802895,-0.9776392335132046,-0.045364248081936565,434.0066850731031,18530.285714285714,11904.473213451989,981.1272727272728,14,11501.215915176099,0.37416679630937133,0.606,0.799,0.638,103.014,0.0128,-4.452,0.0261
Making A Fire,Foo Fighters,0,33,0.04467061454261338,-0.93018959077032,-0.45858868189311147,557.9437216694109,76968.85714285714,197261.5652915319,-2818.8233766233748,11,287914.0247523729,4.863418849581421,0.506,0.946,0.651,91.111,2.21e-05,-4.173,0.0652
Mala Fama,Danna Paola,0,27,-0.004059237087704184,0.10748372638072107,0.10678028978617737,440.9141485507594,108521.04761904762,15504.432900598493,1061.344155844157,6,12126.99070008714,0.8845808385168221,0.763,0.578,0.818,175.959,0.2,-3.894,0.0852
Mala Mía,Maluma,1,1,-0.5404969950474477,0.10713165599218163,-0.6809123044457418,555.261072447546,78742.61904761905,193002.90610949884,8143.011688311687,20,217849.6724172141,0.4022396253092259,0.749,0.752,0.901,180.049,0.31,-4.883,0.345
"Malang (Title Track) [From ""Malang - Unleash The Madness""]",Ved Sharma,1,2,0.9996028080211689,-0.9996608775383331,0.03196198427606222,436.2180940915588,107375.33333333333,14914.182960024305,1180.7168831168854,19,10791.748118238305,0.8841250111788393,0.384,0.728,0.311,156.396,0.329,-6.503,0.0623
Male Fantasy,Billie Eilish,0,34,0.19211269675811804,-0.9056851671658401,-0.36564499945265483,538.9107038461159,46625.76190476191,122971.94876180764,2310.35974025974,14,167097.51977315522,0.26691764645928984,0.687,0.288,0.308,110.927,0.863,-10.415,0.045
Malwa Block,Sidhu Moose Wala,0,21,0.6325435855873139,-0.9999999977334162,0.15285278878653707,338.3894645231526,60628.35294117647,20192.20722410789,-3778.617647058821,1,7847.567002541297,1.0,0.494,0.786,0.594,81.175,0.165,-4.289,0.284
Mama (feat. Ellie Goulding),Clean Bandit,0,38,-0.2773417473661149,-0.9999999991917916,-0.48286439234392575,463.816372043759,13131.095238095239,22049.780434939144,-1462.7025974025973,1,32900.968074815064,4.543468029314866,0.737,0.714,0.608,102.046,0.225,-6.138,0.0367
Mama Africa,Bracket,0,106,0.5744702846266716,-0.9996717335387494,0.23379990562645778,392.04479337375733,49470.04761904762,9755.223164937459,1495.7376623376622,20,3778.721032307095,0.6402236074239536,0.843,0.924,0.778,127.036,0.288,-2.91,0.285
Mamama,Néstor Ló y Los Caminantes,0,75,0.04944725570837022,-0.997388308120993,-0.3524025971232925,329.16827091066426,4078.3809523809523,685.4305894622164,21.911688311688337,15,970.56593155746,0.9124087591240877,0.746,0.513,0.563,110.118,0.466,-9.896,0.0662
Mamasita,Kevin Roldan,0,65,-0.4365139088974521,-0.661114618338813,-0.6982668312301683,416.697810070295,13269.714285714286,6298.546129619022,41.5610389610391,9,10387.296561064384,0.9627111660486197,0.81,0.717,0.687,95.08,0.0182,-3.92,0.132
Mambo No. 5 (a Little Bit of...),Lou Bega,0,68,-0.6724094793013762,-0.7064522373032733,-0.8697244286205962,384.8771628971261,33694.117647058825,33603.99956567207,780.223039215687,15,60541.69400758946,1.0,0.622,0.807,0.892,174.06,0.103,-6.752,0.408
Mamma Mia,ABBA,0,39,0.29887442818140203,-0.967631820126895,-0.3998186989885204,463.01300979286856,26007.333333333332,19576.58748007628,-382.1181818181815,8,24607.234499024875,0.9569532184899674,0.749,0.748,0.827,137.547,0.295,-7.011,0.0323
Maneater,Nelly Furtado,0,75,-0.4263685437877831,-0.9995332974677417,-0.7070531022063659,409.2637916468818,5512.857142857143,5407.277277061017,125.86233766233768,9,8643.161677736914,0.7230284647690154,0.796,0.777,0.787,132.722,0.0261,-4.81,0.0397
Manjha,Vishal Mishra,0,51,-0.31767439956214266,0.9999996455790965,0.25638122018297177,375.64147022321345,35430.19047619047,5374.079922306503,674.0688311688311,13,2751.7180864870584,0.7410716255266583,0.524,0.515,0.368,169.882,0.674,-7.478,0.0427
"Mann Bharryaa 2.0 (From ""Shershaah"")",B Praak,1,3,-0.3317728386774365,-0.7516629679250567,-0.6267960593704606,567.3916615268765,288423.2380952381,251755.4347475806,1832.7129870129904,9,430076.60915126506,1.0433726433327777,0.428,0.467,0.193,90.831,0.68,-4.904,0.0327
Mardy Bum,Arctic Monkeys,0,59,-0.9997711696697537,0.9921905194931254,0.12380521838244418,428.76379147938036,47142.95238095238,11019.227548228468,-1158.9584415584413,1,9238.483909576289,1.3513372711333391,0.634,0.599,0.312,112.215,0.0288,-5.447,0.0365
Maria,Hwa Sa,1,5,-0.18991908740263463,-0.9656975448156335,-0.5495193404626734,435.6600612205678,14657.666666666666,9726.242975203653,-74.42077922077914,2,15548.63323093062,1.3587457029416614,0.658,0.749,0.442,128.909,0.238,-2.967,0.0634
Marry Me,Thomas Rhett,0,52,-0.8039656456304652,-0.025113818914855975,-0.9067057368472974,502.72090093938874,198424.7619047619,63596.06695528746,-3191.5194805194815,14,80531.82159891828,1.1913819821702185,0.333,0.412,0.474,85.028,0.0977,-8.633,0.029
Martılar,EDIS,1,1,0.8094103837111074,-0.9991354583491495,-0.09716520907039564,489.6272971463695,341052.14285714284,65640.49608666438,7567.850649350656,12,41911.44114260449,0.7423177274441528,0.84,0.611,0.898,122.997,0.0615,-6.904,0.0718
Mask Off,Future,1,2,-0.12217391396681451,-0.9273464571943878,-0.37050942949439275,574.8804922928575,222872.66666666666,299543.80174705567,-4724.163636363628,1,467685.21497503,1.5127432863283792,0.833,0.434,0.281,150.062,0.0102,-8.795,0.431
Master of Illusion,Battle Beast,0,47,-0.27558691921269274,0.6023312995397362,0.23058573168470792,205.5192506806813,8408.833333333334,3034.4367361267487,-720.2167832167831,0,2016.4399813401608,1.0,0.56,0.889,0.427,105.033,5.65e-05,-6.673,0.0356
Maturidade (feat. Matheus & Kauan),Avine Vinny,0,59,-0.15343545709936476,0.673038432853726,0.2707655357926204,449.6595714762911,96807.19047619047,28101.02242440748,3807.9389610389603,18,16593.833979825155,0.5656338403869238,0.603,0.865,0.759,148.019,0.543,-3.866,0.0516
Me Beija Com Raiva,Jão,0,78,-0.4926943783163553,0.9999999921659057,0.012687439848643029,439.70190834743323,86702.33333333333,18747.932140787037,2326.4792207792193,18,12475.400991551334,0.6597862633382705,0.621,0.677,0.483,150.027,0.271,-5.739,0.0669
Me Dediqué a Perderte,Alejandro Fernández,0,61,0.30958097672311896,-0.9995932285481915,-0.20236111575235932,376.5139586608892,30741.666666666668,2299.6610171176953,42.948051948051905,0,2804.995016038353,0.9548551135185926,0.578,0.471,0.54,147.611,0.498,-8.182,0.0615
Me Gusta,DTF,0,39,0.07216232726876477,-0.5060974953258722,-0.22043439336355974,419.2719480188694,53841.142857142855,7765.881977235666,-80.02857142857228,0,7692.732135593959,1.0447485244669288,0.834,0.734,0.356,89.989,0.413,-5.948,0.341
Me Hace Tanto Bien,Alejandro Fernández,0,126,-0.027370068897059202,-0.9555210424666336,-0.4935071890347248,387.438815727222,53609.42857142857,3460.40696163559,320.6428571428579,15,4290.75386849444,0.9098763013112371,0.55,0.765,0.592,157.49,0.534,-5.878,0.0417
Me Quedo (feat. Ana Mena),Nil Moliner,0,85,0.18173432605742362,-0.9999470574989536,-0.01677152256402065,425.8230734753002,57459.333333333336,8142.170550279653,-497.2207792207804,0,9083.955374174844,1.1167901006461678,0.728,0.874,0.963,91.027,0.295,-6.236,0.123
Me Quema,Paulina Rubio,0,58,-0.11859589992497269,-0.7159785097851079,-0.46062213782122147,477.85661200162644,21262.809523809523,25022.845239270464,659.1727272727278,20,38747.64763711469,0.8179279392965111,0.748,0.792,0.686,92.049,0.0618,-3.817,0.118
Me Rehúso,Danny Ocean,1,1,-0.0822951519488403,-0.9980124522588595,-0.6386441549533053,329.40129535057497,2184.0476190476193,686.0872828126086,17.49220779220784,14,1042.7422931865763,0.9279351301964368,0.744,0.804,0.426,104.823,0.0231,-6.327,0.0677
Me Sabe Mal,MARLENA,0,117,0.445276842953292,-0.9988828965040528,-0.05837786911589528,393.4597564904015,43285.04761904762,4737.285514443,483.62857142857155,14,4185.109886251495,0.8672815945716709,0.604,0.569,0.556,99.313,0.11,-5.828,0.0378
Me and My Girlfriend,Sidhu Moose Wala,0,20,0.1625713530320367,-0.9999998654974308,-0.23193670824110751,390.8599799268281,60828.6,15893.33009913278,-2602.1954887218053,1,7078.483379432955,1.0,0.698,0.799,0.746,79.204,0.0322,-4.774,0.282
Mecnun,Buray,0,23,-0.7284998768100833,0.9985694229375205,-0.050935146152190684,295.7208197810247,6186.857142857143,315.49104367549927,-13.42727272727281,5,328.1570660522184,1.0457756428369596,0.72,0.687,0.85,93.012,0.17,-6.664,0.069
Mein Herz brennt,Rammstein,0,45,-0.6789601122307797,0.999274645538405,-0.03015484512724499,263.7637787678649,4415.866666666667,3392.808607759785,587.1499999999999,9,2371.86323576712,1.0,0.501,0.76,0.138,83.046,0.00268,-5.802,0.0343
Memories,Maroon 5,1,1,-0.29011928487746547,-0.5834697643507852,-0.9735880515480078,551.9317587483991,63276.47619047619,174648.38437888338,8606.362337662336,19,252633.57803664973,0.2486250277811689,0.775,0.327,0.595,91.05,0.841,-7.241,0.0557
Memories (feat. Kid Cudi),David Guetta,0,14,-0.0112009248876735,-0.5658197044129613,-0.526337703776645,463.60383068160115,17219.666666666668,20348.481872315107,-873.8844155844159,19,24558.835398843737,2.0001219228339298,0.546,0.916,0.375,129.983,0.00144,-3.932,0.255
Mer jul,Adolphson & Falk,1,4,-0.7015214559862815,0.9224959588705528,0.13765290371582237,472.34430131856243,64126.142857142855,48173.297446659744,6544.135064935065,18,27275.97827283194,0.20984507025324822,0.583,0.747,0.662,160.865,0.293,-5.633,0.0834
Mercy,Badshah,0,63,0.7810518917297151,-0.4548925831724648,0.10795316791208912,320.62675050253574,7039.0952380952385,793.5895487480201,30.257142857143013,5,623.961735605638,0.9661632384334536,0.835,0.767,0.786,89.972,0.0716,-5.181,0.0877
Mercy,Brett Young,0,133,-0.43656945618659326,0.9972678135016955,0.18256384281218208,260.9674829358493,214445.23076923078,12172.357423869786,635.4725274725348,6,10125.997329138609,1.0,0.638,0.367,0.219,71.957,0.84,-7.906,0.0266
Mercy,Shawn Mendes,1,8,0.27868289792026574,-0.8975786495767176,-0.27820023434857905,515.1183990554382,39166.52380952381,69000.15124525802,1693.3298701298709,17,90145.79023149113,0.44341587846031244,0.555,0.662,0.356,148.128,0.125,-4.952,0.0827
Mere Liye,Akhil Sachdeva,0,55,0.7392548079137131,-0.9999275701392171,0.0840409600113848,406.2046571101773,58598.80952380953,15264.48060857077,2323.0363636363636,18,5274.708825139071,0.5583114828123992,0.363,0.662,0.301,178.213,0.573,-5.88,0.0377
Merry Christmas Baby,Otis Redding,0,40,-0.40390736561699303,-0.7391152596908502,-0.6791170070315683,499.7896826524203,51305.23809523809,50411.245638727,2895.5103896103897,9,81244.90647928337,0.43529179708159565,0.71,0.291,0.856,101.517,0.35,-14.132,0.0338
Merry Christmas Everyone,Shakin' Stevens,1,3,-0.7984109659634948,-0.3533417561474983,-1.0601555954169792,434.2155158240047,14591.57142857143,12769.870863244685,1011.3987012987014,20,17132.666974525593,0.4512198235692127,0.534,0.904,0.96,202.899,0.129,-3.315,0.0369
Mess Is Mine,Vance Joy,0,102,-0.08588617093499391,-0.6666234285959295,-0.5000744122382398,416.16912817514765,6338.476190476191,5920.11696006605,261.4675324675326,10,7989.745380642615,0.4012449614776264,0.595,0.723,0.272,108.043,0.047,-8.256,0.0349
"Metsästäjä, I Metsästäjä",Stam1na,0,45,-0.283221203209246,0.9999999581316407,0.2562577955838538,176.61225323297623,11066.2,4744.06799698318,-1365.1757575757576,0,3201.7101950113324,1.0,0.36,0.987,0.469,149.949,0.000117,-4.375,0.0829
Meu Violão E O Nosso Cachorro - Ao Vivo,Simone & Simaria,0,110,-0.6437562711789802,0.9994480104321559,0.045611875203754,409.3596203572165,40383.142857142855,6627.583501913042,584.6363636363639,6,5767.948842309544,0.8367924560394887,0.651,0.766,0.686,134.172,0.57,-1.833,0.0818
Mi Bendición,Juan Luis Guerra 4.40,0,154,0.39756192807879,-0.9996887905785863,0.0735104026873265,203.34886641248167,1742.0,268.0621818409552,25.096428571428593,8,292.791848121717,1.0,0.826,0.44,0.803,124.76,0.781,-6.895,0.0338
Mi Nuevo Vicio,Morat,0,80,-0.5633868599399015,0.7651198193659492,0.09246384051439417,295.4989366497721,1738.6666666666667,367.0536918468641,-9.098701298701304,14,328.9077226214064,1.0049641478212907,0.665,0.804,0.888,143.955,0.275,-4.908,0.0344
Midnight (feat. Liam Payne),Alesso,0,37,-0.08547875168122625,-0.9999999998052763,-0.44967103326519536,553.1264025658019,60481.19047619047,157099.65451770657,-6709.8844155844145,3,229309.1548698558,12.606046525571076,0.587,0.648,0.281,144.028,0.0561,-6.927,0.0439
Midnight City,M83,0,84,0.19479413711669746,-0.7755041282370896,-0.30013621212645225,526.1448298440204,62840.71428571428,92070.99286763802,6184.7701298701295,20,114270.15829711405,0.18218327385121116,0.507,0.729,0.272,105.013,0.0182,-5.399,0.0393
Migration,Bonobo,0,51,-0.011495348172754412,-0.9095521926270376,-0.43219515094360006,334.423681187608,7710.375,10979.53468319013,540.6558823529414,12,16274.740081761334,1.0,0.561,0.565,0.0392,122.072,0.763,-12.374,0.0373
Mikrokosmos,BTS,1,2,0.20207818226544688,-0.9999998816715416,-0.13116664975460976,477.25231165611865,26774.428571428572,28196.302838647258,-1028.306493506494,4,36043.2081842058,1.892535388343506,0.579,0.858,0.475,174.043,0.125,-5.212,0.114
Mil Horas,La Sonora Dinamita,0,50,-0.002485649577915722,-0.9943472708206653,-0.2845011644281542,197.5361725737315,3488.75,2018.3549045778182,482.24825174825173,10,1736.4169672914168,1.0,0.803,0.817,0.777,100.499,0.576,-3.766,0.0344
Mil Horas,Los Abuelos De La Nada,0,46,-0.944116076224172,0.6889057627011292,-0.3348968549470081,308.53169634598004,12216.380952380952,859.2983004527575,115.17662337662347,20,507.9040362115663,0.8796866558616965,0.706,0.474,0.545,99.776,0.242,-8.55,0.0598
Mil Tequilas,Chema Rivas,1,2,-0.3879483254707041,0.9108063788687759,0.27291191292151884,389.3133399338854,50693.52380952381,8238.873458700573,1166.1025974025974,10,3632.687282164541,0.7235275370829036,0.673,0.772,0.287,100.213,0.224,-3.937,0.127
Mile High (feat. Travis Scott & Metro Boomin),James Blake,0,50,-0.22289692157272192,-0.9700241745822816,-0.6965543038126933,462.8009327990014,12957.047619047618,19447.28859170761,-215.05454545454543,4,31596.160364631334,1.2608972415883601,0.754,0.37,0.228,114.941,0.403,-9.854,0.12
Million Reasons,Lady Gaga,0,19,0.20750804629375955,-0.9886220380687345,-0.1695423130778582,417.9594262815862,6470.238095238095,6412.086584870956,190.2428571428573,17,8306.664618846724,0.6841623221079329,0.666,0.423,0.154,129.893,0.494,-8.012,0.0429
Mind Is A Prison,Alec Benjamin,0,69,-0.4075957129836522,-0.6723642398714856,-0.5515323646592452,384.58136962274637,6769.285714285715,2884.4569703161533,-134.15194805194815,0,3996.0570425733413,1.314356326404519,0.656,0.645,0.669,75.473,0.504,-5.442,0.0397
Mine,Bazzi,1,3,-0.3963369366013077,-0.7899016433141797,-0.6475281352480453,559.25434514975,241195.14285714287,214217.3097441643,4249.729870129871,19,370628.7070277207,0.8498940421588246,0.71,0.789,0.717,142.929,0.0161,-3.874,0.0722
Minimum,Charlie Cunningham,0,79,-0.36406904188773787,-0.9999892189430403,-0.7484890646966146,456.31900780137056,14988.0,17219.953276857137,94.90259740259775,4,29082.243452448784,1.0051934147876147,0.492,0.841,0.313,177.869,0.729,-9.181,0.0904
Miracle,CHVRCHES,0,59,-0.20011726577467748,-0.9987678490106566,-0.6333120511899576,429.54303422970037,7954.571428571428,8696.662340458297,359.02337662337663,9,13402.645675761185,0.5902762338817252,0.575,0.796,0.417,124.01,0.0141,-3.081,0.0322
Mirándote,Rvfv,1,6,-0.7378832987166912,0.9958560221652905,0.3205186588574666,465.3943280714337,228570.42857142858,77325.91707803524,10945.65324675325,20,23354.529205006467,0.4936478688474867,0.689,0.739,0.473,106.447,0.236,-5.566,0.112
Mis Planes Son Amarte,Juanes,0,107,-0.09921110362006055,-0.999785758868574,-0.6914127330102391,201.10295844953805,4669.923076923077,686.0894157400568,-54.65934065934053,2,1014.9266257003782,1.0,0.611,0.509,0.425,90.168,0.69,-9.382,0.127
Misery Business,Paramore,0,101,0.2531978336386449,-0.6826596366818632,-0.27361737690763543,511.879623990995,211947.38095238095,73897.52843826001,5756.437662337663,19,76482.8348111359,0.7336195058645216,0.517,0.906,0.731,172.977,0.00272,-3.677,0.0735
Missing Piece,Vance Joy,0,18,-0.762486964619148,-0.44856555716331764,-0.8497126719815083,430.80278110761685,51116.04761904762,10517.132971970706,230.29350649350522,0,18192.425666949966,0.9114555417367005,0.628,0.877,0.721,101.992,0.0155,-4.205,0.046
Mistletoe,Justin Bieber,1,4,-0.4483934378700969,-0.924749406982754,-0.623065087878916,405.3884122983738,8286.42857142857,5224.934846451185,207.82207792207777,20,8896.349680627443,0.7597539691476185,0.623,0.668,0.823,161.948,0.475,-7.282,0.0531
Mistletoe and Wine,Cliff Richard,0,13,-0.4702944934931924,-0.5251688570194054,-0.7086986814499364,458.63557544533893,14641.47619047619,18438.981886517973,-873.5818181818181,7,28760.703920453685,2.3994532792397982,0.498,0.432,0.365,135.015,0.688,-14.386,0.0345
Mmmh,KAI,0,46,-0.6545480340648714,-0.35110361061525186,-0.716814799668918,445.431039231316,15006.380952380952,12858.621149053084,-238.15974025974054,10,21392.95306748229,1.1747224558004874,0.659,0.718,0.297,136.96,0.202,-5.607,0.0507
Modern Loneliness,Lauv,1,9,-0.07274425078239374,-0.9314441383345222,-0.5209966999239285,563.5273030346634,81364.23809523809,232030.90179151006,5767.315584415586,17,354340.9506523907,0.4293159380336346,0.702,0.508,0.143,82.009,0.144,-7.105,0.035
Mojito,Jay Chou,1,1,-0.5218720662905331,0.7806657990070591,0.06554758606800631,432.35439253680414,19199.14285714286,9285.546758195742,232.096103896104,17,10130.063383192624,0.7674703798388248,0.807,0.631,0.801,115.003,0.459,-7.146,0.0279
Money,Pink Floyd,0,39,0.10186356827630899,-0.9998578502030009,-0.03685170366574849,337.6006072704315,4434.166666666667,3989.4692525029773,366.7936016511867,17,4184.615711211608,1.0,0.468,0.536,0.785,126.256,0.024,-10.422,0.144
Monster,Red Velvet - IRENE & SEULGI,1,2,-0.9999999999988728,0.9999998569257836,-0.15199672597331437,545.6946492439682,69641.85714285714,150795.81049797602,-7339.858441558448,0,166181.55452434396,2.360938694389237,0.631,0.748,0.351,115.665,0.212,-2.569,0.0488
Monster,YOASOBI,0,91,0.481923108521798,-0.9996291902820392,0.06913488890098637,352.5535644016615,30172.4,5193.753569433189,-822.9789473684219,0,2313.4792399988846,1.0,0.615,0.868,0.69,170.054,0.0681,-3.571,0.105
Monster (Shawn Mendes & Justin Bieber),Shawn Mendes,1,1,-0.30018506388994554,-0.07275180335996219,-0.709468136993637,571.3832736148631,111440.33333333333,293148.4626203904,14155.157142857142,20,319346.9053108978,0.3829046176530357,0.652,0.383,0.549,145.765,0.0676,-7.076,0.0516
Mood (feat. iann dior),24kGoldn,1,1,-0.16136212687083173,-0.8394158514300674,-0.4702087245995024,562.1911990828044,160584.04761904763,222815.00092752074,8825.466233766236,16,351215.4674557486,0.49383362084639704,0.701,0.716,0.732,91.007,0.174,-3.671,0.0361
Moon,BTS,0,11,0.021925052684659004,-0.837353169515669,-0.45966137214879965,525.861248552176,36899.333333333336,90512.56729544631,4733.0259740259735,17,127986.7578159065,0.15830745569781451,0.704,0.646,0.64,141.87,0.0104,-6.658,0.0596
Moonlight,Gaullin,0,20,-0.7220468965430378,0.2918345741857947,-0.45544993954916496,375.4678432357248,14156.47619047619,5191.491157645296,764.7766233766232,19,2808.425453434718,0.47762192931164443,0.813,0.761,0.29,124.957,0.0529,-5.687,0.085
Moonlight,XXXTENTACION,1,2,-0.44916244534265826,-0.44545832031844,-0.4477310396537428,1780.4471065929424,84807.85714285714,252688.66953102694,-14431.554545454539,1,351666.8707615774,6.9832179748604695,0.921,0.537,0.711,128.009,0.556,-5.723,0.0804
Moonlight Rendezvous,Beast In Black,0,59,0.5688786216190288,-0.9999992378287988,-0.002206749737901462,366.1736292434766,7678.333333333333,2417.5885926217065,-258.8155844155844,0,1962.901069845345,1.5673612820914566,0.425,0.958,0.621,102.002,0.000254,-5.785,0.0515
Moosedrilla (feat. DIVINE),Sidhu Moose Wala,1,8,0.9716234205498929,-0.999823616996464,0.4720688945822457,427.9250662231935,80475.09523809524,30583.529797066793,-4277.097402597403,0,8799.43178208116,2.002237957950209,0.709,0.829,0.654,137.954,0.0698,-5.817,0.245
Morado,J Balvin,1,2,0.12529129304455294,-0.877399007287883,-0.3987047353120633,565.0579446219336,100475.76190476191,240493.02613231144,10545.940259740259,17,331068.9534421002,0.2927090962378534,0.881,0.696,0.781,97.002,0.136,-3.838,0.0797
Moral of the Story,Ashe,1,10,-0.11660711746528177,-0.9225908529258505,-0.6692906314765616,549.9302024119107,74324.33333333333,165265.07082442794,1974.8857142857162,11,257681.81038169924,1.4705616939447492,0.569,0.403,0.269,119.819,0.593,-8.618,0.0439
Moral of the Story (feat. Niall Horan),Ashe,0,37,-0.9998622255098804,0.9999846159205071,-0.13172865173723375,394.24037134238176,10842.47619047619,4510.259644295094,-530.8961038961041,0,3777.6886385725334,1.8476258218976078,0.599,0.374,0.224,119.9,0.495,-8.896,0.0385
More & More,Finding Hope,0,174,-0.9999513556467826,0.9943408792974404,-0.07191557174937023,181.9401081601378,7402.384615384615,588.11936758837,-135.21978021977992,0,366.8104547613416,1.0,0.689,0.256,0.547,82.936,0.704,-10.572,0.0514
"More Than A Woman - From ""Saturday Night Fever"" Soundtrack",Bee Gees,0,72,0.45397632843284824,-0.9546161251793838,-0.055675915896393695,498.4966468241853,45162.80952380953,58202.48904726543,5087.6168831168825,18,57005.93398796304,0.2411138356860406,0.601,0.703,0.673,106.164,0.175,-6.24,0.0379
More Than Friends (feat. Meghan Trainor),Jason Mraz,0,67,0.03792185379739728,-0.9934252430093719,-0.4157995269685908,424.25001824014885,6680.0,7282.609108593666,129.2454545454546,8,10480.444112130936,0.5770858223815213,0.451,0.528,0.527,139.28,0.366,-6.984,0.0364
More Than Words,Extreme,0,60,0.35856592881521093,0.7939616189775596,0.5900236842353576,339.507558765266,18676.14285714286,1902.7098541594949,140.48441558441573,18,1475.2852402162775,0.9159411543924463,0.403,0.134,0.258,182.894,0.469,-14.955,0.0353
More Than You Know,Axwell /\ Ingrosso,1,1,-0.012276684473525916,-0.8952601150005881,-0.48733683477662754,534.1454924114216,44832.47619047619,108463.61707421001,3408.4584415584413,17,161495.30724521843,0.43523373033921264,0.646,0.741,0.571,123.077,0.0275,-4.973,0.034
Most People (with Lukas Graham),R3HAB,0,34,-0.23802692023297126,-0.7235830090810834,-0.6192231300643471,475.19552700040657,22981.619047619046,18183.030813622932,-1019.5415584415582,3,26534.492374077934,2.1217379388312683,0.762,0.795,0.588,113.922,0.0459,-4.633,0.104
Moth To A Flame (with The Weeknd),Swedish House Mafia,1,1,-0.3181360236491306,-0.6887473786704924,-0.6971644485983438,505.05860601361877,44656.0,52362.81720839703,581.9792207792206,13,84976.80511673464,1.2630921415429963,0.553,0.659,0.105,120.146,0.0027,-7.295,0.0391
Movement,Hozier,0,45,-0.16293783294803024,-0.9999999906587564,-0.5259993866011007,497.610774351797,21431.571428571428,48023.04528787287,-2342.5298701298693,2,72345.89835400139,4.707704948901861,0.381,0.502,0.147,144.3,0.16,-5.505,0.0368
Movin' on,J SOUL BROTHERS III,0,80,-0.8863120595245012,0.5574826075725005,-0.2821607547020371,356.3309127591454,22754.714285714286,1995.1565911299424,208.51818181818177,10,1585.4195627656422,0.8776866882627239,0.574,0.856,0.315,86.995,0.0409,-3.214,0.0502
Moving On,Marshmello,0,116,-0.38918626065304324,-0.9876359077402457,-0.5135320927325299,281.8516716721968,4577.0625,2251.6687830570795,-176.24264705882337,0,3467.3334397231283,1.0,0.687,0.799,0.67,142.0,0.00286,-1.498,0.0354
Mr Loverman,Ricky Montgomery,0,129,-0.6889077275082667,0.9448390449159274,0.10969489026433085,435.91898036686933,225787.38095238095,18589.440162876366,1903.9649350649322,16,11126.595783414621,0.8860511706301051,0.639,0.526,0.488,130.033,0.245,-6.697,0.0256
Mr. Brightside,The Killers,0,17,-0.2421324077988762,-0.8141901604957344,-0.5171537806070103,538.2693534417762,73545.38095238095,119990.20749666604,4667.401298701299,18,192997.4177238908,0.3423830815054041,0.352,0.911,0.236,148.033,0.00121,-5.23,0.0747
Muerte En Hawaii,Calle 13,0,170,-0.3296991453808076,-0.6274852043631463,-0.6804633610576665,294.0240000581191,15483.23076923077,29600.150667895767,3237.7637362637365,11,47304.39194454417,1.0,0.675,0.588,0.879,79.989,0.789,-7.168,0.177
Muito Cedo,Turma do Pagode,0,100,0.2453018474253971,-0.935249577889259,-0.375889507346219,445.0757432704652,99159.23809523809,12117.725116164738,250.32207792207808,14,15718.59244803745,0.9475888242738381,0.561,0.744,0.634,152.086,0.576,-6.402,0.0419
Mujhe Peene Do,Darshan Raval,0,37,-0.999361286721908,0.9999916049792913,-0.03588585323052056,421.58955564972365,50151.52380952381,10600.66152301938,-1438.1428571428562,1,7481.55239906799,1.5263946828819912,0.268,0.334,0.175,55.832,0.759,-8.877,0.0332
Mundo de Ilusões - Ao Vivo,Gusttavo Lima,0,19,-0.4572106376032793,0.8802313392286928,0.19568999242582513,480.3955471211647,178987.04761904763,85063.67189765569,12801.132467532467,19,34057.407063515566,0.2654803231911212,0.734,0.911,0.778,141.828,0.16,-2.466,0.059
Mushroom Chocolate (with 6LACK),QUIN,0,113,-0.9256650683345898,0.6276009921499569,-0.42698432664034097,301.79878437727183,7416.809523809524,458.9810265865463,-8.99350649350631,10,434.3843229215346,1.0030612042061742,0.73,0.547,0.533,147.921,0.765,-5.166,0.0565
Musiken är mitt liv (Bo Diddley),Gustaf & Viktor Norén,0,71,0.0846948027553349,-0.9970289451037441,-0.007784767056408855,175.45422663338434,28028.7,4084.3177410676562,-1192.9878787878793,1,3247.4213283697295,1.0,0.552,0.809,0.53,109.959,0.00958,-8.138,0.0309
Must Have Been The Wind,Alec Benjamin,0,74,-0.018222801050055235,-0.9142257636404761,-0.5107695616851564,507.1350354870665,18991.428571428572,54922.27911423597,-162.25454545454545,9,82552.61263242975,0.7783312577833126,0.653,0.644,0.363,88.968,0.784,-6.204,0.0572
My Block,Sidhu Moose Wala,0,56,0.8097244066039089,-0.5170273034844558,0.25923649486957745,377.6916725208103,31086.571428571428,5877.316658309371,-741.9155844155845,0,2606.2631889354534,1.363391537181197,0.609,0.639,0.211,91.249,0.357,-4.662,0.0682
My December,Linkin Park,0,73,-0.0992820842127899,-0.9999999184834103,-0.4848708142785767,359.5907578988672,66989.78571428571,148268.710218103,-1605.1098901098899,3,225431.83905123887,1.0,0.73,0.585,0.721,100.021,0.375,-9.274,0.0238
My Favourite Clothes,RINI,0,55,0.007406740981480041,-0.9999620842369241,-0.1643339967204838,295.32827785299554,6209.0952380952385,289.1226308880195,3.737662337662552,1,391.5869347922629,0.9857778792375299,0.746,0.339,0.291,119.924,0.482,-9.041,0.144
My Girl,The Temptations,0,65,-0.3283526639663408,-0.9994764268152774,-0.533499609086413,490.572667377311,19235.238095238095,39907.08461975233,-2236.2233766233753,1,62224.19727051527,14.259878587196468,0.572,0.418,0.694,104.566,0.635,-10.738,0.0349
My Head & My Heart,Ava Max,0,16,-0.08122054461163139,-0.9995472406033802,-0.3238246717713097,462.7115348720162,19543.809523809523,19675.76035831918,-880.2103896103896,5,28685.834185883457,2.3606183390650006,0.614,0.934,0.436,116.001,0.0697,-3.709,0.07
My Heart Goes (La Di Da) (feat. Topic),Becky Hill,1,9,-0.7129725720966504,-0.4635437493808112,-0.8801321553311917,488.3937350379018,51116.90476190476,42071.23686807862,1552.8000000000004,20,75481.99369020072,0.6405323195750706,0.695,0.781,0.456,124.04,0.0185,-5.578,0.0452
My Kind Of Woman,Mac DeMarco,0,127,-0.2649569919760833,-0.9993815158927117,-0.41511164414970564,117.96550969024952,1046.0833333333333,32.06622920699525,1.4860139860139903,1,52.20382811079555,1.0,0.501,0.765,0.46,91.771,0.00294,-7.063,0.0281
My Little Love,Adele,1,3,-0.3596970033775912,-0.5038579606525709,-0.6377294457462299,506.6338866535565,44794.52380952381,55814.63333009761,-898.401298701298,5,84955.24697192045,1.8190092620880312,0.339,0.492,0.102,151.865,0.829,-10.661,0.0559
My Oh My (feat. DaBaby),Camila Cabello,1,4,0.10753418282404839,-0.9115135872233773,-0.3741588635573357,539.3836899460507,50626.333333333336,128827.11077561916,6258.502597402597,17,177215.54772984792,0.16992698684976884,0.724,0.491,0.383,105.046,0.018,-6.024,0.0296
My Time,BTS,1,4,0.48181520755626356,0.41870978587379526,1.5581812761206297,524.2754754953045,46303.0,116249.62854584791,7603.996103896104,20,105448.64064301635,0.13365837621653345,0.674,0.641,0.664,99.91,0.149,-5.139,0.0339
My Way,Calvin Harris,1,4,0.01383675073201265,-0.9999999664370194,-0.2721411709605427,485.03994948785254,26460.04761904762,32522.757569894242,-279.92467532467595,4,44112.74549039087,1.307544342755325,0.818,0.913,0.536,119.986,0.093,-3.06,0.0426
Myself,Bazzi,0,114,0.2887863036145471,-0.9999999957311131,-0.3307241774416049,415.285635837541,9085.666666666666,6261.602893321389,-275.4233766233766,3,7615.485219439403,1.583355815752082,0.745,0.561,0.902,195.918,0.465,-5.513,0.072
Mystery of Love,Sufjan Stevens,0,42,-0.16970230641419448,-0.9851257162242749,-0.36415417122173116,369.4357892428387,3918.904761904762,2101.7696830179834,160.56103896103895,16,2960.755587261468,0.5702243257624555,0.365,0.273,0.238,132.285,0.94,-16.526,0.038
Más Fuerte,Greeicy,1,2,-0.032988585400194594,-0.9999999998998519,-0.384295604706457,482.1132385016769,24912.190476190477,30991.11721986072,-639.8519480519477,12,45966.79436449207,1.7820200447112609,0.82,0.809,0.553,92.007,0.111,-4.319,0.0715
Más que Ayer,Tierra Adentro,0,128,-0.9214111183528335,0.4499478165855873,-0.44121621621621626,156.7094188333939,2935.6363636363635,978.2175137116649,283.8727272727272,9,592.0831107201083,1.0,0.558,0.721,0.552,162.063,0.22,-6.96,0.113
NDA,Billie Eilish,1,5,-0.12447684071657839,-0.9999965753997012,-0.6411177659463819,486.8629738241864,35474.52380952381,34635.27475829759,194.85974025974014,3,53624.95440452607,1.1398400431495825,0.765,0.373,0.554,85.016,0.341,-9.921,0.0713
NERDESİN,Ati242,0,21,0.6050812491780553,-0.9991313603042097,0.08524520612423706,412.3493188714931,66527.90476190476,16430.40122660187,-2482.0935064935047,4,6403.06715879195,1.7941765306092095,0.662,0.679,0.319,160.133,0.022,-4.951,0.13
NFWMB,Hozier,0,19,-0.0359285117081074,-0.9999999999487386,-0.4543788362130109,505.8019983806781,22191.04761904762,59476.95923751138,-3490.140259740259,2,83822.28021600223,10.096892678087883,0.379,0.373,0.352,176.002,0.895,-12.176,0.0309
NO BYSTANDERS,Travis Scott,1,6,0.053888652839437425,-0.8696403852553246,-0.4664825759219363,598.0591742397321,154759.61904761905,535037.9729409044,20011.309090909093,16,767095.3086720369,0.0914357482877418,0.731,0.811,0.426,147.045,0.0204,-3.225,0.0712
NUMB,XXXTENTACION,1,8,0.9999671218253374,-0.9999999999891357,-0.450856658037796,570.5466962388637,64501.619047619046,195727.56285799676,-11365.528571428564,1,273617.6241617122,8.418829505034063,0.414,0.416,0.196,159.91,0.1,-8.024,0.0251
NUNU NANA,Jessi,0,16,-0.3082300886849608,-0.9908374634778236,-0.6766129999121079,410.47204192856617,14432.238095238095,7410.863338336576,842.135064935065,14,8955.79628215716,0.38182248200831165,0.743,0.689,0.504,104.936,0.0198,-2.846,0.0289
Na Hora da Raiva - Ao Vivo,Henrique & Juliano,0,31,0.6176265053867838,-0.9993580473133953,0.03959199038301077,415.3815753675791,100090.04761904762,8434.194078845778,-858.9337662337657,0,6723.572431936761,1.1628801384787453,0.556,0.874,0.48,117.849,0.316,-2.651,0.0497
Na Ja,Pav Dharia,0,50,0.622176730314677,-0.9999999296709438,0.01598697973821601,441.01717097087703,62920.23809523809,27749.595535284512,4009.4909090909096,20,12997.200849702218,0.4172227193733302,0.772,0.649,0.824,90.072,0.0724,-6.411,0.143
Nada Nada - Ao Vivo,Henrique & Juliano,0,38,0.8343079608117506,-0.9999992445499702,0.15189419002267338,414.2111467100077,81642.19047619047,12331.399841824808,-1604.2766233766226,0,6330.959537068611,1.3587681029502579,0.607,0.948,0.883,169.863,0.295,-3.282,0.0509
Naina Da Kya Kasoor,Amit Trivedi,0,77,-0.7959332718543469,0.9999488965641111,-0.07430196976870547,317.6419561444916,7127.190476190476,758.6156953574256,45.33246753246749,4,569.4049437790297,0.9153306213607721,0.845,0.659,0.547,125.965,0.159,-6.348,0.0373
Naive,The Kooks,0,44,-0.21566995148043708,-0.9993419978239664,-0.5473486327405824,436.0757078625948,43463.80952380953,9960.94416838201,66.58181818181845,19,16049.291388095613,0.9960507709918525,0.564,0.818,0.712,103.342,0.0767,-6.202,0.0661
Namo Namo,Amit Trivedi,1,3,0.3519584404547961,-0.9220103469038894,-0.3165392465841688,439.90899061495736,20004.285714285714,11399.12758626252,482.51038961038955,9,13327.26454031359,0.6142785669226252,0.648,0.711,0.33,119.935,0.436,-6.216,0.0304
Nangangamba,Zack Tabudlo,1,4,0.5979789141215565,0.2080621565162209,0.6504721160471713,440.02654418199785,159942.52380952382,40264.739084995526,4378.097402597405,9,15068.81881369605,0.6723446487230423,0.62,0.547,0.208,98.032,0.112,-6.772,0.0248
Natural,Imagine Dragons,1,2,-0.48645483162897357,-0.630750731148097,-0.7605832187710856,436.9930742484012,10110.047619047618,12371.832891409847,1083.6999999999998,17,17711.574710552984,0.19823136788628873,0.704,0.611,0.22,100.0,0.217,-6.112,0.0409
Nazm Nazm,Arko,0,104,0.9999764315536491,-0.9999840807437269,0.02381468145534203,402.06810984280014,41621.52380952381,5480.502354616492,529.479220779221,16,4592.500794501837,0.8615241013943797,0.62,0.627,0.557,82.008,0.497,-6.187,0.0307
Need To Know,Doja Cat,1,3,0.11983010491571854,-0.8687196743656874,-0.4211275255725792,556.7287774821672,63536.42857142857,190296.9137115725,6716.3545454545465,16,265265.53670261713,0.14283518158767167,0.664,0.609,0.194,130.041,0.304,-6.509,0.0707
Need to Know,Doja Cat,1,6,0.00024169237227084818,-0.9980140732535514,-0.4879972531343855,484.1822574844505,29633.95238095238,33516.56673302266,-1433.4220779220782,1,47963.05209937645,1.9915919365051316,0.664,0.609,0.194,130.041,0.304,-6.509,0.0707
Needed Time,Yxng Bane,0,59,-0.6853718929333494,-0.9685011019633788,-0.26438154706797623,461.4600434778601,71311.42857142857,20136.396025892136,-547.05974025974,1,27740.98693895911,1.172105403015373,0.767,0.499,0.609,104.058,0.197,-7.819,0.132
"Nefes Al Zombi, Pt. 2",No.1,0,60,0.38152701486192003,-0.19432708879837543,0.3240397964978691,335.4712150876896,10600.952380952382,2465.94449163554,-323.11168831168794,1,886.4078223368745,1.495361339740235,0.576,0.857,0.757,93.873,0.0459,-5.861,0.23
Negro,J Balvin,1,6,0.12227306626910361,-0.8628207146292064,-0.38158746494924006,543.7079686968361,74423.66666666667,133867.33281315476,2292.3610389610394,12,189984.23539062392,0.8671522351808996,0.791,0.907,0.828,164.107,0.0132,-2.223,0.0884
Nemáme čas nenávidět,Hasan,0,17,-0.3829254910859617,-0.9957591401372496,-0.7383356626461826,405.40147628252276,8416.714285714286,5181.365072411463,-286.43116883116903,7,8366.544124517603,1.7537462793800678,0.513,0.46,0.32,139.031,0.183,-13.51,0.139
Nero Forte,Slipknot,0,26,-0.019360073693440647,-0.9339846035793536,-0.4895782500179116,553.7763610110386,67399.33333333333,177637.77754888718,-2248.762337662337,11,266979.7291839027,3.011511645995672,0.336,0.978,0.496,129.842,0.000437,-2.358,0.0846
Nessuno Vuole Essere Robin,Cesare Cremonini,0,57,0.31067419881559344,0.49437205836595094,0.3871089149561932,390.28337330841924,25128.238095238095,5922.470510125876,-181.05194805194853,0,4181.889303592337,1.072206456093895,0.516,0.535,0.247,137.985,0.601,-8.312,0.0317
Never Be the Same,Camila Cabello,1,1,0.134867434193951,-0.8857662286526761,-0.39315624263062293,523.2130297099476,34837.380952380954,83359.44943120678,3265.388311688312,17,115072.62081854006,0.2173289049051247,0.637,0.713,0.243,129.923,0.181,-4.333,0.0747
Never Enough,Loren Allred,1,10,-0.4344051693259603,0.8798744593814904,-0.025148509492457168,502.61807307440586,27690.571428571428,53797.10588478,1749.4623376623376,12,60015.390929410765,0.24008805787487963,0.277,0.394,0.227,86.777,0.423,-8.903,0.0336
Never Forget You,Noisettes,0,121,-0.9999999958563089,0.9999953556188242,-0.06826918131717745,248.87137852100008,11055.166666666666,12504.590296056174,-1585.7972027972014,0,13755.007704784379,1.0,0.569,0.692,0.737,141.632,0.0167,-4.683,0.0323
Never Going Home,Kungs,1,5,-0.9080358214051466,0.33995331311456933,-0.8296209763260909,452.89808799833463,72645.90476190476,23591.6027693971,2662.090909090909,18,28343.0587620673,0.5342067400409389,0.839,0.842,0.96,122.028,0.0868,-4.703,0.0392
Never Not,Lauv,0,36,-0.6232238786627152,0.17596299517860603,-0.5255532291162361,413.4407400102602,7072.238095238095,5545.100865627001,189.5701298701299,16,7096.254691032446,0.5507741750983891,0.47,0.221,0.264,133.714,0.693,-9.243,0.0371
Never Tear Us Apart,Bishop Briggs,0,99,-0.26431394057960894,-0.9983476550119074,-0.6168635957901389,403.38516217016786,9017.857142857143,4622.809373465594,-206.2233766233768,3,7329.039087595317,1.3059390862944162,0.372,0.6,0.0753,188.96,0.00643,-6.027,0.0351
New,Daya,0,18,-0.08516418815616501,-0.9999999946298601,-0.45233959296455245,495.96661214792596,21534.571428571428,45855.43283237983,-2333.5545454545463,3,67211.99968776037,5.569595861398514,0.715,0.742,0.322,106.971,0.052,-4.331,0.0347
New Divide,Linkin Park,0,76,-0.20521806092792452,-0.9988668186942663,-0.5093309973606808,430.59282819857776,7593.0,9504.831498218357,-646.6896103896107,9,13985.514803806831,3.6802616390919582,0.493,0.808,0.38,117.971,0.000235,-3.365,0.0362
New Rules,Dua Lipa,1,1,-0.503277940902924,-0.9974112437522668,-0.7765578593192567,434.1147929619535,11763.47619047619,10677.805854597691,230.58181818181822,19,18509.161845961582,0.909130361405116,0.762,0.7,0.608,116.073,0.00261,-6.021,0.0694
Next Level,aespa,1,1,-0.853403381614529,-0.13512781769812637,-1.0983842032476379,544.4179836335651,70164.95238095238,166661.32714222354,9917.757142857141,19,253394.54659946807,0.17360911288234113,0.82,0.852,0.82,109.036,0.488,-2.567,0.166
Next To Me (feat. Tina Stachowiak),Axel Johansson,0,116,-0.41843800745559756,-0.9994434730663742,-0.6958442853693338,301.89510412136406,1815.2380952380952,374.9045471865256,9.796103896103917,6,625.5845666254883,0.9057713248638838,0.447,0.596,0.263,176.024,0.156,-6.724,0.0587
Night Changes,One Direction,0,60,0.09750946087802292,-0.413156192969674,-0.48813991862051914,557.1611106783567,74767.80952380953,205477.82430775696,12718.232467532465,20,222733.13947684123,0.029755499587670226,0.672,0.52,0.37,120.001,0.859,-7.747,0.0353
Nightmare,Halsey,1,1,0.049993305908558244,-0.8357284458378608,-0.46776724524069546,562.6587437224136,74935.66666666667,221148.45262108083,9227.510389610388,17,314619.4347660797,0.1685238265995102,0.611,0.622,0.538,146.11,0.0188,-5.075,0.0734
Nira Ishq,Guri,0,59,-0.02129376005466709,-0.16712588401803538,-0.12387922691563255,324.4851904600473,7244.285714285715,1542.3940618975653,205.72077922077926,14,672.7493794125713,0.6325794198895027,0.703,0.609,0.696,89.929,0.111,-7.3,0.0444
No Drama (feat. Craig David),James Hype,0,35,0.1513210043377308,-0.9999993114329098,-0.2419768734450657,367.47676221451223,11594.619047619048,3723.2318331587558,541.5116883116882,20,2281.29785648433,0.548047389205792,0.73,0.934,0.758,122.018,0.168,-3.995,0.078
No Guidance (feat. Drake),Chris Brown,1,1,0.029252400826819652,-0.9482460374028401,-0.45113386747905565,580.3793818114866,140394.7619047619,351060.49278014543,-3258.66363636363,13,514686.5421193248,3.5097120844173615,0.696,0.454,0.136,92.928,0.123,-6.756,0.153
No Money,Galantis,0,67,-0.05851012467906906,-0.9999733511671457,-0.5014604819092897,432.461717702723,9627.190476190477,9767.698898575993,-669.2727272727275,1,13517.934714297151,3.57151233240824,0.674,0.915,0.78,126.038,0.0282,-3.999,0.0411
No One,Alicia Keys,0,94,-0.11930308947807017,-0.9714949348536414,-0.4842295822087242,457.3207835189022,19725.333333333332,16669.156579724273,-337.1194805194803,11,25349.89994432917,1.4470160541785555,0.644,0.549,0.167,90.04,0.0209,-5.415,0.0285
No Promises (feat. Demi Lovato),Cheat Codes,1,8,0.19718824013786768,-0.8938697567731108,-0.35195941598750474,512.6296611788499,28665.714285714286,63949.83546659117,1678.1584415584414,14,85854.55636299975,0.2031421904979564,0.741,0.667,0.595,112.956,0.0575,-5.445,0.134
No Puedo Vivir Sin Ti,Los Ronaldos,0,150,-0.37622646278292493,-0.9862023715059411,-0.6970445699999213,383.22596807177024,37133.52380952381,2834.9550364965075,70.47012987013056,11,4824.736370777164,0.9740394678963096,0.593,0.804,0.596,128.425,0.412,-4.917,0.037
No Role Modelz,J. Cole,0,28,-0.17874659183946517,-0.9520467835836208,-0.6401740283049252,547.3531153365108,132485.19047619047,156550.55075525364,-654.5298701298716,19,248680.5467662479,1.3296648904966757,0.69,0.521,0.494,100.028,0.324,-8.492,0.339
No Sleep (feat. Bonn),Martin Garrix,1,10,0.15308749722431114,-0.9131706329337074,-0.48111626949525876,513.1359011723079,35960.80952380953,65092.03988757477,1756.6454545454549,15,88953.4107898483,0.31470923373637566,0.44,0.635,0.327,128.133,0.129,-6.385,0.0326
No Te Preocupes por Mi,Leiva,0,28,-0.14018918011789833,-0.49692365509422853,-0.4131448805609228,453.7771614623141,77751.76190476191,17839.788363320695,-1643.215584415585,0,19061.37298543838,1.297852040999247,0.481,0.598,0.408,76.732,0.119,-5.987,0.0309
No Tengo Nada,Alejandro Sanz,0,46,-0.2871976219598909,-0.7849402300969375,-0.6387521881196315,482.55879924690134,35377.23809523809,33831.418477229214,2426.741558441559,8,50315.63926693171,0.3306977292195406,0.534,0.614,0.238,147.739,0.557,-6.69,0.0406
No Termino,Morat,0,20,-0.1123910112980321,-0.9536742423181224,-0.47463678425083,495.1730685637971,24339.85714285714,42359.79594389193,-935.0220779220782,6,65576.76167124677,2.707728596952921,0.702,0.749,0.818,138.004,0.0443,-3.743,0.0327
No Vacancy,OneRepublic,1,7,0.33523987834358204,-0.9999999999994093,-0.48351642293075536,515.8562667710796,24192.14285714286,54346.01270631387,-2484.4506493506487,2,82113.22380340149,3.341716936469151,0.72,0.727,0.481,99.994,0.0556,-3.882,0.0489
No Way!,Bazzi,0,20,-0.028303539636790193,-0.9178559634332316,-0.4961031268429816,565.8107731218312,87368.76190476191,244560.61742933898,4342.5,18,368844.9866665399,0.6271791013682978,0.665,0.709,0.358,76.058,0.174,-4.117,0.0407
No me ama,Lucenzo,0,28,0.41222067364269566,-0.9850804211760267,-0.13889294622265935,434.0615393486413,69096.38095238095,13048.9612886244,1377.659740259742,16,11601.280642562697,0.75008861620024,0.799,0.675,0.678,96.797,0.418,-5.999,0.0772
No.1,DISH//,0,121,0.3335715341408999,-0.9854827967724226,-0.10884128845855527,367.53544644849904,29321.52380952381,1886.2054783548808,-67.65844155844144,6,2240.394342520977,1.04561764966828,0.495,0.878,0.621,90.492,0.0216,-4.3,0.058
Nobody,Mitski,0,157,-0.6621524172579102,-0.3370966072232126,-0.8416229353638911,518.0417756594944,38824.90476190476,77359.13019276655,4159.076623376624,18,115776.16563313021,0.33890206867220884,0.398,0.717,0.487,117.296,0.07,-5.253,0.0398
Nobody But Me,Eric Chou,0,50,0.1687630371227274,-0.9999936966548549,-0.49994603713036456,235.44239191331695,6091.642857142857,1344.515930264381,-5.589010989010964,2,1859.020235685021,1.0,0.641,0.593,0.395,138.091,0.0285,-6.412,0.0784
Nobody But You (Duet with Gwen Stefani),Blake Shelton,0,123,-0.788463334491951,-0.1386623048020198,-0.8603569281609841,314.2716995685855,85555.0,83155.61786378412,3341.4945054945088,4,147035.67364097585,1.0,0.463,0.653,0.233,143.912,0.111,-5.515,0.0273
Nobody Can Save Me,Linkin Park,0,17,0.1091518534708636,-0.9194581587165658,-0.42849187977646436,532.9390333853819,32907.04761904762,105571.19155043521,1136.3064935064945,11,148789.77031411632,0.46295199393897646,0.645,0.688,0.433,139.957,0.0107,-4.749,0.0341
Noise,Nightwish,0,18,0.0660405219782379,0.7956044976239323,0.2726988136748598,398.5930389193754,12715.047619047618,9378.268296216933,-1140.3597402597406,0,5108.3199124076,2.8886142784923887,0.5,0.85,0.434,76.976,0.000406,-7.759,0.0493
Nokta,Ersay Üner,1,10,0.8415742212164088,-0.7536870483659188,-0.0457047793124749,423.6150843785724,75658.47619047618,12914.482931665916,938.7051948051951,12,7838.51998211397,0.8446126048098677,0.76,0.57,0.305,108.015,0.476,-8.353,0.0559
Nonstop,OH MY GIRL,0,86,-0.255764590939748,-0.9990516175207186,-0.601682919781919,365.212118887114,5396.285714285715,1718.6872660165218,31.536363636363625,9,2779.7765179956464,0.8762654945923255,0.753,0.91,0.825,123.983,0.171,-2.591,0.0517
Not Afraid,Eminem,0,76,0.6670848061732936,-0.9999999902784966,0.06447456954292705,202.84712694856466,4824.090909090909,5959.746600082094,-1353.8636363636363,0,4296.519200469143,1.0,0.855,0.954,0.668,114.635,0.529,-1.19,0.264
Not Allowed,TV Girl,0,89,-0.1051825735740155,-0.883081957941103,-0.6359875068669697,528.0749854494188,81646.85714285714,102944.82731993857,8089.951948051948,9,142644.5504011282,0.00862584624642696,0.67,0.905,0.563,104.965,0.669,-6.855,0.129
Not For Sale,ENHYPEN,0,61,-0.17948774929068811,-0.9575714281617383,-0.6342619499949866,388.8411883421671,23847.277777777777,16028.190515482938,-190.06707946336417,2,25380.080016288717,1.0,0.583,0.589,0.56,192.13,0.0612,-6.621,0.203
Not In The Mood (feat. Fivio Foreign & Kay Flock),Lil Tjay,0,15,0.015514345237170893,-0.943841932248945,-0.46230964556043397,569.0629639590227,102185.23809523809,263867.0409277956,-3811.5662337662307,12,389078.84178804624,4.7972014081998875,0.545,0.82,0.357,141.908,0.0951,-4.489,0.275
Not Shy,ITZY,1,1,0.772563538361859,-0.999999999999919,-0.007295154770300667,542.4489518850962,55705.47619047619,148158.03364831468,-8575.597402597412,0,156884.3126005513,4.790788138117148,0.776,0.911,0.56,101.027,0.155,-3.08,0.131
Not Today,BTS,0,15,-0.028130638074091097,-0.9146713907164256,-0.5093779713146293,522.7433832605783,28421.761904761905,81598.85168887679,-108.88571428571451,9,122940.10932371706,0.5462584537537098,0.593,0.945,0.674,110.023,0.00174,-3.408,0.126
Not With Me,Wiktoria,1,5,-0.7111378346452863,0.6261211192027486,-0.029418788082524797,482.1231713030261,138737.0,40637.2703034331,4352.629870129874,14,31928.947800702736,0.6089805679821058,0.559,0.469,0.121,157.881,0.234,-5.578,0.0448
Nothing Breaks Like a Heart (feat. Miley Cyrus),Mark Ronson,1,3,0.0008698004857760306,-0.7448486833980899,-0.8918783942370283,542.0977153373626,55914.19047619047,137253.1561429529,8310.66883116883,19,183933.1511005833,0.217500604528532,0.601,0.794,0.244,114.066,0.00987,-5.844,0.0671
Nothing Else Matters,Metallica,0,12,0.14554792839018385,-0.9995788505857082,-0.33129948058507924,363.81973597371484,2999.809523809524,1618.61426973662,-27.91168831168831,2,2120.0992777462097,1.1631482439230805,0.553,0.362,0.158,142.352,0.0458,-11.218,0.0263
Nothing's Gonna Change My Love for You,George Benson,0,100,-0.3814307092256934,-0.10564071160633635,-0.40676538788680217,361.8718545514594,38328.333333333336,3246.2192710221466,458.67142857142903,19,1911.2075763767787,0.84010164756095,0.553,0.614,0.345,136.628,0.764,-5.098,0.0306
Notion,The Rare Occasions,0,59,0.30587467089606657,-0.6211270640598427,-0.2623239226725124,445.94089283907095,227794.42857142858,16224.403913245505,964.1714285714311,18,14334.95397228397,0.9438880795950081,0.309,0.883,0.312,159.488,0.0673,-3.825,0.0808
November Rain,Guns N' Roses,0,16,0.12273681828029247,-0.9856613044253283,-0.2663929653862676,395.54003972856555,4291.9047619047615,3941.7005262384855,298.05974025974024,17,4682.095978031633,0.29445497955173755,0.294,0.641,0.226,79.759,0.0163,-9.316,0.0291
Now Or Never,Halsey,1,10,-0.12026077573790135,-0.922350884951272,-0.6300727287835838,550.359477074024,80563.38095238095,162400.243621233,1216.5987012987,19,256587.88721708494,1.3879718174133269,0.67,0.585,0.447,110.03,0.107,-4.861,0.0354
Numb,Linkin Park,1,2,-0.12703722781064192,-0.9981732228546879,-0.9706701823981176,345.90176706651584,1320.857142857143,1102.959105821991,65.74415584415586,19,1600.3393163638766,0.5649340574088441,0.496,0.863,0.243,110.018,0.0046,-4.153,0.0381
Não Era Você,João Bosco & Vinicius,0,176,0.23447687388757188,-0.9994414547223331,-0.18286330682308172,397.3352031947151,49154.80952380953,4113.931251816345,-266.32337662337613,17,4882.768396104816,1.1075830192483676,0.671,0.625,0.683,154.955,0.37,-4.128,0.0436
När jag såg dig,Lars Winnerbäck,0,66,0.10338023815951557,-0.9999999182646664,-0.36764172065285877,235.57677823724177,25720.583333333332,7581.91375861369,-1148.6748251748252,2,9281.371933890303,1.0,0.516,0.541,0.205,101.157,0.478,-9.045,0.0279
När jag var han,Glenmark Eriksson Strömstedt,0,26,0.7182877514930763,-0.9868478924448162,-0.06531671504634202,429.40798259277636,55806.90476190476,11918.064084184949,-1143.9103896103886,5,9441.26340539231,1.452504934421039,0.702,0.76,0.761,151.006,0.0569,-5.426,0.156
Når vi to blir en,Rotlaus,0,31,0.06330586759601387,-0.9968561453792485,-0.10220681074373067,390.44727271554785,24570.904761904763,8209.093754894264,-1254.4766233766236,0,4176.861391942519,2.1106257389640515,0.558,0.898,0.737,87.015,0.0096,-5.324,0.0301
Nóttin læðist inn,Hafdís Huld,0,37,-0.11393233652592177,-0.9995785294782483,-0.8054892330081636,214.08395303789862,1067.3809523809523,45.25428281807905,4.049350649350664,16,57.87268353895472,0.9477890937217996,0.716,0.124,0.496,120.015,0.926,-12.602,0.0394
O Come All Ye Faithful - Remastered 1999,Nat King Cole,0,65,-0.1248416728907141,-0.9999999793789939,-0.7603751114833666,239.79628560795265,42074.36363636364,24874.100138215057,3620.618181818181,9,33186.63757839893,1.0,0.257,0.217,0.203,92.202,0.636,-11.745,0.0279
O Sanam,Lucky Ali,0,49,-0.29889344549530583,0.7429530689441137,0.336050867098581,413.8385785678688,49637.09523809524,11618.850774679182,722.4441558441567,16,6740.470961846806,0.8095515721422274,0.76,0.555,0.52,98.066,0.409,-10.165,0.0465
O Tannenbaum,Vince Guaraldi Trio,0,26,-0.24834506373296844,-0.917938185058058,-0.6443788041754215,543.8270985552708,179864.85714285713,156708.16607290116,-11390.546753246746,16,232563.10606932046,1.948729333716405,0.577,0.191,0.343,123.338,0.908,-15.938,0.0405
ODD FUTURE,UVERworld,0,99,0.4718155221166678,-0.9999280557001221,-0.1420189739892915,235.03261170024328,5521.3125,511.0896103852533,-48.18088235294112,0,518.5974246840115,1.0,0.699,0.8,0.561,128.021,0.016,-4.717,0.0901
OMG What's Happening,Ava Max,0,27,-0.2112284476911828,-0.7772859687365701,-0.5623354966572072,464.326591013438,18968.238095238095,19002.90842628034,-101.96233766233759,7,30642.177034726174,0.8150338553683596,0.698,0.854,0.931,124.042,0.101,-3.84,0.0451
ON,BTS,1,1,0.05469098178015226,-0.9999995077134607,-0.3672603759865966,478.3914051279744,26264.85714285714,29127.656143400265,-1295.646753246753,3,40257.61052695502,2.4131970668935647,0.583,0.817,0.437,105.935,0.118,-5.146,0.099
ON (Feat. Sia),BTS,1,1,0.11980906696631678,-0.8618869170592182,-0.4190463786871608,482.75684504059814,22751.619047619046,29446.717615569065,-539.9506493506487,11,42396.22421631436,1.7550705588111797,0.591,0.848,0.385,105.924,0.137,-4.396,0.0828
ONLY,LeeHi,1,1,-0.15470932139808777,-0.9983554062952297,-0.6014909987562995,403.2039185723853,4574.047619047619,5238.933856245312,489.66103896103897,19,6578.68331260139,0.20346789487943648,0.536,0.296,0.151,122.907,0.892,-7.451,0.0346
Obey (with YUNGBLUD),Bring Me The Horizon,0,22,0.012930428429208328,-0.8942357542180438,-0.4836943557892604,549.602891432903,68712.47619047618,157506.2726383934,2643.2103896103886,9,234698.80231379002,0.46235045742434905,0.462,0.99,0.204,137.061,0.000103,-3.175,0.211
Ocean (feat. Khalid),Martin Garrix,1,2,-0.1335844967610402,-0.7174930463307599,-0.9253402939992512,544.1481773192182,63089.857142857145,142061.0356117216,7038.50779220779,19,205453.01288987588,0.3697553275065683,0.506,0.693,0.221,139.912,0.584,-7.265,0.0412
Ocean Drive,Duke Dumont,0,45,-0.15602676433904103,-0.9969991415763484,-0.35203336652218103,373.2130881250528,4628.571428571428,2243.729666498736,-154.1883116883117,0,3077.3837796901444,1.4202199078274123,0.686,0.718,0.557,115.026,0.00637,-5.054,0.0431
Oceans (Where Feet May Fail),Hillsong UNITED,0,93,-0.009567283891802577,-0.48074287486519585,-0.39229467698795184,423.7791631558352,20037.095238095237,7629.743638611307,416.1246753246753,5,8574.897714258756,0.754165119367569,0.264,0.363,0.0613,124.328,0.501,-10.196,0.0338
Oddloop,frederic,0,109,0.009639699596490586,0.009614257210885206,0.017365896456346116,323.5149826367675,20093.21052631579,1571.5547306626468,-78.37017543859695,3,1544.060124045261,1.0,0.424,0.899,0.74,171.832,0.0034,-3.937,0.0572
Ode To My Family,The Cranberries,1,10,-0.23360581839164027,-0.9140292123340884,-0.596860544225947,469.8240127966987,20427.14285714286,22665.106656300926,113.86363636363674,12,37431.210280025676,1.1022652497203396,0.365,0.517,0.0777,93.862,0.0622,-6.635,0.0243
Officially Missing You,Tamia,0,157,-0.5298218400380342,-0.006867287168892102,-0.4645851562386584,206.4464139130194,5020.933333333333,378.211486986962,63.23214285714288,8,334.3985462813828,1.0,0.475,0.407,0.226,178.261,0.247,-9.239,0.0368
Oh Child,Robin Schulz,0,36,-0.010865821019506896,0.7222170075122458,0.38795736812587145,375.3500651991885,27496.761904761905,4403.1062185554965,482.59740259740323,15,2881.8303536988433,0.749193885610742,0.716,0.628,0.688,97.012,0.0212,-6.231,0.0473
Oh Meu Deus,Projota,0,52,0.2655200010641302,-0.9831105011478777,-0.2872119568455771,404.8177138616479,43107.0,5437.922826472132,476.515584415585,16,5903.285916335071,0.8390581596681573,0.727,0.796,0.422,149.966,0.00149,-4.224,0.0445
Oh My God,Adele,1,2,-0.28963350228653917,-0.7031889785363469,-0.6819723887933296,516.0029371374097,58753.28571428572,69277.45481629019,293.4805194805199,11,111228.67337881,1.4989534088668712,0.534,0.725,0.55,88.098,0.091,-3.906,0.046
Oh My God,Alec Benjamin,0,79,-0.03590015152356755,-0.9410508985153867,-0.49387874806856064,553.4632749273089,61358.380952380954,177801.1086704082,1003.0064935064926,14,269376.28550064965,0.4301514270841358,0.696,0.565,0.6,156.109,0.652,-7.241,0.0598
Oh Nanana,Bonde R300,0,55,-0.6387562826466169,0.9997308987256425,0.05683366768245929,418.2310405850607,60331.71428571428,15941.994083142132,2289.355844155844,17,7371.417883284056,0.559690349978804,0.606,0.536,0.614,172.335,0.0506,-2.431,0.53
Oh my god,(G)I-DLE,0,23,-0.17073772070289672,-0.99242312070978,-0.5394502382722216,411.9420696815092,9214.333333333334,5399.25139725811,46.18311688311708,7,8443.347614542468,0.746437486627202,0.794,0.762,0.482,109.97,0.0358,-3.525,0.0392
Oitava Dose - Ao Vivo,Matheus & Kauan,0,45,0.7250951292880927,-0.999998792005681,-0.10459809094550261,422.44091946866854,62916.90476190476,10704.24015187556,1031.5116883116893,18,7914.431302847982,0.7989153791492385,0.519,0.807,0.569,106.252,0.319,-4.945,0.0702
Ojalá,Beret,0,73,-0.053313267021093326,-0.4186577865271955,-0.2517460208203524,346.4912455175807,21916.0,2063.4775547719482,285.05714285714254,16,1241.3643461933325,0.8376176080358171,0.615,0.622,0.449,77.28,0.328,-7.198,0.209
Old Town Road,Lil Nas X,1,1,-0.40025102237746474,-0.7100810212601784,-0.6807993986262234,562.0694273382892,174167.47619047618,222964.19940400403,5444.2805194805205,20,363361.6653632129,0.5432263248521965,0.907,0.53,0.507,135.998,0.0578,-6.112,0.127
Olha A Explosão,MC Kevinho,0,35,-0.1742896290452944,-0.9259302288105136,-0.5911788978496827,459.00228384533614,10790.952380952382,16798.556373564592,342.61558441558407,19,26428.10578886614,0.6079519626187984,0.778,0.635,0.379,90.008,0.107,-2.892,0.112
Olha a Explosão,MC Kevinho,1,1,0.2157313830663144,-0.8162892161637286,-0.041897017193243645,515.826231450299,97363.57142857143,63217.331219615815,1782.3714285714311,20,86443.56260895023,0.9236035016825893,0.778,0.635,0.379,90.008,0.107,-2.892,0.112
On Melancholy Hill,Gorillaz,0,55,-0.35010982938187624,0.9999999955807515,-0.055453908968965904,444.0378233840377,6936.238095238095,13401.476158581372,-956.7987012987012,2,14980.711722995675,10.37262537993921,0.689,0.739,0.578,120.423,1.51e-05,-5.81,0.026
On My Knees,RÜFÜS DU SOL,0,34,-0.45317665499001275,0.9999998646380323,0.14692697530099744,407.69220720689924,45180.857142857145,5797.203515371825,-193.76753246753177,0,5872.9433855606,1.010133531396832,0.683,0.571,0.29,120.044,0.0335,-7.721,0.0286
On My Mind,Disciples,0,17,-0.46701701667260054,-0.9305301683842769,-0.8271146390312213,471.7406013903406,37869.333333333336,26089.541167246698,-127.43246753246751,19,44950.3957681131,1.1151308885441145,0.741,0.893,0.733,122.056,0.0435,-2.549,0.0384
On My Own,Darci,0,69,0.6702013263423034,-0.30086174002779337,0.3569901078579368,282.97202017987223,3287.6190476190477,416.99908372520963,-28.199999999999967,4,256.5697712124326,1.1643791302740423,0.767,0.593,0.579,130.007,0.0324,-5.901,0.0413
On The Ground,ROSÉ,1,1,0.004489440602856052,-0.9421139325652502,-0.4277343322005507,523.2164497364022,56652.47619047619,84602.50860663144,2827.466233766233,9,123746.82018438898,0.3857876219768548,0.311,0.607,0.286,188.7,0.0174,-6.578,0.11
On Top Of The World,Imagine Dragons,0,66,0.2297950259435846,-0.9982583682149833,-0.2556526742499955,368.6423440484029,11689.42857142857,1983.4740703510854,121.75584415584403,13,2352.078253375087,0.8874362818590704,0.631,0.924,0.755,100.045,0.0841,-5.589,0.146
On the Low,Burna Boy,0,83,-0.7802112902256398,-0.9958328657781231,-0.8762869597898217,431.46509861733597,15444.333333333334,13334.95896875625,-28.132467532467455,8,25164.037949969395,1.0381280977984835,0.816,0.781,0.937,99.95,0.692,-4.237,0.0425
One Call Away,Charlie Puth,0,42,-0.10754167081424637,-0.9998285253792253,-0.4683498187947625,427.9303215896347,7688.428571428572,7936.2286987701955,34.118181818181874,14,12329.92228797489,0.8130171788047424,0.667,0.613,0.47,91.024,0.403,-5.353,0.0344
One Kiss (with Dua Lipa),Calvin Harris,1,1,0.2522665778968542,-0.999094272477798,-0.2234662031407675,483.8572885474213,24611.095238095237,33424.893954890744,-884.3051948051946,4,42415.149081990734,1.7063086602709097,0.791,0.862,0.592,123.994,0.037,-3.24,0.11
One Last Kiss,Hikaru Utada,1,5,-0.326236014096453,-0.9999446312705179,-0.5430478790976975,526.951371472906,65641.28571428571,99393.10603866652,257.2558441558441,18,168402.83463050734,0.9758604066845858,0.592,0.54,0.354,111.955,0.692,-11.249,0.0587
One Last Time,Ariana Grande,1,5,-0.6308007483791043,-0.957911019413776,-0.8605703541098896,455.6954796985368,19308.0,20284.15881796386,-263.3103896103895,19,37087.87458739042,1.1081846479024413,0.628,0.593,0.104,125.026,0.093,-5.036,0.0323
One Minute (feat. Kanye West & Travis Barker),XXXTENTACION,1,3,0.08161504536833869,-0.898780944997965,-0.44297204677054824,578.0471903749719,104998.61904761905,323853.10821603704,7212.227272727271,14,463430.93714801775,0.11966512589544219,0.568,0.636,0.879,113.497,0.00671,-4.265,0.204
One More Dance (with Alida),R3HAB,0,43,-0.9999999999022595,0.9999971992977473,-0.45064208436739656,463.17216736715574,18541.428571428572,15144.147162931198,-955.0545454545452,1,21514.029911838927,1.8529924637216388,0.726,0.761,0.558,123.954,0.162,-5.036,0.0432
One Night in Tokyo,Beast In Black,0,43,-0.6362668771415129,0.9999975666129858,0.17225916847813222,363.0319516381129,8035.238095238095,3228.2355331661242,-422.4467532467533,0,1857.1711148949091,1.9612620294798393,0.469,0.977,0.727,127.971,1.25e-05,-5.458,0.0558
One Step Closer,Linkin Park,0,11,-0.08512379721794841,-0.8514766770084503,-0.4933782582268129,537.3666416051739,51380.42857142857,118948.59996156459,-2748.8376623376607,5,182606.22039530857,4.473103922165742,0.492,0.969,0.538,95.136,0.0014,-4.419,0.0491
One Take,Lil Tjay,0,47,-0.9855220343510106,0.010485583663121413,-0.7062431125411311,467.1864580202651,75439.44444444444,80644.39503236293,-8187.221878224967,1,117539.9711221588,1.0,0.76,0.615,0.351,148.014,0.072,-9.36,0.33
One Way Ticket,ONE OK ROCK,0,52,0.14285137899778744,0.23700246535002106,0.30972996491991406,257.75149677384934,2489.095238095238,436.30722080857794,-67.28831168831168,2,129.40019319923752,1.4746326587191572,0.724,0.745,0.528,97.963,0.467,-4.781,0.0319
Only Love,Ben Howard,0,78,0.2826118907490144,-0.8133255038665723,-0.2792852595504147,281.5608652921277,34237.166666666664,49403.52327151262,4182.433566433566,7,64261.390319679376,1.0,0.545,0.485,0.341,80.401,0.3,-9.941,0.151
Only The Team (with Lil Mosey & Lil Tjay),Rvssian,0,103,0.35838534621588475,0.047165548860301255,0.3574374369443668,245.03248962879908,34200.78571428572,5011.032716182669,-1109.646153846154,0,2322.393141852913,1.0,0.764,0.774,0.597,149.952,0.0178,-2.871,0.202
Ophelia,The Lumineers,0,14,-0.023539250586976472,-0.8906053885604223,-0.48971905445403835,496.79947076714717,21319.285714285714,41941.7179816433,119.64545454545485,13,63311.71238522932,1.313953488372093,0.664,0.573,0.566,76.023,0.613,-6.519,0.0277
Optimista,Caloncho,0,94,-0.04185669674906498,-0.9842158792515965,-0.3535272514636856,388.7884455999158,43311.71428571428,3046.9653778153506,103.26623376623351,19,4395.133586991412,0.9628569200070197,0.885,0.479,0.869,122.955,0.0385,-11.416,0.069
Oslagbara,Magnus Uggla,0,22,0.5546723895268616,-0.9977569829085194,0.04642075075885204,416.63086775982237,42123.71428571428,14317.41347398454,-2077.662337662338,0,7103.424992741177,2.113272190860686,0.775,0.628,0.383,115.062,0.0287,-4.407,0.0295
Otherside,Red Hot Chili Peppers,0,33,0.49118958908039295,-0.9527445049132478,-0.27872400213937765,448.90796775812987,14704.047619047618,17105.001506037406,1428.333766233766,16,16050.889864038692,0.2752334430229814,0.458,0.795,0.513,123.229,0.00316,-3.265,0.0574
Otras Se Pierden,Morat,0,30,-0.10847416781163918,-0.9314075128087342,-0.5362079570405452,483.48448302264364,18066.285714285714,30631.577956560508,-83.92597402597386,5,47804.13570798556,1.2203728862157717,0.624,0.903,0.68,201.819,0.11,-4.523,0.0521
Out Of Love,Alessia Cara,0,37,0.2518027804566932,-0.9466125839888262,-0.18830286070110053,438.4316392216982,8156.0,10252.979371870402,2.5246753246755724,18,13314.865460360463,0.847845607833635,0.481,0.267,0.137,117.64,0.8,-9.249,0.0339
Out of My League,Stephen Speaks,0,60,0.34431041959164516,-0.9996898981424867,-0.01905009001023826,361.556129175303,20071.190476190477,1695.268418669406,-99.46363636363614,20,1876.6118378609892,1.0486844018025876,0.538,0.315,0.4,91.921,0.96,-10.057,0.0291
Output Nr.1 – Varoş,Vio,0,16,0.2942759872553009,-0.7048252170254313,-0.05235975810084583,402.8636769751347,34309.42857142857,13417.117019018684,-2094.718181818181,1,4997.115106488943,2.423296766942696,0.858,0.784,0.443,130.014,0.612,-4.183,0.28
Outro : Ego,BTS,0,14,0.1242864107900263,-0.9092766034314737,-0.4372072914867533,520.1178049935329,30791.380952380954,76259.05030535015,612.9623376623375,13,107306.78456108915,3.520506906333678,0.808,0.903,0.473,116.988,0.0121,-3.106,0.0957
Outside (feat. Ellie Goulding),Calvin Harris,0,62,-0.6783769751438332,-0.9993984381675665,-0.8288888306468031,371.20772682904266,7002.857142857143,2652.373928348398,-90.96493506493498,11,4837.442229887609,1.1616983830161698,0.646,0.823,0.418,128.035,0.213,-4.123,0.0394
Over Now (with The Weeknd),Calvin Harris,1,4,-0.065211299618967,-0.9991359040789487,-0.5009004591842866,485.81812890925414,31662.04761904762,33536.11932497087,-272.24545454545347,16,50958.666298555145,1.0713874433713213,0.612,0.884,0.679,178.043,0.0759,-4.113,0.0454
Overpass Graffiti,Ed Sheeran,1,3,0.16491474307241938,-0.9999936590505396,-0.40640648073195423,491.9802941581465,35307.80952380953,39933.788883981266,-440.6987012987004,2,53789.565103837755,1.0067073692243926,0.52,0.849,0.774,175.908,0.00253,-3.794,0.186
Overwhelmed,Royal & the Serpent,0,118,0.0391619773195686,-0.9983520678289051,-0.34810879028745634,337.0850395401346,2863.4285714285716,835.8242337117679,27.318181818181834,12,1191.928910422094,0.9842643189637724,0.804,0.323,0.456,87.019,0.308,-11.127,0.305
Oxytocin,Billie Eilish,1,8,0.7751184520499881,0.4060539138984356,2.530098762554071,540.882562347937,74885.38095238095,203426.8510835274,13633.179220779219,20,173600.13226864202,0.16007080237793206,0.757,0.598,0.18,124.951,0.0904,-7.777,0.058
Oz.,yama,0,75,0.38760312823110105,-0.9988764167901969,0.03540064495599589,351.78225176515497,40360.28571428572,4265.769445948339,672.042857142857,20,1504.9822623539455,0.7792897927902536,0.403,0.723,0.441,75.989,0.0422,-4.609,0.0339
PARA,Lani Mo,0,126,0.2631704195260302,-0.9999783967521134,-0.06080095974507233,264.80131250728044,18717.733333333334,2370.829150787172,-258.4785714285712,0,2664.9802666114756,1.0,0.468,0.713,0.946,100.147,0.629,-5.586,0.0388
PILLOWTALK,ZAYN,0,58,-0.015797394234841108,-0.9330423108658091,-0.5150198561946466,531.7190910055932,39620.80952380953,102768.21229192422,192.18831168831318,14,154318.2611440639,0.46113052331651216,0.584,0.7,0.438,124.944,0.117,-4.275,0.0456
PING PONG,HyunA&DAWN,0,51,-0.33932043144115,-0.9999993156894881,-0.5759941148278044,380.3752494201196,6687.619047619048,2684.0819566684954,128.22077922077924,18,4375.923889591774,0.7851658976469913,0.855,0.87,0.863,103.028,0.0122,-2.059,0.0826
PLAYING WITH FIRE,BLACKPINK,0,55,-0.2151137055648385,-0.9993989009759524,-0.543950325210973,371.29070579962405,5207.619047619048,1977.743843883262,36.58051948051955,12,3074.155468986564,0.8538880888706026,0.706,0.756,0.676,97.098,0.0392,-4.405,0.0845
PPP,Kevin Roldan,1,4,-0.31461421776856446,-0.9442027040091309,-0.4881974446370556,456.0455901873797,16346.619047619048,16563.246905282536,-227.62987012986977,17,28119.647338249106,0.9523546026659618,0.798,0.625,0.774,92.994,0.383,-6.83,0.13
PROBLEMA,Daddy Yankee,0,12,-0.009928576922289508,-0.8916148655858164,-0.5009059833199674,551.6996724256934,70025.38095238095,173808.33464192026,8106.85064935065,17,251807.34405304783,0.24757270975283,0.773,0.8,0.842,89.988,0.0613,-3.17,0.0987
PTT (Paint The Town),LOONA,0,56,0.13155577899522028,-0.9407143016185241,-0.384603857757965,412.78789289575803,8131.809523809524,5320.011382184812,-21.428571428571257,6,7318.759624929624,1.3137210499227996,0.781,0.814,0.546,124.028,0.0735,-2.437,0.1
PUNANI,6ix9ine,1,9,-0.26108515541761707,-0.9260781465790205,-0.6658865630587657,438.7676815631633,11730.666666666666,10433.754277222572,110.21038961038984,12,17366.112766750655,0.9817511792452832,0.841,0.541,0.42,97.961,0.0186,-7.121,0.229
PUPPE,Rammstein,1,8,0.8146462063086801,0.4388154241141873,1.5283941473282159,521.2812313251935,79253.09523809524,216699.10847024832,16690.820779220776,20,143869.95323384937,0.10022404407169964,0.581,0.822,0.3,116.929,0.0229,-7.341,0.0574
Pa Callar Tus Penas,Cami,0,33,0.4638561621207289,-0.9894324313304058,-0.0545352890882484,395.3505322775518,38756.90476190476,5538.459506506788,-638.0779220779228,3,4335.373281218123,1.2921097222563298,0.425,0.485,0.305,171.877,0.395,-7.383,0.0574
Paagal,Badshah,0,11,0.6833550601766628,-0.9999885694732059,0.0004982781653197614,394.0666774877324,46150.95238095238,9493.438523408282,1435.005194805195,15,3867.9021497447425,0.6326672192820251,0.687,0.854,0.721,214.016,0.0619,-5.368,0.308
"Pachtaoge (From ""Jaani Ve"")",Arijit Singh,0,86,-0.571310206450227,0.8054895924088608,0.14709189247420107,310.2432145252911,28637.85714285714,664.7912157544033,27.546753246753063,10,480.6647584335677,0.9805139100856849,0.515,0.691,0.484,169.521,0.624,-4.028,0.0344
Pain = BESTFRIEND - feat. Travis Barker,XXXTENTACION,0,35,-0.6906699456792018,0.1541308483490968,-0.45480531182794925,566.3506221874766,94740.0,252771.42356287033,6457.474025974018,20,285673.0457392288,0.6233737581617341,0.671,0.628,0.595,135.005,0.536,-5.117,0.0273
Painkiller,Ruel,0,21,-0.13931391851350042,-0.8039310584621941,-0.44006869627057515,468.45305308390687,20816.04761904762,20668.24255545366,-394.0558441558443,5,32940.60177880787,1.2012378840851596,0.683,0.42,0.469,128.621,0.0875,-6.51,0.0542
"Paint It, Black",The Rolling Stones,0,66,-0.005750639266272161,-0.7888961890866977,-0.5027696179702665,286.0875172049607,78183.63636363637,200531.83101636724,2167.690909090913,5,315783.8070311554,1.0,0.464,0.795,0.612,158.691,0.0493,-9.267,0.0926
Pam Pam,Wisin & Yandel,0,114,-0.636283514184107,-0.09421619459581504,-0.7109153241095361,419.6964186100832,5027.9047619047615,6753.818206902085,-119.04805194805188,4,10039.767715813947,2.0019309441989854,0.874,0.69,0.735,95.025,0.121,-6.373,0.114
Panama - 2015 Remaster,Van Halen,0,40,-0.11043516351414087,-0.8369012463951059,-0.5132605194876069,374.75984424222014,157879.57142857142,262101.25531386156,263.6043956043986,5,429273.0553051906,1.0,0.526,0.978,0.451,141.167,0.00122,-5.436,0.108
Pano,Zack Tabudlo,0,99,0.13848688858868774,-0.998642702890707,-0.278507700121707,185.95389961893048,1667.5333333333333,150.0248275749347,19.814285714285738,9,170.66181201907077,1.0,0.375,0.457,0.415,174.839,0.868,-7.018,0.0315
Papaoutai,Stromae,0,57,-0.2876794355383498,-0.5248211714131202,-0.12232247363361592,373.9161022434916,3924.4761904761904,2898.027204496972,-319.37142857142874,0,2486.5562305123926,2.891195335276968,0.734,0.809,0.254,116.024,0.0266,-7.264,0.0839
Papel Amassado - Ao Vivo,Matheus & Kauan,0,52,-0.6883122131060637,0.9997381349783551,0.12786532516585172,427.4845283146181,66297.52380952382,16839.567460283328,2320.931168831169,15,9126.548469164014,0.5534341186656718,0.587,0.626,0.488,95.9,0.338,-5.54,0.0303
Paper Loving,Christopher Martin,0,57,-0.4899063019039411,-0.9110692652415603,-0.7108283258565103,479.0974102397086,32875.619047619046,30811.44519643586,-45.40259740259696,10,54434.00548763153,0.9361256682379585,0.627,0.617,0.88,178.406,0.086,-5.314,0.31
Paper Planes,M.I.A.,0,84,-0.4575059951594205,-0.6468450551930902,-0.5224598387453251,536.8304096788473,45329.90476190476,82257.33959662651,-3811.1636363636353,1,133074.26520758998,2.49064996446644,0.447,0.848,0.485,172.253,0.033,-6.175,0.222
Papercut,Linkin Park,0,20,0.893940258015857,0.020118292946081452,0.5979731107463231,520.7396290733459,70992.80952380953,128560.12390599825,-1500.8675324675369,0,99225.87887915128,1.2147025531789966,0.524,0.939,0.661,150.184,0.00022,-3.994,0.113
Paradise,BTS,1,8,-0.08917700291858177,-0.9135154949394387,-0.5126312959883759,516.3724080921597,31137.0,71876.42853835026,3467.8272727272715,15,107462.3594967559,0.1396199272134688,0.551,0.828,0.928,139.662,0.214,-5.523,0.352
Paradise,Bazzi,0,11,0.5908488450474625,-0.9999999999938998,-0.4449110241642222,549.5436291350641,41073.142857142855,127814.97215051428,-6592.261038961035,2,183159.2786720345,11.616594523458435,0.844,0.644,0.591,122.061,0.0828,-6.273,0.0479
Paradise,George Ezra,1,5,-0.021858976046994272,-0.9486844721867175,-0.40988949771473426,472.4630939694978,39054.80952380953,25233.65137992753,1469.2025974025978,6,35226.25461112066,0.5974567253121453,0.642,0.881,0.913,138.03,0.209,-3.537,0.0393
Paradise (feat. Dermot Kennedy),MEDUZA,1,1,0.21922398117944503,-0.9239699215571471,-0.3822675415149124,558.194759609979,74852.23809523809,201521.49339247608,-843.6259740259736,9,267301.75214623543,0.4018467182621062,0.632,0.595,0.435,124.114,0.0689,-7.644,0.0401
Paradise City,Guns N' Roses,1,8,0.6608740547525365,-0.9952580639171233,-0.029559830136697756,413.87140731213964,7811.9047619047615,7334.561686548613,335.4584415584415,14,6530.919586666184,0.4077836494936522,0.273,0.952,0.472,100.271,0.0169,-8.762,0.0843
Paradiset,Lars Winnerbäck,0,51,0.364801373215811,-0.9935983165656135,-0.22633457923432937,433.12096960664996,27823.380952380954,9804.020314700789,-293.924675324675,8,11518.022823384228,1.0484158632908092,0.443,0.543,0.432,130.765,0.00245,-5.206,0.037
Parasite Eve,Bring Me The Horizon,0,17,0.08135660395232693,-0.9320520057772008,-0.44547368865939924,561.4297110845662,80681.76190476191,215224.54816570945,-685.7610389610392,13,308648.0233746646,3.6238970915896735,0.589,0.797,0.232,102.489,0.0289,-5.464,0.15
Paris,The Chainsmokers,1,1,0.1267409291606372,-0.9978427940027532,-0.39066014096299206,481.59493178959286,29179.238095238095,29350.781551863583,859.6,18,41070.56136687202,0.8109811464445768,0.653,0.658,0.219,99.99,0.0215,-6.428,0.0304
Paris in the Rain,Lauv,1,8,-0.17573788925254893,-0.9976723860590488,-0.6669491985117844,419.67580659325836,7138.809523809524,6776.251904148836,-291.96493506493505,5,10401.761016650018,2.0986199135224783,0.426,0.408,0.528,76.309,0.771,-9.419,0.0524
Parshawan,Harnoor,0,27,0.2728794505353143,-0.9924386096005954,0.35356687488318356,375.2326552682667,71373.71428571429,16753.603501913243,2743.2220779220784,19,2694.6471842339583,0.5685663217847087,0.799,0.44,0.43,90.006,0.559,-7.422,0.061
Party Up,DMX,0,25,-0.10212991454664469,-0.9996130709050288,-0.48839460215649166,573.28747350779,142207.80952380953,300630.59584695805,-5919.648051948044,3,463474.28260908934,1.5343520967572797,0.51,0.931,0.53,201.936,0.0738,-3.302,0.347
Pasarela,Ñejo & Dalmata,0,52,-0.36904337343879745,-0.3126519464750619,-1.383482094848909,336.5758929251144,1440.1904761904761,921.547281635755,69.31558441558441,20,909.8911404668142,0.593839805467541,0.798,0.821,0.526,95.004,0.0985,-6.143,0.0596
Passenger Seat,Stephen Speaks,0,70,0.4623533890981412,-0.9967012630907288,0.09067349032884009,346.0380447680434,23303.761904761905,1693.292225919164,205.6155844155844,15,1271.504434715035,0.8727833819630956,0.515,0.769,0.644,153.046,0.0456,-5.696,0.031
Passenger Seat (Acoustic),Stephen Speaks,0,109,0.15224942275639397,-0.9942521531433094,-0.33084027528592214,351.9890402957969,22390.666666666668,1408.55110742288,121.59610389610386,20,1623.7181859854868,0.9161060353532282,0.549,0.437,0.688,153.604,0.682,-8.64,0.0313
Pausa,IZAL,0,42,0.31855201206424405,-0.948885971005935,-0.34854268510575154,448.48718897743504,43180.666666666664,14955.682443976917,968.1480519480518,15,17026.46960059542,0.7023213187199477,0.503,0.311,0.0832,81.937,0.862,-11.379,0.028
Peaches (feat. Daniel Caesar & Giveon),Justin Bieber,1,1,-0.2124269963603471,-0.7973162477409321,-0.5948314506769514,508.2521551142158,47270.380952380954,58182.9666806329,-1330.2870129870141,4,92553.62094450978,2.764310061118947,0.677,0.696,0.464,90.03,0.321,-6.181,0.119
Peek-A-Boo,Red Velvet,0,12,-0.1761038159616098,-0.905832052449143,-0.6264232123477761,441.27179749746307,11925.42857142857,11062.295135887009,455.2493506493507,6,17161.739914414273,0.6365404642436031,0.839,0.902,0.639,114.953,0.0868,-3.612,0.0536
Pehla Pyaar,Armaan Malik,0,11,0.7567256431272231,-0.5193554021786438,0.3314249234862928,385.788905750515,34160.57142857143,8040.003367515456,943.048051948052,13,3220.1518267777374,0.6881806863599146,0.607,0.713,0.611,124.868,0.56,-5.105,0.03
Pepas,Farruko,1,1,-0.051875073246204405,-0.9276600195523417,-0.46104214918910064,452.9771802799291,14431.095238095239,15937.163017254634,1210.290909090909,18,21722.471743795642,0.1563528281111769,0.762,0.766,0.442,130.001,0.00776,-3.955,0.0343
Per Un Milione,Boomdabash,1,1,0.5169048153780825,-0.31682180971905277,0.23400094618791054,485.0385884240333,306593.5238095238,60528.378895962865,2700.833766233768,5,36697.92511178254,0.9305327265079063,0.741,0.745,0.898,85.989,0.103,-4.099,0.0472
Perdi mi amor,Andy El Unico,0,136,0.5264006272335225,-0.9996575688930034,-0.062032192214739885,300.58180384782963,4431.285714285715,425.2781882661818,-34.27142857142861,5,395.0963806465455,1.1145421662536004,0.658,0.88,0.963,83.888,0.152,-2.572,0.0653
Perfect,Ed Sheeran,1,1,0.4795534752604775,-0.9185283977666362,-0.17911073701210775,492.1563514634455,38629.23809523809,42179.867043418395,2378.5909090909086,9,46628.46746720291,0.22230603794177126,0.599,0.448,0.168,95.05,0.163,-6.312,0.0232
Perfect (feat. Haris),Lucas & Steve,0,27,-0.5335451240547306,-0.6648042241371269,-0.8172745241159237,382.8879045652771,15323.380952380952,4746.435348926808,630.0454545454546,16,4759.589094659328,0.5838412675754764,0.751,0.657,0.532,118.029,0.0955,-4.642,0.0989
Perfect to Me,Anne-Marie,0,37,-0.35045037017387903,-0.999282329978438,-0.7102369367776782,416.78202656847793,8118.333333333333,6388.723162791894,-28.133766233766192,6,10718.80177666795,1.4524099165233442,0.604,0.546,0.402,179.847,0.0889,-5.691,0.151
Permission to Dance,BTS,1,1,-0.08330190151914502,-0.39805312052502095,-0.5059123683532546,567.9246481565203,142931.0,251380.34066936822,7286.003896103898,20,307848.4020883128,0.6686881509615025,0.702,0.741,0.646,124.925,0.00544,-5.33,0.0427
Perreito,Mariah Angeliq,0,67,-0.6966470646270282,-0.5414439091034053,-0.8706832349590392,436.11171513921977,11266.047619047618,12829.292863548046,878.8324675324675,15,21028.052203188006,0.13264973646382366,0.737,0.607,0.528,179.957,0.194,-3.599,0.0835
Personal,HRVY,0,68,-0.8426787807422979,-0.40705118465800255,-0.9322569381792688,468.2107492620258,32643.04761904762,31088.67387769898,1008.1636363636366,20,58436.52562516016,0.6756045139119139,0.755,0.536,0.882,138.969,0.114,-5.605,0.12
Pesetas,Rilès,0,33,0.3238471668255889,-0.9996450576981077,-0.19883617729884384,279.0258729055021,2473.190476190476,398.23343465952934,56.85454545454549,15,242.29546013080804,0.7022486040545299,0.772,0.659,0.536,147.149,0.0785,-5.218,0.335
"Phir Kabhi (From ""M.S.Dhoni - The Untold Story"")",Arijit Singh,0,85,-0.528728015750308,-0.1826548704177201,-0.18232543001329093,186.87597247684567,25590.909090909092,2999.973862145089,-803.1909090909073,1,2106.418593252538,1.0,0.405,0.665,0.404,81.921,0.614,-5.498,0.0328
Phir Se Ud Chala,Mohit Chauhan,0,124,-0.916814819510653,0.6865154385217535,-0.34649166323304176,361.5914915792545,44893.857142857145,1744.4839675173773,-126.89350649350565,4,1768.0922055990181,1.0509485573682522,0.647,0.656,0.453,119.965,0.657,-8.632,0.0354
Photograph,Ed Sheeran,1,7,-0.014435372127349166,-0.9716672850870333,-0.4952870737045618,442.37366355997597,10950.285714285714,11585.379958184807,-396.6519480519481,9,16909.43147026239,1.748711666807468,0.614,0.379,0.201,107.989,0.607,-10.48,0.0476
Phulkari,Karan Randhawa,0,60,-0.4009246015181714,0.9442814590677528,0.2530695494234344,371.4339123849783,59308.04761904762,7566.661108511848,1106.7454545454555,17,2404.9451054026163,0.7594538227607301,0.547,0.785,0.764,81.781,0.204,-5.865,0.0675
Physical,Dua Lipa,1,2,-0.1412208834788364,-0.9999999842681291,-0.6761684184756306,495.15529724849205,34616.09523809524,42183.98242495633,-940.7129870129868,2,65591.5898864138,1.7025832018493376,0.647,0.844,0.746,146.967,0.0137,-3.756,0.0457
Piano Man,Billy Joel,0,54,0.28304924655096314,-0.9995490978663896,-0.33807690301104903,401.58087896867573,19283.666666666668,6119.887692194961,726.7532467532467,18,5320.061635921148,0.5900219304590352,0.331,0.55,0.429,177.734,0.605,-6.483,0.0272
Picky,Joey Montana,0,45,-0.36709348593537683,-0.9999997466892027,-0.5547586153226335,458.75875592261974,17127.809523809523,18357.54155554928,-519.9779220779227,4,28621.188941237226,1.667310504375914,0.783,0.748,0.806,93.222,0.147,-4.683,0.0892
Pied Piper,BTS,1,3,-0.008789598819608155,-0.9197606006656888,-0.48267401381133673,503.14845116203213,23885.0,49552.771610533695,615.2025974025972,13,74178.7162938265,1.7907192920485602,0.583,0.712,0.778,94.051,0.2,-4.942,0.0326
Pierre,Ryn Weaver,0,34,-0.6970853853480393,-0.9934502351302253,-0.8560436073039175,465.58653451558644,37394.333333333336,28443.43191290613,420.5584415584419,14,53329.16843180193,0.8187909454783313,0.607,0.827,0.552,100.062,0.289,-4.282,0.0484
Pistolas Con Chip,Marcianeke,0,91,0.2547600960020578,-0.999426816217681,-0.23500441948657394,358.61155091135697,25080.666666666668,1469.5221877594977,46.33766233766265,4,1828.1050974985,0.9854210583443305,0.747,0.534,0.748,97.993,0.688,-12.344,0.11
Pizza,Martin Garrix,0,32,-0.004146057597597459,-0.9017145470892832,-0.48351153023380267,535.4780320611444,38903.142857142855,111341.42067416554,3242.2649350649367,16,165338.49664328026,0.23157709031662188,0.381,0.712,0.0378,127.967,0.000408,-6.9,0.0355
Play Date,Melanie Martinez,1,1,-0.10744477946224162,-0.8965450637601683,-0.48083198270754557,547.7080189539604,74031.95238095238,154007.21292956074,5689.054545454545,18,237882.73210867995,0.3526474331945919,0.68,0.729,0.446,123.97,0.612,-5.077,0.0475
Play With Fire,Nico Santos,0,57,-0.5399176891092112,-0.9359182006820005,-0.7427699773936703,483.39469544905523,42060.666666666664,36666.17966819447,985.0064935064952,19,64009.94107871058,0.6970929776489013,0.691,0.864,0.555,82.977,0.353,-2.779,0.065
Playground (from the series Arcane League of Legends),Bea Miller,0,44,0.04853382722957397,-0.9991735174177624,-0.44096772334484013,322.0660875764565,1953.952380952381,563.3889357899403,-3.306493506493543,8,809.850262394228,0.9780312040859162,0.514,0.703,0.356,157.399,0.0107,-6.859,0.0298
Please Don't Go,Joel Adams,0,32,-0.3761501139442138,-0.5135238454927833,-0.9751675442344215,517.6118836771996,24641.761904761905,74792.7647410495,4015.1311688311675,19,108613.1672432491,0.16080872036550709,0.513,0.768,0.235,84.264,0.0118,-4.868,0.0587
Plein les poches,Djadja & Dinaz,1,4,-0.4365942559347964,-0.7767202775380528,-0.5723682329433827,513.6769743326105,73810.57142857143,70537.85795927598,637.8272727272731,1,122755.98707676135,0.7723895640154351,0.94,0.597,0.866,132.044,0.159,-7.785,0.105
Plug,kizaru,1,8,-0.20258946170231737,-0.9332905479971805,-0.47056477208478176,470.5845844000577,20370.52380952381,22750.187420722596,-55.34155844155789,4,37150.27743288063,1.0669987303447603,0.866,0.494,0.842,148.95,0.147,-11.438,0.348
Pneuma,TOOL,0,12,-0.0658386592244815,-0.9999999996525347,-0.4538041370084334,534.7914809952958,45115.19047619047,119599.51573465386,-6614.214285714285,1,170468.22550859005,4.042204384944834,0.415,0.53,0.0586,114.174,0.00209,-9.338,0.0314
Pobre Diabla,Don Omar,0,63,0.20770984038307824,-0.9953532670788326,-0.21052197929823657,275.74816068990765,1644.2857142857142,180.7202897553335,-1.6415584415584366,10,238.7630834111505,1.0032353969919552,0.741,0.787,0.771,91.993,0.217,-6.228,0.0525
Poetica,Cesare Cremonini,1,3,0.7302481993982441,0.11741177551391545,0.38842586313325916,437.9107353754077,62308.666666666664,21138.50702331182,-1768.7831168831162,0,13718.833348630633,1.3784086483514524,0.393,0.605,0.222,139.802,0.014,-6.567,0.0339
Points of Authority,Linkin Park,0,48,0.4767824549733983,-0.9999999999998594,-0.24467982692173448,509.6553582329442,27173.14285714286,58773.588214828764,-4358.2766233766215,1,69428.03869684062,7.827662427075406,0.512,0.97,0.427,94.952,0.03,-3.886,0.212
Poker Face,Lady Gaga,0,85,-0.27926694154154447,-0.8587225438377629,-0.6977704741710696,538.1204662866281,57005.19047619047,107617.30897495689,-5935.271428571427,2,168421.92103624754,4.395863475855493,0.851,0.818,0.808,119.006,0.112,-4.637,0.0789
"Polka, Polka, Polka - Single Version",Brings,0,69,-0.007035023510788347,-0.7451458816175927,-0.3539630581844964,464.01826031297526,59615.90476190476,22033.83333681952,2094.035064935065,14,26556.298748649067,0.5506809132379348,0.814,0.803,0.854,125.022,0.226,-4.571,0.0586
Pompeii,Bastille,0,58,-0.5701936884713021,-0.6155379745675633,-0.7466909177565186,462.7193089328855,25272.619047619046,20570.403631653928,-50.840259740259555,13,36103.2773900099,1.1177661909180623,0.679,0.715,0.571,127.435,0.0755,-6.383,0.0407
Pony,Ginuwine,0,78,-0.5844865105873212,-0.3381305189178002,-0.6865377154258787,298.98889889148484,28221.35714285714,15420.754982477087,260.1340659340651,10,25665.893987498563,1.0,0.749,0.605,0.966,142.024,0.00186,-9.359,0.086
Pop Virus,Gen Hoshino,0,16,-0.48024633182209525,-0.997743498408329,-0.2548862315270264,408.01490423001576,23527.761904761905,5928.59274159489,-525.8792207792206,1,6751.228106611419,1.4426789058992895,0.629,0.441,0.782,78.177,0.0339,-4.614,0.126
Por la boca vive el pez,Fito y Fitipaldis,0,175,0.22173865444933719,-0.9899536786169011,-0.45064543797718615,380.7960068311508,33509.19047619047,4218.57030192579,561.5584415584417,15,3239.2657563095995,0.7753815540432876,0.641,0.892,0.841,151.229,0.255,-2.812,0.0303
Post Malone (feat. RANI),Sam Feldt,1,6,-0.039824423349505374,-0.9999977165086522,-0.3127858971953703,408.3854351370136,31436.190476190477,6321.595734495008,665.8103896103901,17,6680.261793335647,0.7347279151943463,0.59,0.642,0.651,107.356,0.0771,-3.87,0.122
Power,Ellie Goulding,0,62,0.14964444314200023,-0.8097274517035088,-0.3953411121493647,262.84130922880246,36585.63636363636,64202.144463296165,-2079.490909090907,5,92960.66385095364,1.0,0.538,0.642,0.47,161.803,0.104,-4.412,0.127
Prada,Jass Manak,0,126,-0.34558055597912246,0.1260609593270833,-0.23011013582749668,306.7838562776027,5321.380952380952,595.1634010277367,34.477922077922095,11,436.5188741623894,0.9066494443098948,0.721,0.65,0.502,156.008,0.0361,-5.426,0.0903
Praise The Lord (Da Shine) (feat. Skepta),A$AP Rocky,1,1,0.13511458731090548,-0.9061707835109267,-0.40902486244014086,572.3668078326184,93500.76190476191,282745.4969997046,6293.605194805193,14,394040.091849535,0.16100077753974584,0.854,0.569,0.294,80.015,0.0609,-8.151,0.106
Prayer X,King Gnu,0,51,-0.7456454589972162,0.5088776140662173,-0.2586489491382707,320.95649127045147,6067.761904761905,962.1541755853746,129.39480519480531,18,638.6224608483482,0.7375282389272316,0.528,0.752,0.542,174.112,0.419,-6.006,0.28
Prayer in C - Robin Schulz Radio Edit,Lilly Wood and The Prick,0,138,0.3637626955274531,-0.9629712782454057,-0.3825950936536437,402.21455297453895,4100.333333333333,4206.507524723515,14.881818181818101,20,5104.191674251663,0.9040500736377025,0.763,0.875,0.8,123.013,0.024,-5.797,0.0262
Press,Cardi B,1,7,0.059046074783786436,-0.8599569712444156,-0.4485282896452124,567.8124181022367,75806.42857142857,253218.06920867375,10756.402597402595,17,359973.25840066234,0.11000931305804508,0.906,0.525,0.24,134.027,0.029,-5.665,0.291
Pressure (feat. Tove Lo),Martin Garrix,0,24,-0.11317984351259637,-0.8724388935199329,-0.5813562210185674,509.87880225159495,28209.04761904762,59491.57960943972,1069.7974025974027,13,92077.30429235807,1.2740335916703964,0.859,0.558,0.357,114.978,0.659,-8.991,0.0902
Pretend,CNCO,0,58,0.9999684338020661,-0.9999999796123337,-0.43426834007083565,411.952648612369,3434.5714285714284,4203.740676286941,-301.6454545454546,1,5882.504712067811,2.945651351146772,0.68,0.883,0.834,101.983,0.284,-3.862,0.103
Pretender,Official HIGE DANdism,1,1,0.4299732183343244,-0.9992244531951902,-0.16051619470524572,345.10402136851485,19286.14285714286,2545.478985437932,379.0285714285715,19,1252.3457429959187,0.7642261328523878,0.538,0.869,0.369,91.972,0.047,-3.464,0.0275
Pretty Savage,BLACKPINK,1,2,0.03625905809989428,-0.924396960270627,-0.45740871913276226,537.7480112213351,66520.28571428571,117649.76474351353,-1144.5818181818179,9,173894.6261103258,1.1572080985990187,0.699,0.588,0.35,151.971,0.00807,-6.533,0.0402
Princesas,Pereza,0,120,0.08451705026871653,-0.9999725178061802,-0.2799389657244759,342.23873841308756,18711.619047619046,1319.9478155698673,154.05584415584423,11,1271.5243057055575,0.9016160500644211,0.683,0.846,0.706,131.884,0.0634,-3.551,0.0422
Pro Nosso Bem - Ao Vivo,Gustavo Mioto,0,62,0.4241317517110147,-0.9948225600745533,-0.009304761864536763,433.02280974444506,93141.0,22362.13272902377,3311.088311688312,19,11294.306766685595,0.6294911345483962,0.475,0.855,0.623,165.141,0.307,-3.036,0.306
Problems,Lil Peep,0,102,-0.9331006841922304,-0.9958546421306195,-0.9177644432518429,227.5865786201246,3918.785714285714,2649.776140910544,-176.8373626373624,1,5062.697177400518,1.0,0.64,0.558,0.208,115.007,0.000144,-7.078,0.027
Profil,De Vet Du,0,25,0.7833264651042213,-0.9999985267321218,0.1403174033909399,412.82626625351594,34058.0,13967.920481282408,-2057.306493506493,0,6113.314290137552,2.2689849209744968,0.729,0.639,0.629,130.016,0.187,-5.922,0.112
Promise,Z.TAO,0,76,-0.14151183978133441,-0.9998093838039015,-0.4765084441527625,223.76738533497323,3293.1428571428573,861.466346009014,-26.329670329670343,1,1368.7505813135401,1.0,0.614,0.553,0.302,119.995,0.0819,-6.143,0.0353
Proud,Marshmello,0,59,-0.09809441960896681,-0.8795821096897536,-0.5069580263745704,554.3950937177422,71819.19047619047,180033.3430762252,3992.7012987012995,13,279615.48118346377,0.32891022219725274,0.521,0.716,0.12,77.562,0.0372,-4.999,0.0364
Psycho,Maisie Peters,0,138,-0.0006994591029959539,-0.9708665461830198,-0.43073375682311243,375.628357319048,50085.666666666664,11284.716547417376,-684.5985552115582,1,15899.703342535131,1.0,0.562,0.765,0.707,118.879,0.613,-2.967,0.21
Psycho,Red Velvet,1,1,-0.28711310347417984,-0.458364460126659,-0.487457256972994,574.9585750949662,147242.7142857143,298687.393716661,4393.071428571423,18,420474.9012446997,0.5955449657018071,0.664,0.666,0.405,139.987,0.193,-2.203,0.0446
Psycho Killer - 2005 Remaster,Talking Heads,0,106,0.3618147911681001,-0.8399419215352785,-0.20733382607414808,314.6789664149313,65276.53846153846,74878.03022106673,9121.901098901099,7,91645.40301751667,1.0,0.721,0.521,0.942,123.118,0.0708,-8.123,0.0613
Psycho!,MASN,0,27,-0.15332393973531555,-0.9722582840534824,-0.5349806587764183,459.9878054852333,11984.333333333334,17873.875925584092,-244.47402597402584,13,28223.063879520592,2.1376878827240677,0.876,0.312,0.377,114.973,0.443,-10.17,0.0521
Psychosocial,Slipknot,0,62,0.29628355731008266,-0.9969500250486971,-0.04258284789418335,216.5927516925991,4465.461538461538,1451.8285878576403,183.49450549450546,10,1622.9369703479622,1.0,0.568,0.981,0.307,135.146,0.00269,-3.889,0.0887
Pulang,Insomniacks,0,15,-0.16337063336857738,0.9999993416323895,0.4976296169020846,350.915412287911,14571.47619047619,3543.2846023488755,339.2025974025976,20,1571.4636958899177,0.7384493121654457,0.406,0.596,0.31,161.84,0.0636,-8.588,0.0369
Pull-Up,Jason Derulo,0,24,0.1953309272745331,-0.9963163484469338,-0.5190036223991275,445.1167090450903,22392.380952380954,12135.09714472934,-214.2831168831168,19,16878.88245493463,1.3662927350427352,0.643,0.759,0.46,191.959,0.00258,-4.693,0.156
Pumped Up,Klingande,0,16,0.4323844232259456,-0.9998858326301636,-0.15195991502910586,391.3366605684377,21306.666666666668,4532.458192839871,477.320779220779,20,3960.9123936285187,0.7015577586875004,0.732,0.734,0.643,123.033,0.00719,-6.423,0.107
Pumped Up Kicks,Foster The People,0,52,-0.08014994012875339,-0.9378112717550653,-0.5060325529772849,532.6112067099318,44307.619047619046,107229.8767976787,-3041.992207792206,9,164355.1858743739,3.2926690742308473,0.733,0.71,0.965,127.975,0.145,-5.849,0.0292
Punto G,KAROL G,0,17,0.028406266409349377,-0.8791835768191376,-0.3927147340320902,448.46698379264313,8102.142857142857,12513.161072535224,-128.59350649350642,8,18196.105281831602,1.053509007797795,0.791,0.746,0.903,165.994,0.00938,-4.716,0.0907
Purple Lamborghini (with Rick Ross),Skrillex,0,74,-0.1753130645392275,-0.9999999999700708,-0.5193040257464197,517.8372790758949,28935.333333333332,78937.01096584683,-3379.763636363635,3,120874.92524402033,7.155218848695045,0.457,0.899,0.298,147.268,0.0019,-2.591,0.132
Purple Rain,Prince,0,73,0.09303443425685085,-0.8882203554172837,-0.38077727255724236,508.56504938673794,37820.380952380954,56540.75261048121,268.2363636363639,11,79531.24008212119,1.1669844655105415,0.367,0.452,0.189,113.066,0.0353,-10.422,0.0307
Push My Luck,The Chainsmokers,0,20,-0.7211530323383527,-0.3135830335411604,-0.44578678360082774,528.8278417925253,38450.857142857145,99397.09514308933,-5851.1220779220785,1,142490.29266300914,8.161019525931017,0.563,0.645,0.523,89.976,0.293,-6.422,0.0428
Put Your Records On,Corinne Bailey Rae,0,77,-0.09541866515185882,-0.9461289399965396,-0.5676899311565617,471.6257164565112,27398.04761904762,26789.49821332124,2211.72987012987,14,36130.59049462104,0.39170884336365985,0.739,0.511,0.542,96.038,0.167,-7.844,0.0362
Put Your Records On,Ritt Momney,1,6,0.2392346908662667,-0.6979202321532496,-0.3471320705052607,516.5227219826481,42394.90476190476,70356.81293636288,3172.898701298701,20,85541.70144688203,0.1770783784599035,0.399,0.491,0.151,91.066,0.0563,-10.778,0.0538
På en buss,Veronica Maggio,0,15,-0.44160174024712573,0.9999999995061573,0.28310508263496037,438.2925237268273,51035.619047619046,24430.310801438347,-3347.5194805194783,0,12838.991752762366,2.392003113964537,0.695,0.361,0.148,102.001,0.905,-7.14,0.0268
QUEEN,my little airport,0,27,0.827222597065559,-0.9999899192872562,0.10598380822277137,340.15027241431375,6755.238095238095,2102.666377648059,-297.0038961038962,0,995.5819340968376,1.7592508513053349,0.453,0.38,0.396,178.211,0.699,-13.896,0.0422
Quando O Mel É Bom - Ao Vivo,Simone & Simaria,0,111,-0.7597065866671532,0.9995537672497947,0.08413792698203881,401.4651594148325,44689.04761904762,7733.475763114849,964.8740259740264,13,4670.739751634638,0.749045700661256,0.547,0.8,0.607,175.695,0.482,-3.036,0.26
Que Amiga é Essa,Yasmin Santos,0,88,-0.3899425480453643,0.9864986175134597,0.07745576143009303,466.12231846627225,113518.57142857143,25556.164917540293,-2033.653246753248,1,25578.482893391076,1.1736397484603478,0.379,0.78,0.426,73.51,0.0703,-4.314,0.141
Que Locura Enamorarme De Ti,Eddie Santiago,0,122,-0.13967647903357705,-0.9995324480052452,-0.48255082085842804,369.7176990239669,3079.190476190476,1884.1275009694266,40.53116883116889,17,2892.3042418632244,0.7575946473839504,0.761,0.736,0.942,93.436,0.713,-8.341,0.0445
Que Nadie Sepa Mi Sufrir,La Sonora Dinamita,0,25,-0.09567073989342023,-0.9752320396785467,-0.5173066511458014,463.54258426804813,8670.57142857143,19561.02180740208,433.73376623376646,16,29811.216089921592,0.6379774441999371,0.779,0.756,0.696,105.047,0.323,-5.123,0.0416
Que Suerte Tiene El,Luciano Pereyra,0,176,0.27988838971981433,-0.9974732060393217,-0.25871822346304507,337.4928014906676,18084.761904761905,865.8170875103721,-18.20649350649358,6,1083.6130893912273,1.0343137650677798,0.729,0.651,0.632,96.004,0.172,-6.341,0.0569
Que Tire Pa Lante,Daddy Yankee,1,2,0.05778209323527441,-0.8135515877255924,-0.4869485450735382,553.3889132389124,75343.38095238095,176089.69097822637,7569.48051948052,17,246759.92674761842,0.2836971087409049,0.658,0.901,0.708,93.979,0.0478,-2.814,0.0357
Queendom,Red Velvet,1,1,-0.8791993011063995,0.36693639417124424,-0.14259662159511496,546.6657487753947,72201.09523809524,170377.1573429861,-10436.655844155854,0,184128.4914028448,4.209942673839471,0.695,0.896,0.508,119.959,0.179,-1.24,0.0847
Quem me Colocou pra Beber,Os Barões Da Pisadinha,0,95,0.7943553997329486,-0.9999999999520398,0.2361150635044142,444.29492568009135,92766.04761904762,19132.108388222263,-1294.8909090909085,3,13605.34231506139,1.247696842942652,0.819,0.734,0.962,172.021,0.496,-6.24,0.0991
Quem É Que Chora por Mim?,Leonardo,0,37,0.7042180047816254,-0.3466583363837608,0.32408063893883887,417.6382800350247,131949.94736842104,42032.425826877596,1166.8982456140343,12,22879.545810749234,1.0,0.631,0.673,0.425,107.977,0.45,-5.651,0.0253
Querida Rosa,Cami,0,26,0.442459819279378,-0.966531707316875,-0.021815011032404283,405.23631090646245,47344.04761904762,5102.5832904351155,-248.25194805194764,0,5530.964556702565,1.0967557599700999,0.618,0.334,0.383,139.784,0.85,-8.498,0.0338
Quien Diria,Tropical Florida,0,110,-0.08053120616703083,-0.9973940150565549,-0.33113477334955876,299.6782385679775,4646.857142857143,443.7271025040037,50.368831168831214,19,484.59809120548545,0.8648718911580348,0.592,0.691,0.912,174.815,0.335,-6.571,0.119
Quiere Beber,Anuel AA,1,1,-0.8382252539570605,-0.18160438357992717,-0.346902737231995,462.48080173691466,13235.047619047618,22031.615083515975,-1287.6805194805202,0,26266.995850829608,2.285174077454688,0.773,0.57,0.772,95.038,0.372,-3.482,0.113
Qué Bonito Es Querer,Manuel Carrasco,0,34,0.29875109726275556,-0.9984255574273467,-0.06490921652319123,381.8598830863373,38459.857142857145,5323.911588168933,768.8558441558449,19,3119.937316678013,0.7697038603210064,0.609,0.718,0.426,93.94,0.6,-7.177,0.045
Qué Hay de Malo,Jerry Rivera,0,114,-0.4336643565954695,-0.20242472313064078,-0.5817309525980693,345.0957924626615,2272.285714285714,1156.7088839361747,-70.04155844155844,3,1366.7788144026817,1.807319304666057,0.737,0.592,0.78,91.956,0.617,-8.677,0.046
R U Mine?,Arctic Monkeys,0,20,0.7604808095103721,-0.9998059135663805,0.0056216229628111725,416.6038625843946,21899.571428571428,15025.739124745178,-2042.9974025974022,5,6839.616839414325,11.9966484479736,0.288,0.758,0.619,97.094,0.00616,-5.692,0.0371
R.I.P.,Playboi Carti,0,44,-0.4387228370754446,-0.9912098979812652,-0.5205903138452225,395.43850099238193,221914.13333333333,240690.24530707972,-6378.335714285699,1,417011.272065099,1.0,0.725,0.725,0.515,140.003,0.0119,-6.067,0.159
RADIO,Rammstein,1,10,0.03205725755636815,-0.9214540700021483,-0.48936469956342066,506.1016522948677,22965.809523809523,53893.08337423983,-543.850649350649,10,78870.57971201936,2.230254595737758,0.652,0.894,0.76,132.03,0.00404,-5.145,0.0409
RAP DEVIL,Machine Gun Kelly,0,17,-0.032158282813424754,-0.9427176107474498,-0.48287821463931213,543.2583423413591,54416.90476190476,137628.71605463763,-107.12597402597194,13,208513.6447224198,2.5134563773483065,0.895,0.839,0.754,149.952,0.217,-4.51,0.227
REALLY REALLY,WINNER,0,64,-0.33467080380771713,-0.9963166746222558,-0.6393406235481152,378.77175349730663,5325.952380952381,2439.0954700499406,-10.076623376623282,6,3932.418025528313,0.9649276284396373,0.765,0.77,0.581,103.005,0.167,-3.16,0.0592
REMEDY,Alesso,1,10,-0.03842546730288756,-0.93672930574326,-0.48525971450316285,555.2264505174026,69180.52380952382,185869.87359379476,-2489.7987012986987,11,281456.0246978691,4.054156467949571,0.601,0.775,0.483,119.964,0.269,-4.612,0.0473
RUSSIAN WOMAN,Manizha,1,6,-0.019230072687538954,0.9994691209314531,0.3290330090780491,390.80430847454966,16751.85714285714,8201.885458529028,-1192.3766233766235,0,4311.153640268461,2.7410043674721556,0.89,0.701,0.652,102.001,0.204,-7.061,0.194
Racks and Rounds (feat. Sikander Kahlon),Sidhu Moose Wala,1,7,-0.8322937003592981,0.26241446579619443,-0.03805746250808666,417.5321997490972,89501.47619047618,30675.914515989418,-4819.131168831169,1,7928.561813311415,2.141637875574829,0.657,0.836,0.837,88.014,0.376,-3.399,0.127
Radioactive,Imagine Dragons,0,39,-0.08524023738532363,-0.9903875890919827,-0.3884722433214115,366.2703178848584,3159.714285714286,1735.11874556887,54.663636363636336,14,2524.8220650176518,0.6277518576118887,0.448,0.784,0.236,136.245,0.106,-3.686,0.0627
Rainbow,Kacey Musgraves,0,97,0.056795876145213614,-0.9348681538107911,-0.3439835451903258,542.1826987396887,94287.80952380953,132299.9988268434,-2095.1181818181835,6,187591.9942661733,1.1560681759860065,0.581,0.197,0.349,130.367,0.88,-7.697,0.0329
Raindance,Hov1,0,43,-0.5838143732142254,0.9999998135013389,0.13993004792696898,276.2025438334904,29284.428571428572,12352.520140292287,-2596.197802197801,0,7876.618431608818,1.0,0.942,0.676,0.801,122.025,0.75,-5.273,0.212
Ramenez la coupe à la maison,Vegedream,1,1,0.1195724204420365,-0.9999999999994127,-0.6118297588160877,502.50365767640045,181048.2380952381,42577.52883399855,1368.9948051948086,3,67710.69120033778,0.9139549718457632,0.808,0.661,0.804,107.992,0.0358,-6.237,0.0395
Rap God,Eminem,0,42,-0.5174278143061254,-0.7184568801937382,-0.7709508800694397,507.514560856928,49825.52380952381,65348.71651570084,3853.314285714286,20,110087.68454241373,0.31126633868506093,0.708,0.843,0.625,148.14,0.397,-2.66,0.314
Rap über Hass,K.I.Z,1,10,-0.4402769734854266,-0.5940778351666396,-0.45965358823440816,519.8774565898764,97494.19047619047,74186.59092971751,-4030.3220779220746,1,115931.7633935907,1.939879200249839,0.717,0.623,0.219,92.626,0.00367,-5.724,0.327
Rare,Nas,0,60,-0.3998512210617171,-0.8239491732576718,-0.6422831867957447,424.54959878855993,65037.23529411765,102916.91732628139,-7963.713235294114,2,166780.99488961892,1.0,0.498,0.851,0.518,78.025,0.132,-5.496,0.326
Rasputin - Single Version,Boney M.,0,71,-0.27722553760731494,-0.9963871808614682,-0.5752559513373211,374.56657990975333,6780.0,2174.00089805913,-14.150649350649276,19,3581.017446201568,1.0905630781296856,0.694,0.719,0.972,126.212,0.47,-12.734,0.048
Rasteira - Ao Vivo,Henrique & Juliano,0,43,-0.1501065721598025,0.9494801773277378,0.2234150709300833,485.511654021384,281380.09523809527,49199.75844201712,-3970.7961038961034,1,43942.009968224025,1.1211036201377866,0.593,0.692,0.598,106.046,0.528,-5.364,0.042
Rather Be (feat. Jess Glynne),Clean Bandit,0,97,-0.6539733166045166,-0.9986640949340583,-0.9852904514516089,339.2878484463109,10044.285714285714,1803.6134667425185,233.14155844155854,19,2057.306756417234,0.7231485691114852,0.799,0.586,0.549,120.97,0.162,-6.735,0.0377
Re:make,ONE OK ROCK,0,55,0.601628324411142,-0.9996972252337797,-0.2060388402993112,272.28928767858275,1954.142857142857,251.24798709722663,27.084415584415584,18,190.61880153856808,0.8334713024282562,0.386,0.988,0.443,171.977,0.000116,-2.692,0.158
Ready to love,SEVENTEEN,0,18,-0.16622092068572802,-0.6502308371689282,-0.48445292841091053,458.26780809708447,17312.666666666668,16375.573945109407,-379.13636363636397,3,23930.163369479946,1.1744124259145718,0.668,0.705,0.549,129.984,0.0274,-5.731,0.0356
Real Life (feat. Stormzy),Burna Boy,0,37,-0.5265079875620047,-0.9997815000308006,-0.8082000544355611,485.99607549198925,50127.333333333336,32244.613858579374,652.8233766233774,2,56352.7508800369,0.9074335038701764,0.594,0.568,0.407,132.348,0.147,-7.268,0.0701
Really,BLACKPINK,1,3,-0.09504920816862841,-0.9205795252396304,-0.5382253367080885,468.605019957939,22114.0,21321.324259775145,-58.093506493506645,16,33632.36551667902,1.116895800933126,0.696,0.881,0.947,142.019,0.0235,-2.082,0.104
Recairei - Ao Vivo,Os Barões Da Pisadinha,1,1,-0.25955222608682,0.6706234559063196,0.17932420149733663,448.251357837874,84883.90476190476,14695.92449142266,324.99480519480517,16,15553.136807329252,0.9077884527492195,0.582,0.937,0.939,168.096,0.449,-2.118,0.0858
Reckless,Madison Beer,1,1,0.14268336477067708,-0.8378885007769011,-0.2972230973693456,468.58985308709225,29422.761904761905,21559.160119043336,1430.2155844155843,18,28012.282654712377,0.4927562528477019,0.386,0.426,0.261,180.104,0.807,-6.642,0.0363
"Red Lights (Bang Chan, Hyunjin)",Stray Kids,0,18,-0.29808168485432646,-0.9998111225290344,-0.6063986889957917,443.00719385502293,13008.42857142857,12054.829044516433,22.350649350649487,2,20246.020846329287,0.8271065825650978,0.707,0.74,0.336,127.974,0.179,-4.311,0.0509
Red Red Wine,UB40,0,69,-0.04877177537278164,-0.6820493321486907,-0.4797244306965481,467.8828240561749,20606.095238095237,22129.73350366675,1017.9493506493507,8,29165.038573778707,0.241271787013982,0.857,0.468,0.843,89.119,0.00414,-8.53,0.0476
Ref:rain,Aimer,0,45,0.34685160994531344,-0.9983636542723805,-0.26396790224797406,317.34050575677406,6542.0,1259.1886654660195,188.87142857142857,17,633.6301287028577,0.6468606599169641,0.472,0.672,0.313,77.982,0.0343,-4.297,0.0287
Reggaeton,J Balvin,1,5,-0.1287799941264675,-0.7863596725998793,-0.4790877159957425,462.88478109326053,13471.619047619048,17803.769401519847,148.81688311688288,18,28117.74118394826,0.6423871232774396,0.747,0.74,0.552,176.059,0.0165,-4.325,0.191
Reggaetón Lento (Bailemos),CNCO,1,1,-0.051344370040564455,-0.8554728262859312,-0.5026687672163521,568.9259822288201,102189.47619047618,252118.65355378456,768.1402597402581,13,387840.0187803568,2.51143102927688,0.761,0.838,0.71,93.974,0.4,-3.073,0.0502
Regras - Ao Vivo,Diego & Arnaldo,0,22,-0.6054497253977081,0.9834535520147382,0.06543203395408077,434.943659826615,106270.19047619047,16935.923511926183,-13.467532467531852,8,11259.855927586284,1.0156758868618778,0.889,0.857,0.84,113.978,0.461,-3.662,0.0606
Regret,Sidhu Moose Wala,0,22,0.5350215920462073,-0.9999999950890934,0.10326004398363253,241.59687439532033,59187.0,21737.659449290608,-5667.4895104895095,1,10709.777185141244,1.0,0.348,0.636,0.466,73.416,0.467,-4.139,0.0577
Reincidente,Felipe Araújo,0,96,-0.39339958609907333,0.9300033015574836,0.16530950929012903,452.82468993624786,99268.33333333333,18578.54270601882,1353.9857142857136,9,17988.90004697341,0.7782529690440652,0.716,0.715,0.632,137.012,0.559,-4.775,0.0422
Relaxa o Coração - Ao Vivo,Henrique & Juliano,0,81,0.6283031483349295,-0.9999999966027101,0.36179635707338376,206.732673822106,114712.7,25819.87983337645,-7452.587878787874,0,15939.91968317823,1.0,0.739,0.717,0.584,115.965,0.324,-5.614,0.0383
Remedy,Adele,0,60,0.2948854240590307,-0.39697908432731893,-0.028823418998233763,405.8120189472741,15555.52380952381,8033.903283194218,789.9597402597402,20,5020.906185889157,0.5820023205292781,0.405,0.3,0.24,162.355,0.894,-6.475,0.0378
Remember That Night?,Sara Kays,0,39,-0.9048423471111179,-0.5095399190993903,-0.988876533781453,401.7705044390182,21671.095238095237,9085.656948256736,-675.6350649350647,13,15916.864677049309,1.5899440663584254,0.679,0.61,0.554,123.978,0.585,-10.936,0.0305
Reminisensi,Insomniacks,0,135,-0.6676584479736684,0.998355936361515,0.11898678682557284,295.2327583356995,7390.761904761905,510.5186816004274,9.276623376623464,15,332.5861392180979,0.978632635125238,0.464,0.601,0.267,77.986,0.0815,-7.043,0.0256
Renegade (feat. Taylor Swift),Big Red Machine,0,24,-0.008491904730329578,-0.9358855844388467,-0.46795496366953154,578.907173347334,139658.7142857143,335501.30675994785,16.288311688314135,13,501342.65660668403,1.6512708428110847,0.53,0.712,0.577,167.964,0.44,-8.135,0.0461
Renegades,ONE OK ROCK,1,8,0.06074602600337127,-0.679879986193511,-0.44531048751831226,507.8859908767734,36866.0,54368.1583457152,857.2259740259742,20,72912.92225566054,1.0735412007932155,0.536,0.857,0.332,153.943,0.000849,-4.254,0.0614
Renegades,X Ambassadors,0,75,-0.3771405239249735,-0.9984167264732191,-0.6833155994446037,371.77239141649017,3195.4761904761904,2107.225452241872,8.7805194805195,13,3634.731413392192,0.9183064684948713,0.526,0.862,0.528,90.052,0.0144,-6.003,0.0905
Replay,Iyaz,0,88,-0.515130839163814,-0.6409986275723709,-0.7404418072085017,464.88783196561707,29167.904761904763,20611.5648372109,325.82727272727317,15,36499.93629364303,0.8752756665908341,0.706,0.751,0.195,91.031,0.173,-6.323,0.0708
Replay,Maikel Delacalle,1,8,-0.23113741961459738,-0.9999995129974476,-0.2745294492238219,445.6448213300686,80718.47619047618,30169.815908681292,4534.184415584416,20,18542.630512955817,0.4495678995400744,0.726,0.799,0.765,109.985,0.203,-5.858,0.0587
Rescue Me,OneRepublic,1,6,0.08105527571950855,-0.9061639319937282,-0.4461627781425801,524.8050062160054,40114.80952380953,85711.98687832634,2553.019480519479,15,121990.24149024174,0.25804682483208663,0.759,0.605,0.64,121.049,0.156,-7.737,0.0433
Rescue Me,Thirty Seconds To Mars,0,85,-0.2600944394065274,-0.988726640832776,-0.5766131509039176,252.26927311998318,3189.714285714286,2644.2958400670523,-81.42417582417582,7,4384.144150115742,1.0,0.478,0.676,0.416,148.039,0.00825,-6.155,0.0708
Respect,BTS,0,13,0.06425610615639976,-0.877501120237386,-0.45887590684444624,524.4195226488428,35972.57142857143,85432.1846493415,3270.1753246753246,16,121838.5204545344,0.24732458284523073,0.661,0.838,0.526,91.463,0.00491,-4.806,0.116
Revenge,XXXTENTACION,0,13,0.5252006120226097,-0.9974240679483217,-0.08809728481034099,324.11920628006806,5651.857142857143,737.5306473512222,43.26233766233765,14,722.0935032944141,0.8866289675300986,0.746,0.251,0.18,139.999,0.782,-16.169,0.259
Rhinestone Eyes,Gorillaz,0,129,0.2837044322742003,-0.9992265900264798,-0.2180252470887562,167.6215409564345,1045.0,45.48763568267755,0.5617647058823606,5,58.267734543990024,1.0,0.676,0.703,0.852,92.761,0.0869,-5.815,0.0302
Rich & Famous (with Isac Elliot),SJUR,0,47,-0.33975104939472794,-0.999999971719499,-0.7174600826100577,418.0986629751935,20530.571428571428,6709.7744662361865,207.66493506493518,2,11140.99187280917,0.8854168651436338,0.704,0.881,0.822,118.025,0.026,-5.502,0.0381
Rich Love (with Seeb),OneRepublic,1,5,-0.11386317821821632,-0.9999999975307884,-0.42970290399112493,509.8091033234981,30886.85714285714,66023.8391559015,-4177.059740259739,1,95542.03570999521,5.869985003036575,0.401,0.872,0.472,104.592,0.167,-3.641,0.314
Ride,Twenty One Pilots,0,19,0.0019192348380406943,-0.8727428790352414,-0.46122758707245715,506.6769728087079,25410.238095238095,56045.90449920303,2274.146753246753,18,81731.00416505049,0.38870146580807036,0.645,0.713,0.566,74.989,0.00835,-5.355,0.0393
Ride It,Regard,1,2,0.02513120586983605,-0.7653442284458589,-0.3153876538860352,478.67281482669625,20204.0,26466.49194376776,496.2805194805197,7,38189.40314468792,0.5718857548341315,0.88,0.751,0.884,117.948,0.177,-4.258,0.0874
Rihanna,Yxng Bane,0,51,-0.7111521657507949,0.9758692862361773,0.07023777592380166,415.0484121740493,48531.80952380953,10053.676975396791,1120.425974025974,19,6542.585727371098,0.7266333692328821,0.553,0.484,0.772,130.252,0.146,-9.757,0.224
Riot,XXXTENTACION,0,57,0.038999229158533655,-0.9418316530807476,-0.463690182787054,559.8228636531119,78162.47619047618,208605.78818034907,880.2805194805189,14,304834.1880897056,0.4336585867540158,0.509,0.542,0.151,97.767,0.019,-8.027,0.442
Ripples,Maximillian,0,153,-0.5229163222465958,0.2652536710087298,-0.29230111201798886,332.23390500912495,9506.57142857143,790.9626787552454,-10.66103896103908,6,839.0246361102874,1.0510199411073646,0.683,0.346,0.457,129.682,0.682,-9.475,0.0785
Riptide,VAX,0,62,0.0393918256642884,-0.9229477461029589,-0.5513322513328476,404.3140157874223,24375.904761904763,4744.239041845151,347.88571428571413,12,6156.008478511056,0.8367685476181073,0.484,0.18,0.257,76.969,0.795,-11.075,0.0417
Riptide,Vance Joy,0,48,-0.22776631995557994,-0.999026014213473,-0.5323027818075187,422.19432991134175,8133.857142857143,7272.654262867917,-291.74415584415596,9,11440.992150486774,1.4128492993526183,0.484,0.731,0.51,101.654,0.431,-6.694,0.0379
Rise Up,Andra Day,0,105,-0.804969758033887,-0.9874488606566735,-0.8951727491686261,449.5635097582399,25163.52380952381,22167.54507021265,-34.92597402597332,5,42205.74783281893,1.009530428476461,0.398,0.316,0.174,118.582,0.805,-7.031,0.0368
Rise Up (feat. Vamero),VINAI,0,27,0.1438049615192938,-0.9977181879837556,-0.282540754821201,351.75920966161306,18097.95238095238,1230.2423871196113,49.20649350649315,18,1641.9327604990408,0.9566601614816516,0.648,0.927,0.361,126.037,0.011,-3.633,0.049
Ritual (feat. Wrabel),Marshmello,0,89,0.19622406079306567,0.7931355078283563,1.1240695415876187,255.38574376819588,4895.9375,1120.2056434395204,-168.64852941176474,3,952.9732746631577,1.0,0.561,0.946,0.3,109.891,0.00848,-0.899,0.128
River,Bishop Briggs,0,143,0.010530288937266381,-0.9954375202498419,0.06210492404935212,171.19207159712633,7283.6,5213.080897127917,1709.7818181818182,8,2672.0903178348344,1.0,0.733,0.477,0.545,62.507,0.302,-6.737,0.0687
"River - Recorded At RAK Studios, London",Sam Smith,0,35,-0.1695319620386024,-0.9947310815323906,-0.6081971230147104,459.9390033606333,13764.904761904761,17914.255788815793,124.87402597402604,13,28350.11027716647,0.8427554930017984,0.45,0.181,0.196,115.443,0.896,-11.417,0.0406
Robbers,The 1975,0,109,0.5463568211185799,-0.9998345310190057,0.11910797974736585,184.83364597138024,3998.818181818182,2726.64681908623,696.0636363636363,7,1802.3044942517342,1.0,0.621,0.692,0.381,99.806,0.000363,-6.858,0.0291
Rock Your Body,Burna Boy,0,16,0.17591688334912714,0.07548293491133674,0.7035713372375519,256.0849555484094,2139.3333333333335,745.9666999674432,121.15974025974025,20,122.42069882172704,0.4170663852647736,0.801,0.623,0.801,104.985,0.107,-7.861,0.0982
Rock with you,SEVENTEEN,1,5,0.9999995040046883,-0.9999999999132217,-0.03618596130100322,549.3531108774654,69254.52380952382,168816.84627503692,-9367.775324675331,0,181943.36047942916,4.040835966154629,0.621,0.816,0.694,163.966,0.0966,-5.242,0.104
Rockabye (feat. Sean Paul & Anne-Marie),Clean Bandit,1,1,0.3038307423814791,-0.9094789013111099,-0.19399452610609086,501.41309528037254,42915.09523809524,47205.88131427689,-30.467532467531868,5,61688.70802608448,1.113747494738559,0.72,0.763,0.742,101.965,0.406,-4.068,0.0523
"Rocket Man (I Think It's Going To Be A Long, Long Time)",Elton John,0,31,0.23027008086358888,-0.9988131695347262,0.05083716099096051,299.85869928195115,5589.761904761905,331.5503128898,2.328571428571349,15,431.98866883287576,0.990400243803332,0.601,0.532,0.341,136.571,0.432,-9.119,0.0286
Rockin' Around The Christmas Tree,Brenda Lee,1,1,-0.013116769213058942,-0.9492219900810149,-0.4837392634249484,572.7963069031752,109889.66666666667,290462.87708879146,-2358.220779220776,14,434676.8717806222,0.6627187040193465,0.589,0.472,0.898,67.196,0.614,-8.749,0.0502
Rockin' Around the Christmas Tree,Brenda Lee,0,20,-0.30806679170438783,-0.9748977534565522,-0.47843867893224695,422.56432277126686,11191.47619047619,7271.719693239844,-39.59610389610389,7,12129.544247312015,0.974508098058611,0.589,0.472,0.898,67.196,0.614,-8.749,0.0502
Rocking Chair,Vald,0,14,-0.498044019813029,-0.7585324058242189,-0.6380783264581972,498.72291425246135,53029.76190476191,47923.35579503585,-108.72597402597384,1,85252.29620982359,1.0124065320366527,0.719,0.715,0.366,128.874,0.263,-5.96,0.324
Rojo,J Balvin,1,1,-0.11789707090463558,-0.890700386291358,-0.6436681946536922,590.4585476451064,188125.04761904763,450132.26412165066,-2321.2090909090853,11,700631.9770942713,2.008632334425862,0.652,0.595,0.421,172.277,0.15,-4.04,0.117
Rollin',Brave Girls,1,2,-0.2993651288062586,-0.9992240364926825,-0.7426855347756777,381.94515126697513,7356.428571428572,3064.657435551144,262.34415584415586,20,4267.549431172414,0.6546381801216254,0.691,0.859,0.541,124.958,0.0302,-4.118,0.112
Rolling in the Deep,Adele,1,1,-0.6059108871819254,-0.9992867364433018,-0.7724637068791005,334.67909523380536,2825.6190476190477,957.3936084714323,12.96233766233767,16,1726.0263062885224,0.9840157868771584,0.73,0.769,0.507,104.948,0.138,-5.114,0.0298
Rosa,J Balvin,1,4,-0.01651189100635164,-0.8432675136901728,-0.4558472660375543,588.04995219319,163078.61904761905,429302.6242229507,23126.077922077922,17,615287.8056643411,0.019017034793208067,0.637,0.583,0.305,176.025,0.258,-5.686,0.258
Rosas,La Oreja de Van Gogh,0,144,-0.9999221197780863,0.9961334776673315,-0.09177935157163147,386.44138662514916,55167.19047619047,6321.473875902583,882.728571428571,20,3169.2764075574096,0.7992461014852892,0.783,0.685,0.54,107.01,0.627,-5.008,0.0271
Rose - English Version,D.O.,0,19,0.14834597991618367,-0.9998638098218264,-0.4500146617646133,492.44124371293253,39051.52380952381,40204.93750608849,765.2454545454541,11,53618.83902815782,0.8664715826922947,0.616,0.395,0.631,74.422,0.379,-3.167,0.0607
Rose-Colored Boy,Paramore,0,71,0.004851699007621271,-0.9998891854077397,-0.48983390311427955,548.4356617892389,69273.33333333333,149818.2036858365,-3666.0519480519456,4,218795.82125636566,6.5649057205642585,0.768,0.826,0.926,114.997,0.00199,-4.904,0.0335
Roses (with Juice WRLD feat. Brendon Urie),benny blanco,0,32,0.021378025230256975,-0.8278355180887269,-0.48812826609740695,564.1470694934598,97610.0,222146.67071725812,1132.9142857142863,12,334035.86557965225,1.2672042393389218,0.612,0.601,0.525,147.018,0.168,-7.089,0.164
Roses - Imanbek Remix,SAINt JHN,1,1,0.14248731980014678,-0.9974488111687587,-0.2739424346914133,406.55418085272225,4129.619047619048,5021.3634410642135,293.96883116883123,18,6434.775957832564,0.35536228333435416,0.77,0.724,0.898,121.975,0.0167,-5.484,0.0495
Rude,MAGIC!,0,131,-0.12297880941974634,-0.9916342700899149,-0.4728123360450925,331.09607079746974,2717.095238095238,731.3896039967119,-29.618181818181743,4,1057.52134139222,1.2842559874361994,0.773,0.758,0.925,144.033,0.0422,-4.993,0.0381
Rudolph The Red-Nosed Reindeer,Dean Martin,0,21,-0.841963532447759,0.43954766412967233,-0.771912243335267,511.2110881222647,36975.380952380954,65498.01775879226,4272.577922077922,20,78035.60091708142,0.2293514834875138,0.478,0.201,0.857,136.47,0.919,-16.79,0.0332
Ruff Ryders' Anthem,DMX,0,11,-0.08839688159328118,-0.9994446796209455,-0.4723162091467361,582.0521472804572,171286.52380952382,374456.76401455136,-9045.874025974024,2,576732.879147693,1.3455159926478972,0.88,0.577,0.74,90.991,0.0564,-8.093,0.302
Ruin My Life,Zara Larsson,1,1,0.02115423133195758,-0.873216530222227,-0.621206591911598,532.5417326410546,57789.57142857143,105086.18557463131,4809.927272727271,19,151822.4716837399,0.5085185960006735,0.665,0.699,0.585,124.896,0.423,-5.265,0.0578
Rumour Has It,Adele,0,45,-0.2397870753667387,-0.4711244620820899,-0.56729484429205,467.66695078265485,16736.47619047619,21758.82568088953,208.996103896104,14,29269.799375977964,0.6851184464236526,0.612,0.749,0.574,120.052,0.615,-5.014,0.0446
Run,Foo Fighters,0,44,-0.5217934597911187,-0.38470246159673044,-0.7249325442769354,452.7004501363119,11611.57142857143,15710.353569939696,-565.311688311688,4,23425.455273270574,4.881384025691495,0.365,0.892,0.176,136.133,3.31e-05,-8.036,0.0786
Run,OneRepublic,1,8,-0.05527576010295788,-0.8849088928413288,-0.5099645890198168,514.6006150316907,31770.285714285714,67212.30925468144,2647.281818181819,16,100812.77079778882,0.21290913651880858,0.682,0.72,0.673,117.003,0.326,-8.173,0.0381
Run It (feat. Rick Ross & Rich Brian),DJ Snake,0,33,-0.6828847799332681,-0.9950134456199199,-0.8479431464903816,400.67470145023174,6899.523809523809,5438.459564978791,86.20779220779231,16,10049.56715436043,0.8222902225275297,0.688,0.725,0.225,104.006,0.0195,-7.806,0.044
Run It Up (feat. Offset & Moneybagg Yo),Lil Tjay,0,20,-0.43322718779235175,-0.4923910873972235,-0.802200579995727,572.1086464259326,111187.90476190476,293607.09187569906,6994.2714285714255,19,434727.6997359238,0.5667603311615066,0.88,0.575,0.671,120.031,0.415,-6.091,0.163
Runaway,AURORA,1,1,-0.35310692004895144,-0.5945781997133409,-0.6739739362091651,458.5787771149651,14201.0,17165.843693634335,258.1519480519484,17,26606.950941248415,0.566466090338177,0.422,0.302,0.123,114.089,0.629,-9.214,0.0372
Runaway,Lil Peep,1,6,0.058500121606257706,-0.9394048357575432,-0.4424146045093156,548.8402907231753,58963.857142857145,158380.97649603232,1313.3181818181854,15,229132.94776209616,0.46137864139189944,0.399,0.591,0.175,79.892,0.44,-8.792,0.052
Runaway,Linkin Park,0,72,0.05263687429233103,-0.9309399341417832,-0.4514287796947232,549.0747579518273,60679.333333333336,158431.40422648092,1096.783116883117,15,230539.04970643803,0.4801696867743056,0.636,0.884,0.446,109.16,0.0142,-4.743,0.0584
Runaway (U & I),Galantis,0,133,-0.3393534318537902,-0.9986068528203439,-0.753861260491076,443.6372999105747,7969.761904761905,13669.533931180375,935.7610389610389,12,20746.785283749385,0.17604772589512638,0.506,0.805,0.383,126.008,0.00711,-4.119,0.0469
Runaway (with Sigala & JP Cooper),R3HAB,0,57,-0.10775303892182268,-0.9999999992321499,-0.4437612051629148,284.04521690726506,20253.076923076922,19769.46709316994,-1938.5329670329672,2,27511.530387149596,1.0,0.617,0.756,0.432,121.828,0.213,-5.811,0.104
Runaway Bride,Hov1,0,40,0.5346878697538626,-0.9999998397875911,0.17094947300994606,426.711096675683,38467.42857142857,13225.547973421702,-1739.15974025974,0,8843.562622043222,1.9048466983716497,0.664,0.477,0.439,150.337,0.164,-5.706,0.0749
Runnin' with the Devil - 2015 Remaster,Van Halen,0,38,-0.16391412225340604,-0.8577255798911648,-0.5095315718663794,290.1764776339518,192536.81818181818,269410.31630069343,18827.69090909091,5,443004.89397487475,1.0,0.472,0.9,0.42,95.826,0.148,-6.406,0.0582
Rx (Medicate),Theory of a Deadman,0,102,0.5815427400816511,-0.9996166607191996,-0.0008740705024257792,387.2183402731056,26604.571428571428,3459.8707321218226,-3.418181818181719,6,3438.5344040012164,1.0425597027746758,0.639,0.71,0.378,119.989,0.0133,-7.445,0.0275
SAD GIRLZ LUV MONEY Remix (feat. Kali Uchis and Moliy),Amaarae,1,2,-0.02640288490895198,-0.9292718424025519,-0.5099121720078146,549.8730270846721,56741.52380952381,161764.285603237,2056.2857142857156,15,243527.17333112436,0.3897550351360963,0.87,0.523,0.319,110.02,0.433,-8.052,0.0602
SAD!,XXXTENTACION,1,1,0.36051793167116963,-0.9999999999992041,-0.4516121436223034,576.2249180044414,87126.61904761905,263639.71149684675,-15263.694805194797,1,370998.8566550138,8.671705156195095,0.74,0.613,0.473,75.023,0.258,-4.88,0.145
SCIENTIST,TWICE,0,13,-0.9999885197852556,0.9998832562238609,-0.039517401852405036,553.0121035728703,70783.23809523809,187192.63265592905,-9367.510389610401,0,198783.8392822465,3.7580082191144717,0.786,0.858,0.649,112.999,0.0487,-3.74,0.0675
SEJODIOTO,KAROL G,1,7,-0.18415864604535218,-0.8847486755983897,-0.5688854319249952,508.59851930361054,39600.380952380954,58236.05673502758,787.8064935064933,17,94186.8246417194,0.8876500293480681,0.822,0.736,0.679,175.93,0.157,-3.969,0.15
SEX,Rammstein,1,9,0.8322977037435011,0.408082653218117,1.5993233079150289,520.650571579986,75040.0,205830.24556311307,15808.557142857144,20,137716.4540735783,0.09511019799095809,0.608,0.93,0.432,123.018,0.000561,-3.97,0.0604
"SG (with Ozuna, Megan Thee Stallion & LISA of BLACKPINK)",DJ Snake,1,1,0.05561724732880502,-0.9532072257271256,-0.3978728854243972,503.76485252788103,39331.42857142857,51704.17866558749,802.1532467532476,11,74526.8296740174,0.8130294977497866,0.8,0.837,0.702,100.015,0.00406,-2.807,0.0491
SHORTY QUE TE VAYA BN <3,Rels B,0,33,-0.25769950295725674,-0.7687863825139245,-0.7056625171171342,513.1713919411318,54117.142857142855,65018.51891817381,988.6181818181818,6,105244.67074074346,0.9092629025249843,0.68,0.527,0.192,88.958,0.232,-6.748,0.11
SICKO MODE,Travis Scott,1,1,0.5535509432816753,0.6199883954626862,6.810995143066463,606.9607194949364,247893.47619047618,872579.4757930633,55308.01428571427,20,816887.5463411962,0.07007557899320586,0.834,0.73,0.446,155.008,0.00513,-3.714,0.222
SKELETONS,Travis Scott,1,10,0.06391494382233714,-0.8690210950184227,-0.4501629991313381,591.6332750376282,132189.90476190476,454685.6331194433,16772.338961038968,16,649958.3610510657,0.07615872709779199,0.46,0.686,0.252,148.054,0.00146,-5.948,0.0367
SMASH! - feat. PnB Rock,XXXTENTACION,0,34,0.9999990602039455,-0.99999999999808,-0.44838493207384766,562.6174640728608,44655.47619047619,136873.14949899135,-7878.103896103898,1,190857.37490269405,8.338243748983023,0.819,0.513,0.607,140.032,0.153,-9.005,0.433
SOLO,JENNIE,1,1,-0.09748702599522069,-0.27819947229416286,-0.03999801311950054,623.8191002284495,59339.19047619047,140758.33284497602,-7076.300000000006,0,152994.94179530087,2.6719934259020865,0.752,0.642,0.388,95.043,0.0861,-5.165,0.0869
SOMEBODY,keshi,0,20,-0.3351257232420769,-0.9990385825168256,-0.34480395828265265,439.1256644032488,14807.095238095239,11843.28691467494,-719.2233766233765,0,17700.54030983235,1.879733805022328,0.649,0.461,0.487,141.088,0.442,-8.401,0.0449
SOS (feat. Aloe Blacc),Avicii,1,2,0.1827173175350859,-0.8644560220778514,-0.3999609460505074,527.4649171924015,59917.666666666664,89406.66218029964,-463.5363636363641,17,125441.02941079525,1.0842025843273182,0.802,0.645,0.376,100.001,0.272,-6.181,0.0715
STARGAZING,Travis Scott,1,1,0.32809789823158886,-0.7312994189587757,-0.05473111621735839,527.2705239533509,62237.42857142857,93903.07367836741,2451.649350649349,20,107354.67884312262,0.6335598931629749,0.487,0.789,0.0564,150.007,0.00947,-3.69,0.044
STARING AT THE SKY,XXXTENTACION,1,7,-0.026748026259887515,-0.9999999999999941,-0.44481443934396536,570.452856345337,91050.61904761905,293518.5714512921,-18530.796103896108,1,407286.8087871095,34.34138433440726,0.557,0.338,0.689,140.935,0.134,-9.892,0.0257
STAY,BLACKPINK,0,99,0.48635871345870196,-0.9968854241604067,-0.1467251564366171,307.22542246342,3452.5238095238096,487.67667070241566,37.25714285714285,20,472.66375733707355,0.8913477732952098,0.63,0.432,0.343,87.959,0.551,-6.721,0.0357
STAY (with Justin Bieber),The Kid LAROI,1,1,-0.7507965970694462,-0.0473247655815663,-0.7961627332040568,502.4332269506559,46734.142857142855,58285.278349793654,-975.6168831168833,7,89675.70174795121,1.2161107586586346,0.591,0.764,0.478,169.928,0.0383,-5.484,0.0483
STEREOTYPE,STAYC,1,5,-0.741584386633605,-0.03094311482935176,-0.788166791472993,437.5521578876966,14574.0,11900.292037232892,704.9584415584416,15,17658.20909513476,0.3960485670496868,0.605,0.805,0.738,148.298,0.313,-3.212,0.0641
SUBEME LA RADIO (feat. Descemer Bueno & Zion & Lennox),Enrique Iglesias,1,2,0.004819614034017299,-0.9998394935556962,-0.39033008961372745,497.3032945813056,25907.809523809523,45795.264853599634,-1788.4961038961035,4,65591.2211641924,5.23897801108623,0.688,0.822,0.66,91.011,0.0642,-3.304,0.0537
SUN,Gen Hoshino,0,21,0.911187395137757,-0.583020624547644,0.33791442739755384,362.0426240346814,16774.761904761905,6206.184994133345,-848.7415584415583,0,1892.6998038516301,1.9176891674004277,0.782,0.684,0.858,108.171,0.021,-5.774,0.0398
Sad Forever,Lauv,0,18,-0.05875442441152769,-0.9999978811832115,-0.4993201881716036,513.0197967986666,22688.904761904763,54009.36743698551,-2863.809090909092,1,81485.7498193856,3.894816864196608,0.747,0.488,0.358,122.023,0.456,-8.939,0.0607
Safe And Sound,Capital Cities,0,31,0.9999906047535195,-0.999999072736939,-0.35454506996753726,375.26871581131434,3830.0,1607.5093127183402,-72.25974025974031,1,2351.271483687071,1.26759163387865,0.655,0.819,0.766,117.956,0.000176,-4.852,0.0316
Sage,Ritviz,0,61,-0.4651226807971933,0.4196818607384121,0.014659648626550607,336.9169766708855,12473.095238095239,2093.260248301721,271.3753246753249,13,902.626083990486,0.7204084416879178,0.663,0.412,0.356,98.023,0.00434,-8.195,0.364
Saibo - Lofi Flip,VIBIE,0,155,-0.10816785681667046,-0.9999998375983974,-0.263916531311787,245.92640810155135,44590.5,2098.366464998088,161.4175824175838,2,3043.2930291936173,1.0,0.323,0.349,0.2,180.203,0.965,-12.524,0.0761
Said Sum,Moneybagg Yo,0,134,0.2971631344598642,-0.9994876904940866,-0.08579554971966655,423.0607900921727,222163.66666666666,8106.909853025341,-575.1389610389615,3,9122.416776819617,1.02828030993918,0.929,0.667,0.274,126.998,0.0185,-6.789,0.353
Sakhiyaan,Maninder Buttar,0,18,-0.6090068671555018,0.04218592910914711,-0.21500295473662695,340.24972283169234,15099.714285714286,1227.9121708492542,126.25454545454544,12,1062.6262466173137,0.8965284492037141,0.706,0.674,0.359,83.001,0.3,-5.932,0.044
Sal Gitsin,Sagopa Kajmer,1,9,-0.11503446589802113,0.9999999978455009,0.4272482278221784,429.5391488074001,69043.61904761905,35399.813147847184,-5109.453246753246,0,11031.373043619731,2.7221530684068,0.711,0.735,0.67,84.042,0.0618,-6.521,0.0986
Salió El Sol,Don Omar,0,30,0.2871891225332177,-0.9997242708008889,-0.0869017913197,273.44523264520217,1674.6666666666667,179.36802638399323,7.298701298701323,14,219.14772985363092,0.9231152441049484,0.886,0.708,0.965,109.976,0.107,-5.915,0.0911
Salvador,Mon Laferte,0,84,-0.9999999545840619,0.9999965112828243,-0.22545990011702757,232.01794112073378,12220.846153846154,2436.8155400709675,-426.47802197802156,1,2736.9213683240678,1.0,0.499,0.495,0.473,99.957,0.263,-9.166,0.0286
San Frandisco,Dom Dolla,0,102,-0.6370522241328166,-0.9999991049118021,-0.6929125583143526,276.1527015583748,35816.26666666667,5531.290680804577,-924.2642857142854,2,6914.692231629928,1.0,0.779,0.937,0.49,125.025,0.0443,-6.269,0.0496
Sanctuary,Welshly Arms,0,92,-0.20941693822752308,-0.7365467216375969,-0.6096100698222959,463.2651655594122,14145.190476190477,18518.84012520132,648.7285714285716,17,29061.294048742908,0.47798380001035135,0.53,0.718,0.354,76.996,0.00474,-6.481,0.0363
Sandstorm,Darude,0,67,-0.692532238142268,-0.9991265071217492,-0.26217954706969193,409.00022366650705,8785.285714285714,5572.919138825823,-267.3454545454547,0,7318.128111750983,1.2543579753467906,0.528,0.965,0.587,136.065,0.141,-7.984,0.0465
Sanningen (feat. Linnea Henriksson),Petter,0,25,0.2574971021916432,-0.9281919497773704,-0.3085603842034209,420.39907105991256,58966.47619047619,7273.866886844187,535.7233766233761,5,8470.910455199017,0.8979802119313858,0.806,0.541,0.67,89.952,0.176,-6.854,0.0403
Santa Baby,Kylie Minogue,1,10,-0.4710045018126441,-0.7368225390384204,-0.7407580010832467,453.842747879461,18403.666666666668,16380.830249129425,-151.9519480519477,7,28375.87945998326,1.038538854181037,0.685,0.391,0.443,87.101,0.744,-7.183,0.0435
Santa Claus Is Coming To Town,Rod Stewart,0,37,-0.15862076286511145,-0.947207394281593,-0.5696025505948181,478.7153023205266,16981.714285714286,27871.364959044833,162.5987012987013,11,44379.98360060535,0.8851137599044083,0.759,0.451,0.679,112.099,0.611,-9.136,0.0471
Santa Claus Is Coming To Town,The Jackson 5,1,5,0.10287312253105944,-0.9340933438417647,-0.24640912486906336,487.9876470082313,35340.04761904762,34176.357230827874,748.5207792207796,15,47791.418916579576,0.49502675105317806,0.691,0.776,0.961,146.861,0.458,-4.177,0.0341
Santeria,Sublime,0,147,0.7365428152206958,-0.9999999995365974,-0.003600518455555044,484.40858946927176,14675.47619047619,35441.56650791762,-2084.658441558443,0,36665.49153751385,3.960010593220339,0.682,0.765,0.567,90.807,0.0268,-5.021,0.0395
Satisfya,Imran Khan,0,67,0.06928319199855044,-0.7042487818406459,-0.35648652230409267,315.8229339826975,13772.809523809523,494.14424528409955,4.1610389610389635,9,616.8686570089293,0.9899020393716361,0.726,0.652,0.803,163.879,0.00451,-7.764,0.11
Saturday Sun,Nick Drake,0,117,0.1860992778361122,-0.9972229233727893,-0.1991809240295072,383.82581971245463,24836.619047619046,3313.121208255075,322.044155844156,12,3589.1592591441245,0.8689716901242376,0.546,0.121,0.144,127.122,0.966,-20.259,0.0343
Saturday Sun,Vance Joy,0,32,-0.03756645069896474,-0.8420681702166776,-0.5143926525563752,495.8111258180498,33659.333333333336,42349.70892949205,934.9831168831173,10,62524.5531069795,0.4726951418446365,0.637,0.864,0.706,99.995,0.484,-4.381,0.0468
Saturno,Pablo Alborán,0,12,0.4000800289702013,-0.9165822724851491,-0.26412872363768264,478.98716089854355,63464.80952380953,30136.526220359,-999.3974025974019,11,35489.00464436133,1.2933113307937878,0.278,0.572,0.311,95.351,0.392,-8.295,0.0407
Satya,DIVINE,0,21,0.7592977786818552,-0.9999999858964557,-0.04018786667169444,434.6914673174771,50633.95238095238,18153.938117890804,-2038.6727272727278,1,10768.785435693295,1.6407905877854252,0.598,0.804,0.322,139.737,0.0576,-5.39,0.123
Sauce!,XXXTENTACION,0,19,-0.0362214013753618,-0.9591883123446104,-0.4893611605172958,570.3559617395264,103286.19047619047,277366.2933769675,2379.0727272727277,17,418635.3959326033,0.6508143057398322,0.68,0.313,0.405,135.034,0.582,-13.672,0.0347
Savage,aespa,1,1,-0.9999999993832946,0.99998812984903,-0.07292575981038477,549.8910471700442,74108.19047619047,177414.13673463863,-9879.501298701303,0,189428.07062826643,3.3086891125766513,0.727,0.879,0.671,146.959,0.124,-1.167,0.129
Save Me,BTS,0,37,0.001881045401223797,-0.9944026489140412,-0.4582257824767182,351.1080091484358,1917.7619047619048,1389.397947888355,125.69610389610388,17,1679.323033248815,0.40192711314634616,0.613,0.822,0.54,139.936,0.0269,-3.48,0.062
Save Me,XXXTENTACION,0,31,-0.10640718179589885,-0.9469006729193279,-0.5033703416576973,564.5786991623826,107688.0,236944.82090401996,-2188.0376623376583,10,370699.6559598349,0.9022712300666275,0.731,0.204,0.191,142.141,0.307,-11.314,0.0369
Save Me (feat. Eneli),Mahmut Orhan,0,84,0.28192678288184464,-0.9982923129224374,-0.33219238076392194,320.0294588459291,6907.285714285715,659.0859574590615,59.38571428571423,8,686.8750450409449,0.8755526347233838,0.697,0.78,0.695,123.994,0.0824,-6.798,0.0379
Save That Shit,Lil Peep,0,16,0.005428509720108179,-0.9482873743392991,-0.4840642216410513,558.1496562079675,77223.71428571429,201420.59066520078,-1151.8610389610344,14,298812.131287135,0.5867483200275688,0.534,0.583,0.145,106.0,0.0262,-8.672,0.0288
Save Your Tears,The Weeknd,1,1,-0.26860891568777395,-0.9999999999810217,-0.5888491222491395,502.1226031610919,33517.52380952381,54429.53700460024,-2608.6883116883123,3,84291.82108773959,3.030692223336047,0.68,0.826,0.644,118.051,0.0212,-5.487,0.0309
Say My Name,Tove Styrke,0,63,-0.5061213461489226,-0.4796777502012786,-0.7287003164729324,442.4315736632672,18419.85714285714,12849.712360263034,675.5987012987013,6,19331.813844735316,0.7123174528922479,0.722,0.451,0.571,164.035,0.104,-9.707,0.125
Say No Mo,kizaru,0,109,-0.5022681074221035,-0.9986679403262687,-0.746870090748817,376.51526260694175,3378.0,2852.784988476382,221.15324675324678,8,4441.30279844777,0.3703038374578003,0.857,0.552,0.383,83.007,0.018,-8.89,0.346
Say So,Doja Cat,1,1,-0.3071881353547827,-0.8105363971303176,-0.657094007676102,544.331879593895,130739.28571428571,145430.14142360515,-3857.5311688311695,19,245355.92525644758,2.516904134585049,0.787,0.673,0.779,110.962,0.264,-4.583,0.159
Say Something - Zac Samuel Remix,Karen Harding,0,119,-0.10944189303021357,-0.9982296314961938,-0.38544002812144457,444.8947873799052,8979.952380952382,12594.766042463792,-529.5155844155846,13,17866.2489742531,3.3168848726341253,0.701,0.667,0.675,119.975,0.0121,-6.177,0.0361
Say To Me,WHTKD,0,82,-0.7187344128206528,-0.9987034035883419,-0.8524874237269724,442.94867512028674,17942.809523809523,16237.987488540706,157.01298701298717,13,30209.840488489837,0.8809995752513097,0.769,0.443,0.589,125.976,0.0103,-10.857,0.0711
Say You Won't Let Go,James Arthur,1,1,0.2485071977168385,-0.8792337226036615,-0.2508517971291602,524.6978918101634,62573.95238095238,86551.43139278858,3018.576623376622,18,116119.52241488079,0.5557698976588143,0.358,0.557,0.494,85.043,0.695,-7.398,0.059
Scam 1992 Theme Music,Achint,0,18,-0.29148830092518596,0.25628381042456827,0.27305003285193474,402.64568201649996,74005.14285714286,20062.703414867232,3068.871428571428,13,4664.0355860027485,0.5412896899135231,0.516,0.486,0.454,87.045,0.00411,-11.45,0.0249
Scar Tissue,Red Hot Chili Peppers,0,37,-0.4969588969266046,-0.23334649452744774,-0.8278254471782264,209.4929487314309,10664.5,14257.86256947373,690.3818181818173,8,21460.073870870292,1.0,0.595,0.717,0.547,88.969,0.0779,-4.803,0.0295
Scars To Your Beautiful,Alessia Cara,0,17,0.9998501643114859,-0.9999999999750674,-0.43453324089049383,525.2551972356787,34469.142857142855,68848.66964809796,-4795.687012987014,1,91515.3105919851,7.3521124719182565,0.573,0.739,0.451,97.085,0.0285,-5.74,0.129
Schism,TOOL,0,62,-0.15554435934767816,-0.9999999999947812,-0.503230295099357,384.0609581460267,21814.9375,62804.19808865163,-4151.73088235294,2,94820.36088496791,1.0,0.567,0.714,0.191,107.441,0.0012,-8.512,0.0302
"Schneeflöckchen, Weissröckchen",Rolf Zuckowski,0,88,-0.3616570948701838,-0.6571041692231803,-0.7320071401966322,341.63116814809393,98533.53333333334,30883.198825826894,-501.9714285714289,11,52584.50572775838,1.0,0.731,0.256,0.809,110.081,0.88,-8.252,0.0371
Science Fiction,Arctic Monkeys,0,16,-0.05144845971673554,-0.9002773222390759,-0.4918395469754326,519.5317113902538,35668.90476190476,74236.15857640673,768.4129870129875,13,113960.17392356858,1.5356119109681925,0.542,0.766,0.643,88.062,0.0295,-5.411,0.0282
Se Namorar Fosse Bom - Ao Vivo,Os Barões Da Pisadinha,0,69,-0.3084181654031908,0.91065833123748,0.197791101345367,480.1221286626412,125699.42857142857,36354.71799940589,-1425.0441558441526,8,36868.87616442221,1.0016416376731352,0.658,0.925,0.933,168.041,0.49,-2.422,0.069
Se Preparó,Ozuna,1,1,0.10766839241390132,-0.9413901121801994,-0.44579924483251404,447.4358305976613,9666.52380952381,12754.142425554839,349.64675324675324,11,17169.680683911974,0.6243546083708668,0.739,0.821,0.693,171.077,0.222,-4.233,0.0852
Se é pra Gente Ficar (feat. Wesley Safadão),Solange Almeida,0,34,0.36771411174964574,-0.9996946220231523,-0.09809300949111312,433.4158817698881,86548.14285714286,28552.008623005197,4431.8987012987,20,11631.596813851487,0.48455224776423983,0.717,0.859,0.703,118.97,0.198,-3.402,0.0344
Secret Story of the Swan,IZ*ONE,0,23,-0.08708523738991505,-0.9758444779923807,-0.4203050870701031,451.2621075835577,19191.85714285714,14729.793941227432,641.9298701298706,14,21742.991315536598,0.6174120616802942,0.703,0.941,0.758,102.969,0.131,-0.995,0.0808
See U Later,BLACKPINK,1,4,0.12961788840382032,-0.9999999968220342,-0.41992276501245196,460.64746865355403,19340.238095238095,18119.873514497995,-44.68181818181767,16,24893.95913389431,0.9222486715517091,0.74,0.926,0.571,106.987,0.0376,-3.965,0.112
See You Again (feat. Charlie Puth),Wiz Khalifa,0,62,-0.5036807002506228,-0.9947271203429356,-0.6565755317645994,395.93804508094894,5673.619047619048,4092.981466296508,30.001298701298655,18,7181.2655533338975,1.0441084749145524,0.689,0.481,0.283,80.025,0.369,-7.503,0.0815
Seek Bromance - Avicii Vocal Edit,Tim Berg,0,20,0.33102246696953136,-0.9324220817419893,-0.16030400640926068,510.49937180482436,40126.52380952381,62685.76940021597,504.3727272727267,14,78688.75931762744,0.6692712640306561,0.49,0.811,0.547,125.965,0.0896,-2.524,0.044
Segue O Plano - Ao Vivo,George Henrique & Rodrigo,0,59,-0.3667716658143034,0.8278034292036918,0.06811461044740198,459.73999184538957,117260.33333333333,19366.0455543381,-563.8103896103927,7,20188.95398256185,1.0120047593731805,0.741,0.682,0.691,149.981,0.471,-6.028,0.0587
Selfish Love (with Selena Gomez),DJ Snake,0,18,-0.43141682229976713,-0.5571433984023081,-0.67273485183927,471.1064866921212,20444.904761904763,22544.33065657161,-1120.7493506493513,2,34211.959609177604,1.4936031195388506,0.723,0.646,0.443,110.971,0.0206,-7.973,0.102
Sem Amor - Ao Vivo,Henrique & Juliano,0,62,-0.5223220962361285,0.9999999509004985,0.4043115411811659,441.3111712486672,88837.80952380953,19231.437215982853,-1752.9363636363641,0,13142.828773137082,1.2445554438781476,0.537,0.829,0.506,89.238,0.293,-5.709,0.0747
Sem Rede - Ao Vivo,Henrique & Juliano,0,88,0.11373152248429746,-0.9691978327769949,-0.14413006098819528,437.31540445188057,130686.71428571429,14857.803750868421,-1811.9272727272705,0,13298.073476635629,1.200847465710307,0.531,0.566,0.454,105.612,0.656,-6.736,0.0273
Semt İşi,Maestro,0,102,0.2341046538795076,-0.9980398494612125,-0.2621860214968024,360.3466628707587,18892.380952380954,1503.4413373574919,-23.264935064934797,6,1904.301012839094,1.0299130845164588,0.824,0.498,0.263,119.002,0.322,-8.427,0.0692
Send Me On My Way,Rusted Root,0,97,-0.24274993383410304,-0.6255911779595114,-0.46804688575745257,431.87255639502416,6573.9047619047615,9997.066340657198,-940.4181818181822,0,11989.356615348466,8.231142122658833,0.5,0.681,0.745,119.46,0.114,-9.556,0.0672
Send My Love (To Your New Lover),Adele,0,25,0.9979482483089558,-0.9999999999995506,-0.4213986295192505,521.8230996392824,27591.52380952381,62868.04018745405,-3350.5181818181813,1,87705.47172398938,4.059071729957806,0.688,0.533,0.567,164.069,0.0355,-8.363,0.0865
Seni Dert Etmeler,Madrigal,1,1,0.34089335247988706,-0.999470168140988,-0.30635630454563656,380.79294573352877,25473.85714285714,2549.515328089491,51.958441558441564,8,3053.963593021371,0.9523601496516344,0.552,0.608,0.835,88.002,0.148,-11.211,0.0274
Sensacion Del Bloque,De La Ghetto,0,58,0.071737653109175,-0.9989497915068407,-0.404127052712789,429.0628687690732,8395.142857142857,8185.06468709764,44.285714285714505,18,11564.945664701585,1.1667555403877738,0.709,0.726,0.405,92.014,0.0977,-7.129,0.0411
September Song,JP Cooper,1,6,-0.07927115097816115,-0.23473351972219808,-0.4846054880347158,522.7968666218542,34858.23809523809,85210.65440475251,4317.703896103895,20,94873.79216438015,0.322504783640548,0.614,0.615,0.374,95.942,0.054,-6.7,0.0444
Serseri,Teoman,0,143,0.04057370842423988,-0.9990636980996391,-0.40314450917898204,285.8711528896335,4315.238095238095,232.94509975771928,-8.12987012987014,5,315.71957493953397,1.0353449709060683,0.65,0.519,0.528,74.932,0.114,-5.886,0.0323
Set Fire to the Rain,Adele,0,21,0.27870158592616073,-0.9985447530485818,-0.14882261946479583,383.6915241260037,11955.0,5971.5738373763825,-879.4142857142853,2,3347.4701865737356,3.2219484269215455,0.603,0.67,0.446,107.993,0.00408,-3.882,0.0249
Seu Bebê Tá Bebo - Ao Vivo,Os Barões Da Pisadinha,0,115,-0.40731314330888435,-0.9990215648884117,-0.4389609683462356,402.20620089605404,112977.68421052632,15536.603855861204,-1465.3298245614062,1,21944.44320738393,1.0,0.666,0.952,0.814,172.142,0.475,-2.847,0.0622
Sevdik de noldu sanki,Patron,0,13,-0.37349244937638487,0.9999816001326056,0.45109000073131494,401.1822831587953,66360.95238095238,22879.939367793853,-3629.090909090908,0,4923.67001331324,2.200142736220146,0.791,0.635,0.302,129.94,0.608,-7.071,0.0793
Seve - Radio Edit,Tez Cadey,0,112,-0.3792606225112048,-0.9587356911236748,-0.4977974894524803,446.2823657046874,10480.42857142857,13535.294429472786,165.74935064935076,15,23059.884508546438,0.7745390976604636,0.74,0.831,0.448,121.034,0.444,-7.321,0.0456
Seven Nation Army,The White Stripes,0,27,-0.05327734764117649,-0.9967640630315885,-0.5631934088409078,446.9475107340009,11474.666666666666,12785.77121473537,63.93376623376631,16,19420.96750267607,0.8457665947036475,0.743,0.446,0.278,123.596,0.0039,-7.807,0.0683
Seventeen Going Under,Sam Fender,1,4,0.08633978048822993,-0.9941576480945556,-0.2857580835084542,457.93035659346947,88134.42857142857,15862.243669950918,-496.38311688311614,2,21150.626802236857,1.0890884568020172,0.477,0.873,0.611,161.948,0.00471,-4.946,0.0355
Sex Sounds,Lil Tjay,0,148,0.2154010612957374,-0.9997500841329813,-0.16824481346958878,283.4784488027215,4252.523809523809,234.1203636405894,13.662337662337677,16,286.4842883999051,0.9449131836987326,0.857,0.427,0.366,130.033,0.281,-8.638,0.112
Sex i taxin,Hov1,0,11,0.18899550141084973,0.9999999998602934,0.17460320169319274,338.7043353670112,51370.5625,34814.296273170505,-6493.963235294113,0,17933.02318393515,1.0,0.76,0.376,0.518,94.938,0.787,-8.348,0.0453
Sex with My Ex,Lil Peep,0,11,-0.019808989125122797,-0.8960423779411422,-0.43309423477501496,542.9715771618227,53469.52380952381,150607.4309921624,-9250.492207792206,1,208295.7626588693,8.719719398819514,0.497,0.77,0.47,167.892,0.0472,-4.298,0.0757
Sexy Bitch (feat. Akon),David Guetta,0,16,-0.1395813872962916,-0.97454919829913,-0.5443976957015404,438.78449921549736,10326.333333333334,10505.684340409123,-67.05844155844139,13,16472.595197478753,1.4846886943060327,0.813,0.627,0.801,130.011,0.0771,-5.018,0.0486
Sexy Movimiento,Wisin & Yandel,0,92,-0.20508265867299222,-0.9999967246934376,-0.49958128276643005,380.34490250329526,4836.473684210527,7085.937885911199,-314.0666666666669,3,11099.57195982611,1.0,0.787,0.858,0.814,105.0,0.405,-4.152,0.0373
Shadow of the Day,Linkin Park,0,62,0.042837615395745605,-0.9287915043885437,-0.46398923302144085,548.8258572346306,61336.857142857145,157451.88809020384,1533.096103896104,15,230148.05819665303,0.4377402519553179,0.534,0.393,0.0641,110.007,0.00479,-7.813,0.0292
Shaky Shaky,Daddy Yankee,1,5,-0.070346973591566,-0.8971772383883254,-0.544776085597976,548.9185801464536,64072.857142857145,158506.19898987448,-3383.185714285714,10,242578.31555211195,10.481398496942537,0.899,0.626,0.873,88.007,0.076,-4.228,0.292
Sham Pain,Five Finger Death Punch,0,57,-0.4821328532675658,-0.9999997921725696,-0.77334676137613,361.43396496373055,15677.333333333334,8004.501483540371,-157.80392156862675,3,13850.031748180418,1.0,0.554,0.938,0.4,96.5,0.000176,-4.901,0.0532
Shape of You,Ed Sheeran,1,1,0.1980459275445586,-0.8706784687427437,-0.2741325395651586,520.8555421036806,68106.80952380953,74955.72479335418,3243.631168831168,19,101222.92241483646,0.48470698195399764,0.825,0.652,0.931,95.977,0.581,-3.183,0.0802
Sharp Edges,Linkin Park,0,42,-0.09745201732752638,-0.999999987428468,-0.5039980266618334,433.23815698748285,7329.9047619047615,9120.672118637507,98.6896103896107,1,14007.408141676318,0.7731512228927838,0.652,0.714,0.624,112.029,0.145,-5.678,0.0562
She Is Love,Parachute,0,103,-0.4629828439385599,-0.9863096158345283,-0.6636653474230833,326.6681817037039,23032.61111111111,5924.545572248923,1000.2177502579976,16,5069.528835692422,1.0,0.629,0.174,0.305,134.295,0.616,-9.697,0.141
She Knows (feat. Amber Coffman & Cults),J. Cole,0,33,0.4312232853852433,-0.9459842034552995,-0.20443527197498312,513.297672267292,47658.333333333336,72801.7133094658,2774.928571428571,19,81612.68024265592,0.24269258417586495,0.766,0.74,0.183,118.008,0.0193,-10.363,0.0807
She Looks Like Fun,Arctic Monkeys,0,15,-0.05339313801697369,-0.8989986758259918,-0.4922855821004798,519.75948374301,35846.42857142857,74752.09175450189,844.0363636363634,13,114813.64971025875,1.4632166293371058,0.514,0.773,0.445,103.943,0.00944,-3.754,0.0388
She Move It Like,Badshah,0,12,0.0814153007605169,-0.9974458559284476,-0.27087048209004705,333.4142666550225,16944.95238095238,1563.2406047082504,226.59999999999994,17,1036.024588269989,0.8211032757575526,0.832,0.477,0.844,101.997,0.00725,-6.949,0.0481
She Treats Me Well,Ben Howard,0,122,-0.23892486907039895,-0.9759916468222948,-0.32232563063040354,235.5429317973798,20150.846153846152,3639.746289682076,621.7582417582422,5,4422.681058255903,1.0,0.625,0.494,0.596,79.589,0.374,-12.597,0.0393
She's My Collar (feat. Kali Uchis),Gorillaz,0,84,-0.2084543333278134,-0.9999999999889762,-0.47743868341880297,529.5350440595647,39226.619047619046,112879.57943438416,-7479.062337662333,1,167440.40893464157,94.03237536656891,0.726,0.815,0.462,140.158,0.00799,-5.886,0.0313
Shine,PENTAGON,0,107,-0.24752328568657359,-0.9987161839198533,-0.5682150230493129,385.0136812444584,7273.714285714285,2904.2909001429352,135.1857142857144,12,4384.5895415078485,0.6445582500711285,0.74,0.804,0.791,150.013,0.411,-2.187,0.0546
Shivers,Ed Sheeran,1,1,0.29155903749017814,-0.9455090831342446,-0.2658212932522006,486.8352033064404,32831.52380952381,34677.825719476496,-438.9402597402591,16,44477.613747817006,1.0816545484860127,0.788,0.859,0.822,141.02,0.281,-2.724,0.0856
"Shook Ones, Pt. II",Mobb Deep,0,90,-0.09716276408643162,-0.9999999999913466,-0.46547199514543175,276.97218729892336,80253.72727272728,143074.7118034941,-2618.0818181818127,3,231957.9465778226,1.0,0.763,0.786,0.504,93.857,0.0146,-6.472,0.229
Shooting Stars,Bag Raiders,0,27,-0.5920736311425819,-0.5239469073858066,-0.8213567712541714,424.6809714037653,15408.666666666666,7709.963364333522,15.770129870129974,17,13335.062161834867,0.9397722070131835,0.636,0.72,0.425,124.944,0.0893,-6.195,0.0432
Shot In The Dark,AC/DC,0,27,-0.0162095678529995,-0.8704413336237742,-0.4505531348801826,552.7721155526933,64220.71428571428,180941.964308776,9300.497402597402,18,260909.93191289212,0.15716149845380534,0.599,0.787,0.822,114.065,2.07e-05,-4.708,0.0338
Shot in the Dark,John Mayer,0,19,-0.08069293012652735,-0.9410129991299074,-0.5038640193979581,577.5032673455263,139399.61904761905,326569.35485983547,-5151.654545454543,10,504888.90158221935,1.42445390243203,0.741,0.556,0.587,122.008,0.0629,-9.184,0.0266
Shotgun,George Ezra,1,1,-0.055612238559393706,-0.9200756292258767,-0.4721272767907168,507.5272716489361,49739.42857142857,57474.5416415961,1845.7740259740262,6,85714.82633862125,0.5590884719799509,0.673,0.735,0.754,115.744,0.286,-4.733,0.0457
Should I Stay or Should I Go - Remastered,The Clash,0,53,-0.09821660683790497,-0.9999999603403422,-0.5035923798576221,483.4886911696888,9671.238095238095,33105.87924035011,-1420.9571428571423,3,49241.76756230425,10.908502180046167,0.743,0.836,0.82,113.375,0.0804,-6.465,0.116
Shouldn't Be,Luke Chiang,0,53,0.40677413050965416,-0.9983085788310564,-0.2328478769920098,367.20697353554067,35147.857142857145,2867.3098107843884,-358.2883116883121,0,2167.095985414582,1.185301905708133,0.647,0.294,0.323,124.999,0.728,-10.344,0.0312
Shouldn't Matter but It Does,John Mayer,0,43,-0.25313775345002787,-0.7537576357618712,-0.5076338835190033,402.59563228895274,168749.93333333332,270376.90589606366,-14053.046428571428,2,446572.8135347149,1.0,0.549,0.324,0.268,80.888,0.457,-11.769,0.0285
Show Me How to Live,Audioslave,0,57,-0.10560773001994873,-0.9367487259277942,-0.50680733386726,541.6228880044167,58117.19047619047,131968.43213421805,-460.4181818181811,10,206383.80774481193,1.032738373244357,0.433,0.854,0.368,89.4,0.000336,-3.868,0.0483
Show Me The Magic,Jamie Cullum,0,72,-0.12684534621783206,-0.7785366255268723,-0.5071298740905487,476.5598001710781,22952.095238095237,24707.636106898808,-212.70779220779244,9,39356.1092142948,1.127688560199892,0.569,0.489,0.543,123.573,0.238,-5.594,0.04
Shower,Becky G,0,81,0.44549685751101703,-0.9990374809081908,0.05897700125367881,307.08680204096794,6131.761904761905,431.4080937009152,15.844155844155885,18,473.6783191154098,0.963981151591771,0.699,0.529,0.121,119.987,0.0317,-7.548,0.0487
Shrike,Hozier,0,23,-0.06322489039972662,-0.9999999999394114,-0.4532271779294652,500.85181705135767,20156.619047619046,52627.22375573147,-3083.0324675324655,2,74208.65664090343,9.256300444737276,0.506,0.275,0.0639,153.769,0.494,-8.464,0.0292
Shut Up and Dance,WALK THE MOON,0,37,-0.7875084511725493,-0.9197089832777804,-0.8863179192641178,441.34166908553436,19020.190476190477,17628.565783488073,450.6974025974026,17,33230.037349474944,0.7191634435479696,0.578,0.866,0.619,128.038,0.00701,-3.804,0.0619
Si Estuviésemos Juntos,Bad Bunny,1,6,-0.07283962769523444,-0.9999079124673512,-0.4580611935089745,523.3376634878223,36856.80952380953,69614.60219537898,-3111.3883116883108,2,101367.55620616491,2.2345146301645107,0.672,0.594,0.158,171.854,0.0626,-6.813,0.0789
Si Veo a Tu Mamá,Bad Bunny,1,1,-0.08755844839223312,-0.900458283626102,-0.5417897875803654,624.4845601469044,446695.28571428574,1047307.2341783018,-9779.387012986996,11,1611357.9392583224,3.996659303251974,0.9,0.603,0.824,129.928,0.402,-5.313,0.0646
Sick Boy,The Chainsmokers,1,1,0.9992647878316124,-0.9999999999944696,-0.4454913123041655,536.2232650315963,32089.619047619046,86800.59731332563,-4984.35714285714,1,125693.67825562072,8.277944638363504,0.663,0.577,0.454,89.996,0.109,-7.518,0.0531
Sidhu Son,Sidhu Moose Wala,0,27,-0.561003139223004,-0.9926759544962903,-0.09139000453427501,226.13534498111707,57842.083333333336,13361.99352927507,-3624.0314685314656,1,7762.919908393506,1.0,0.571,0.732,0.584,82.825,0.116,-6.068,0.154
Siga a Seta (feat. Matheus & Kauan) - Ao Vivo,Marcos & Belutti,0,17,-0.3417574954092883,0.910667878409902,0.30038153290512104,477.24607555491605,135037.85714285713,64575.573536369164,8216.557142857144,15,32958.71602110738,0.414630652712769,0.508,0.855,0.641,172.008,0.517,-3.634,0.18
Signed to God,Sidhu Moose Wala,0,11,0.875647407122373,-0.9999999433243869,0.23539515554732005,420.85841596718797,74923.38095238095,27239.62947527211,-4144.040259740258,1,7461.49116396984,2.1323175936741845,0.833,0.67,0.7,92.991,0.046,-7.313,0.194
Sigo Extrañándote,J Balvin,1,3,-0.5679620228979078,-0.9970349738454409,-0.7859976616897046,404.1054137152547,6543.238095238095,5378.360645124585,113.00779220779229,8,9774.944121963052,0.713696029059688,0.896,0.859,0.938,93.016,0.154,-4.232,0.21
Simple,Florida Georgia Line,0,38,-0.574025820962296,-0.5320099360735344,-0.6638854624277323,555.9684805826258,218393.2380952381,173585.4780410874,-5438.298701298695,1,294044.0985931362,1.3202803365516524,0.362,0.882,0.864,199.811,0.0791,-3.717,0.0973
Sin,Sidhu Moose Wala,0,40,-0.868641322426619,0.9990580387178021,0.19057587338892765,388.5335865248557,72622.42857142857,8959.568508803624,-1269.215584415585,4,3321.956458173406,1.3023017832395671,0.769,0.832,0.34,84.981,0.111,-5.038,0.182
Sincericidio,Leiva,0,81,-0.5039667995059353,0.2995286915417765,-0.15501661468052605,396.0741123753563,22805.95238095238,3691.2712802500837,-136.69220779220794,4,4040.837077574398,1.1422955101133587,0.566,0.81,0.258,124.885,0.000543,-5.235,0.0382
Sincerity Is Scary,The 1975,0,24,-0.01311766261010702,-0.9115037339475996,-0.8680228819149507,549.4649224432477,62177.333333333336,163324.85263668126,4589.740259740259,19,241725.63874721175,0.6446936517358215,0.664,0.524,0.475,91.027,0.0495,-5.178,0.0283
Sing Me to Sleep,Alan Walker,0,38,-0.24619719564754047,-0.9997082004331089,-0.5595540366236117,430.1955886478145,8347.52380952381,8649.589655111628,-33.21298701298689,13,14069.923094583708,1.302390073088764,0.474,0.622,0.158,176.062,0.0129,-6.381,0.061
Sing Out!,Nogizaka46,0,64,0.09622928075242405,0.07614276751753199,0.1728005729835188,329.01583423247,11960.761904761905,1237.04786467668,22.353246753246562,11,750.8805231193575,0.9975418882311629,0.52,0.822,0.7,89.957,0.489,-4.515,0.0367
Singles You Up,Jordan Davis,0,100,-0.5444436856822202,-0.7450918765277097,-0.8311090155609486,520.9288990078189,144844.2380952381,94177.47791064472,-4911.609090909088,15,160659.0308662728,1.5622501365374113,0.634,0.903,0.559,100.083,0.0465,-3.588,0.0323
Sirena,Cali Y El Dandee,0,24,-0.4328698777155849,-0.9999995220718932,-0.618837777066468,430.0082468292149,11201.047619047618,9501.882397344776,-355.44415584415594,2,16118.287977558288,1.4432110485056346,0.755,0.767,0.321,93.959,0.00459,-4.446,0.0535
Sirenas,Taburete,0,28,0.6157753172231676,-0.9974323780803563,-0.08714114734923828,386.28771516175607,31546.14285714286,3685.4690246931655,359.8168831168832,13,3200.998882770814,0.8500986788241276,0.687,0.574,0.251,126.976,0.739,-6.249,0.0404
Sirkkeli,Stam1na,1,5,-0.29853463474998637,0.622853403202494,0.18009064661530141,270.0634363184474,11408.285714285714,8018.7023658852095,-1299.1516483516484,0,5981.280754776156,1.0,0.439,0.975,0.124,106.071,5.77e-06,-5.787,0.0732
"Sit Still, Look Pretty",Daya,0,38,-0.18620055876784955,-0.7115215505057516,-0.5218816197680161,476.64289108918797,20197.95238095238,24662.234905246158,492.94675324675364,11,39046.60569790286,0.8338425206779738,0.655,0.787,0.554,181.799,0.122,-3.031,0.264
Six Feet Under,Billie Eilish,0,137,-0.47753250543735887,0.009767232530475772,-0.4525938552247356,236.82679978555416,1581.3809523809523,116.16469268957928,14.041558441558456,14,83.9703965692672,0.8715549068429638,0.576,0.307,0.157,67.513,0.807,-12.732,0.0428
Skin,Rag'n'Bone Man,1,9,0.31324757477174253,-0.9464851386768152,-0.258697391821275,464.1937878374663,24617.238095238095,19738.14155844987,-330.60909090909115,5,25250.113825684035,1.5514324048997443,0.564,0.745,0.351,170.661,0.265,-7.733,0.31
Skinny Love,Bon Iver,0,51,0.009232582244896863,-0.930398945433797,-0.46617668871795104,529.5733971332978,42079.19047619047,99730.38448623993,-1972.7454545454543,10,146348.45111290895,15.092733941316416,0.592,0.263,0.109,76.366,0.845,-14.029,0.0568
Skiter väl i det,Albatraoz,0,80,0.3130812091270875,-0.9996423153441447,-0.0022185833190078775,357.28451936025124,22704.263157894737,4603.098897163053,-508.12105263157963,0,4507.006896331561,1.0,0.726,0.792,0.914,122.157,0.183,-4.954,0.215
Skulle aldrig hända oss,Lars Winnerbäck,0,58,0.4325655476253358,-0.9386200874867926,-0.20472734303425452,422.4022331082433,24676.47619047619,7966.484745596019,-531.825974025974,5,8370.879783362081,1.504164617770549,0.463,0.827,0.829,152.353,0.00638,-7.073,0.0342
Skyfall,Adele,0,54,-0.1061840860971968,-0.9055098495296016,-0.5129843539214798,550.1177876954565,67438.57142857143,169477.6611852321,7366.374025974027,18,258370.06950118564,0.2566961767454335,0.346,0.552,0.0789,75.881,0.417,-6.864,0.0282
Skyline,Möwe,0,90,-0.025236307629597124,-0.9999878054568021,-0.42448391717362566,389.5379672735436,13117.761904761905,3125.072584372461,120.22337662337655,2,4543.909124036263,0.8321549026778821,0.629,0.87,0.628,117.96,0.0325,-3.352,0.0304
Slam Dunk,Patron,0,16,0.13976765958393658,-0.9999989881279514,-0.17473795227026898,419.90612503643274,69529.95238095238,11734.69553433095,-1619.111688311688,0,8687.656524633096,1.4190539437597902,0.845,0.646,0.282,95.944,0.181,-6.514,0.215
Sleigh Ride,Ella Fitzgerald,0,39,-0.23062179813513978,-0.9660828489524398,-0.4801357000289696,463.76864423819984,15818.42857142857,22503.54736812976,-1776.4792207792198,4,32105.059521008523,15.356666427598077,0.593,0.287,0.639,77.117,0.764,-12.472,0.0469
Slide (feat. Frank Ocean & Migos),Calvin Harris,1,6,0.3986572621033788,-0.9310672573361359,-0.14564960505580923,481.024396926274,26839.666666666668,30505.89983426833,-396.54155844155815,5,36033.587618324935,1.699612483853494,0.736,0.795,0.511,104.066,0.498,-3.299,0.0545
Slow,SHY Martin,0,81,-0.23829532342356205,0.5266322788549092,0.24134958997534714,383.8877234431657,22918.380952380954,5468.573179247037,-710.5792207792206,0,3030.4215428715524,1.4955688322786442,0.636,0.243,0.239,142.016,0.815,-9.509,0.04
Smack My Bitch Up,The Prodigy,0,43,-0.044541704086419526,-0.5931730418196788,-0.4794201886674503,458.3361376247183,14274.3,28310.789438127646,584.3834586466166,5,38650.28040234709,1.0,0.604,0.995,0.262,136.216,0.00306,-3.641,0.164
Smells Like Teen Spirit,Nirvana,0,54,0.025792744215801227,-0.004468738065835287,0.02414909338452534,342.8408499077617,2913.5238095238096,1012.1907696649932,-38.653246753246734,16,1045.5503813781525,1.257339844872163,0.502,0.912,0.72,116.761,2.55e-05,-4.556,0.0564
Smells Like Teen Spirit - Remastered 2021,Nirvana,0,114,0.030143471541406976,-0.9237448510676116,-0.4518446151171505,556.8212329087087,79147.04761904762,195039.94431922236,4548.051948051948,18,285862.5598354216,0.5843991108677093,0.489,0.918,0.691,116.731,3.53e-05,-4.502,0.0554
Smile,Benjamin Ingrosso,1,5,-0.7182550399315139,-0.5748351810041032,-0.8190407757726588,496.4337397036592,69699.33333333333,54062.0053142979,444.5402597402622,1,101194.81411627524,0.8637580835447332,0.592,0.749,0.819,127.033,0.000646,-6.179,0.0294
Snap Out Of It,Arctic Monkeys,0,84,-0.010744359591101335,-0.9999999899310652,-0.4721468520482787,178.1030085781288,3619.6,3114.205105640924,-613.624242424242,3,3885.8280049367368,1.0,0.728,0.638,0.872,130.014,0.249,-6.455,0.0336
Snow (Hey Oh),Red Hot Chili Peppers,0,22,-0.026658201110784825,-0.9989817944851663,-0.45578445052201116,391.1848228007299,5061.857142857143,3197.2320809712637,-72.52857142857135,9,4719.966718897496,1.2799806909868285,0.427,0.9,0.599,104.655,0.116,-3.674,0.0499
Snowman,Sia,1,1,-0.06683858280256261,-0.9992014531044627,-0.5080980415819999,426.56791612846735,10465.190476190477,7916.390565324986,314.48181818181826,7,11629.385572226074,0.7155186191465559,0.716,0.512,0.326,104.957,0.483,-6.257,0.0331
So Bad,高爾宣 OSN,1,3,-0.999976817784538,0.9986687036961831,0.10305517923133958,386.3575675554079,27753.95238095238,8988.324042499276,1261.112987012987,11,3116.572820824182,0.4712276241482068,0.741,0.667,0.559,118.032,0.37,-3.975,0.0401
So Good (feat. Ty Dolla $ign),Zara Larsson,1,5,0.046379913300320895,-0.9223449059143519,-0.4116180305226305,510.7324006467231,34494.71428571428,59859.16364119307,-414.5805194805189,9,87259.31372415212,0.7191956563123351,0.726,0.576,0.783,82.055,0.085,-7.341,0.146
So Sick,Ne-Yo,0,71,0.2247691154675625,0.3282577926672331,0.40305279205592065,360.1723921422961,23334.95238095238,2183.7476846269074,152.98571428571478,17,1826.8332511480078,0.9328050317456543,0.679,0.682,0.59,94.971,0.265,-5.837,0.261
So What,BTS,1,10,-0.0848420483464193,-0.9916736180111306,-0.492136298463778,514.3831042739547,29044.619047619046,59917.46481498425,-2206.744155844156,2,89846.77278638059,2.2614710658492685,0.657,0.883,0.461,129.943,0.0238,-4.294,0.0733
Sober,TOOL,0,88,-0.12497252941737369,-0.9999999999433649,-0.502545990236627,313.0660339670058,27075.69230769231,72690.04166520982,-5849.52747252747,2,111676.94622222097,1.0,0.385,0.673,0.187,149.271,0.000183,-8.182,0.0329
Sobrio,Maluma,1,1,-0.290128200408869,-0.6725936550286384,-0.9549617659877692,566.5917603318902,100888.76190476191,250927.35372611517,9744.050649350647,19,387176.34180953,0.37419810778088824,0.762,0.77,0.631,177.998,0.138,-2.758,0.223
Sodio,Danna Paola,0,12,-0.13710952454749387,-0.7755813369980699,-0.4566372348925226,543.0804889546698,78219.42857142857,133137.323572522,-1167.5558441558453,20,196741.58712317917,1.4212780873536675,0.508,0.76,0.414,86.762,0.0662,-4.8,0.0851
Sofia,Alvaro Soler,0,56,-0.06906990292191387,-0.682307130781541,-0.45763616029989684,432.8559373673013,6112.333333333333,8851.903870184318,-49.085714285714246,8,12242.65895547205,1.4832981497578543,0.689,0.711,0.914,128.005,0.0732,-6.077,0.0316
Sofia,Clairo,1,4,-0.31114012797015655,-0.9225460305126386,-0.6711851770634498,527.7830464048267,96030.76190476191,113151.79278334997,-9379.935064935065,8,166384.50432731857,3.602776044915783,0.744,0.619,0.641,112.997,0.598,-9.805,0.039
Sofrendo Ao Quadrado - Ao Vivo Em Goiânia / 2019,Pedro Paulo & Alex,0,88,0.5015442611893718,-0.9992539375643987,-0.1000857374985822,372.6563456899098,89853.38888888889,15346.918171045465,-2061.247678018575,2,12027.123544773525,1.0,0.464,0.903,0.691,157.687,0.429,-3.001,0.116
Sofðu,Hafdís Huld,0,42,0.33275654579189534,-0.9997696337100798,-0.2137809808402179,206.42840082087585,1050.1904761904761,37.459335472735724,3.1155844155844026,20,38.537611498379086,0.959305408271474,0.684,0.117,0.671,125.928,0.935,-12.232,0.0349
Soldadito marinero,Fito y Fitipaldis,0,111,0.10360065575842349,-0.9991298783908625,-0.25123024347914935,343.3033368640167,18066.85714285714,962.853264087143,9.085714285714225,15,1342.4858760895772,0.9724039740766964,0.718,0.431,0.324,139.618,0.132,-8.736,0.0314
Solo (feat. Demi Lovato),Clean Bandit,1,1,0.306952141777879,-0.9060576079513859,-0.2613268914183578,528.924967986231,46018.333333333336,98347.55554874102,3479.1259740259743,16,123933.07611669897,0.23042519428488684,0.737,0.636,0.565,105.005,0.0441,-4.546,0.0437
Solo Dance,Martin Jensen,1,4,0.13926480849332587,-0.9151409480120901,-0.39555366966204336,543.1355643283978,51464.04761904762,137242.22652129168,4601.520779220778,15,188971.1530440559,0.15553294202316081,0.746,0.846,0.403,114.955,0.0485,-2.432,0.048
Solo Si Es Contigo (feat. Bebe),Bombai,0,98,0.2818276915115153,-0.9994257928383178,-0.04904445929164003,364.00991762811935,18545.904761904763,2147.2796279137738,223.15714285714287,14,2108.317827083953,0.8294046485658452,0.574,0.59,0.96,175.2,0.329,-6.205,0.0475
Some,BOL4,0,31,0.6168139621441189,-0.9997014659717661,-0.0753113628990168,345.11168574877206,4040.3333333333335,2581.6035683518458,374.4064935064935,20,1187.7721414480134,0.20730018607468953,0.659,0.799,0.782,103.991,0.417,-2.849,0.0629
Somebody Else,The 1975,0,61,0.7934421087346983,-0.9998027337644256,0.00988179770342212,415.60795546630743,25972.428571428572,12916.995790233037,-1591.0844155844147,10,6636.114417337904,2.9074911264711374,0.618,0.793,0.459,101.015,0.204,-5.711,0.0601
Somebody To Love,OneRepublic,0,54,-0.025935112295129792,-0.9355358047049848,-0.49448895337586685,554.9295396958603,63753.380952380954,183757.79367403744,145.4181818181811,14,277541.50658063294,0.47171826901577996,0.401,0.503,0.236,118.491,0.0158,-8.084,0.0437
Somebody To You,The Vamps,0,134,0.7507284185650727,0.999689971877499,0.35193476673850604,409.3141148531177,9335.333333333334,11763.284341880737,-875.3311688311685,0,8872.382017248807,2.634839960285566,0.526,0.818,0.896,171.96,0.0587,-5.952,0.0358
Somebody Told Me,The Killers,0,57,0.09801710993184039,-0.6033510063151235,-0.40989761804945557,459.6042272763605,12655.238095238095,18080.46755586118,222.04155844155795,20,20758.328606790576,0.7596423347671645,0.497,0.97,0.689,138.081,9.04e-05,-4.851,0.0836
Someday,OneRepublic,0,46,0.303426799409898,-0.9999999999979952,-0.48389248873115154,522.8935129034766,29259.809523809523,59508.35897875753,-2307.9675324675327,1,90954.55685066032,2.008684425415462,0.576,0.679,0.213,121.005,0.0311,-7.237,0.034
Someday At Christmas,Stevie Wonder,0,33,-0.4699144354258118,-0.94090528505847,-0.7095564248428874,448.3472116849137,12951.952380952382,14620.817918871026,155.10389610389635,3,25698.83348403192,0.8712847021077493,0.325,0.536,0.218,101.483,0.614,-6.04,0.0323
Someday or One day,Shi Shi,0,16,-0.7160272575495905,0.9999175448359531,0.13906566057389735,322.1821019831678,5573.9047619047615,974.1359494816741,97.44935064935055,20,651.3157529186593,0.7847591175146331,0.436,0.412,0.325,167.855,0.497,-7.937,0.028
Someone Like You,Adele,0,11,0.07898629591666677,-0.9672410977665691,-0.5349140001456454,443.26320265729584,10577.42857142857,11624.44568497755,161.27012987012992,6,16410.083230745662,0.9260024880973539,0.556,0.319,0.294,135.187,0.893,-8.251,0.0281
Someone To You,BANNERS,0,14,-0.5461741709334781,-0.504858811880923,-1.052984694521334,427.0403207791522,7224.857142857143,8222.285328739868,449.94675324675313,19,12373.855803265205,0.4835173328867533,0.52,0.903,0.652,74.988,0.00517,-5.497,0.042
Someone You Loved,Lewis Capaldi,1,1,-0.6663411063495228,-0.31741652725406977,-0.8426486972328838,431.9250336491042,13968.285714285714,10384.097980602277,780.4025974025975,20,15321.531140522478,0.2872090858313163,0.501,0.405,0.446,109.891,0.751,-5.679,0.0319
Somewhere I Belong,Linkin Park,0,11,-0.9692483612218227,0.9999999996042739,-0.8899037235422513,528.812611401447,46147.333333333336,92396.59200081506,3765.411688311689,20,109612.32914799092,0.5367253258436828,0.451,0.951,0.442,162.065,0.00038,-3.754,0.0645
Somewhere Only We Know,Keane,0,67,-0.020863743349187783,-0.999999706012523,-0.46547611816987355,397.3298599845043,7593.631578947368,11464.131473566295,-702.8140350877196,3,16084.819998839333,1.0,0.448,0.665,0.304,172.004,0.06,-4.203,0.026
Song 2 - 2012 Remaster,Blur,0,71,-0.435095479539405,-0.6986265024253715,-0.6905174005527359,451.9551651034491,30412.55,26361.860747062223,596.6774436090218,16,45590.07793836936,1.0,0.674,0.789,0.918,129.802,0.00178,-6.903,0.0676
Song Request 신청곡 (feat. SUGA of BTS),Lee So Ra,0,34,-0.5153597848363304,0.9992177049001175,0.24697461405477533,122.55672537609637,1369.8,305.56760299482016,-96.39999999999998,0,148.71009164822908,1.0,0.481,0.59,0.454,175.788,0.707,-7.145,0.0903
Sonhei Que Tava Me Casando - Ao Vivo,Wesley Safadão,0,94,-0.04303026886844657,-0.9958057803949735,-0.3307519717709141,413.8148069734707,50604.857142857145,6544.2818172356665,564.9688311688317,15,8327.546394947314,0.8233216002305452,0.435,0.916,0.554,167.948,0.293,-3.489,0.117
Sonne,Rammstein,0,19,-0.5801107822038031,-0.311154154775374,-0.7341494533906229,378.76826263461044,4563.0952380952385,3494.0647621871976,413.8246753246753,14,3872.525729740217,0.22498835119483457,0.51,0.917,0.313,75.098,0.0054,-4.806,0.0854
Sorry,Justin Bieber,1,10,0.25546691732388127,-0.9298629322195568,-0.26615934623635873,493.11781213725527,23435.714285714286,40744.26338019326,1440.0259740259742,17,53015.36904565977,0.40797213490782425,0.654,0.76,0.41,99.945,0.0797,-3.669,0.045
Sorry Not Sorry,Demi Lovato,1,4,0.010709558823093851,-0.9989198887395344,-0.4562375772074426,524.2966100746959,39402.42857142857,88220.93270634941,-342.91168831168767,17,129606.15273766906,1.014937190187688,0.705,0.643,0.884,143.944,0.0242,-6.929,0.232
Sorry for Now,Linkin Park,0,25,-0.019421804322350168,-0.7141425645722245,-0.4614541273005353,539.422725432026,49129.857142857145,115741.46503853018,-1719.5324675324673,4,167214.4190782003,2.3233837985219203,0.608,0.584,0.251,94.956,0.00995,-6.652,0.0352
Sorte - Ao Vivo,Diego & Victor Hugo,0,69,-0.3236393782937123,0.7562308141286079,0.04288297912429493,469.0711626253394,129261.04761904762,27101.586549018175,2758.1571428571415,14,26455.63743306897,0.7186215302373199,0.475,0.686,0.509,94.756,0.762,-5.033,0.0405
Soy Yo,Bomba Estéreo,0,126,0.892763748240303,-0.9992933291671035,0.06393061129578025,309.6928211086917,6087.285714285715,581.6322797468667,-30.35454545454546,4,461.29106863237666,1.102923054172623,0.887,0.581,0.786,117.042,0.0396,-7.632,0.172
Space Cadet (feat. Gunna),Metro Boomin,0,11,-0.09861962649035393,-0.954327958299405,-0.5115514287375625,582.0655625786088,162735.47619047618,369504.7865149889,473.76493506493614,12,573579.8156911643,1.1484688761926567,0.901,0.464,0.638,109.004,0.368,-9.789,0.0645
Space Song,Beach House,0,73,-0.2157384411951799,-0.25196046062577027,-0.42306536444849147,418.86384377392113,208170.33333333334,7063.318930747806,-335.7298701298673,6,7728.127109947144,1.0314163714000182,0.509,0.79,0.625,147.073,0.218,-7.105,0.0293
Speechless,Dan + Shay,0,67,-0.9999999583617897,0.999858016413387,-0.1289273533235235,451.36139830100717,223333.61904761905,15405.684830379028,270.4675324675299,0,16812.90428294588,0.9632747768070852,0.616,0.438,0.386,135.929,0.356,-5.968,0.0298
Speechless (feat. Erika Sirola),Robin Schulz,1,6,0.03453956042975086,-0.9347191060763291,-0.3934862751885883,478.74659068741437,17467.04761904762,26957.99390140536,67.7246753246755,10,39594.1789138252,1.0771162311805929,0.574,0.728,0.266,125.047,0.0161,-4.777,0.062
Spicy (feat. Post Malone),Ty Dolla $ign,1,7,0.0774431954051029,-0.8140406422854439,-0.43406925550028824,561.7786614164522,74589.09523809524,211807.3050250886,4885.796103896103,16,302430.23765037116,0.3072403337530654,0.782,0.51,0.118,99.993,0.143,-5.724,0.0419
Spirits,The Strumbellas,0,44,0.14286647458993537,-0.9741452308446387,-0.28799774866620537,434.1111121298977,8424.380952380952,9297.743825026997,110.84155844155838,7,12748.523898377412,0.8466673450697059,0.556,0.657,0.79,80.529,0.17,-6.075,0.0265
Spit Of You,Sam Fender,0,43,0.4201309641526461,-0.9999998740575673,-0.43466536042663756,456.18709320732245,78357.23809523809,17355.088887028036,165.2402597402604,4,19532.31343978485,0.9800183285818406,0.387,0.759,0.381,84.744,0.00135,-5.933,0.0295
"Spooky, Scary Skeletons - Undead Tombstone Remix",Andrew Gold,0,11,0.16485519155179254,-0.9339647548767893,-0.37348046355624764,551.1069928113675,100523.19047619047,167368.4276554825,-1994.4116883116862,14,228998.86700254108,0.8732591193353751,0.772,0.788,0.574,127.91,0.0027,-5.414,0.0619
Spoonman,Soundgarden,0,94,-0.13109727414420022,-0.999689831958506,-0.5077618353224093,332.12677749216107,70068.23076923077,151689.77921866815,-1841.7307692307663,4,241916.09449529016,1.0,0.457,0.902,0.834,92.711,2.17e-05,-5.624,0.0313
Spring Day,BTS,1,6,-0.805187786711099,0.31022527760913,-2.9761503645073386,529.5406142295718,38534.52380952381,110389.66514584297,7055.616883116882,20,115267.6473209634,0.10824284487024301,0.539,0.846,0.462,106.994,0.00631,-3.192,0.0354
Stairway to Heaven - Remaster,Led Zeppelin,0,97,0.6996539080163973,-0.9996677846769805,-0.14884978701910245,421.3281132608568,16596.0,11637.462724609117,-1203.341558441558,12,7831.902520460784,13.469927674153027,0.338,0.34,0.197,82.433,0.58,-12.049,0.0339
Stand Out Fit In,ONE OK ROCK,1,2,-0.18382565545856688,-0.9735523149968681,-0.48470662787875174,452.9005390264836,16371.142857142857,15019.279525189693,-162.36753246753247,17,23770.379368869988,0.8196952208206227,0.615,0.841,0.316,126.026,0.0178,-5.352,0.0416
Stand Up (From Harriet),Cynthia Erivo,0,41,0.22453533192367797,-0.9528682706756383,-0.2885131076339004,438.93496970903425,13349.095238095239,10398.160349677071,-21.371428571428375,17,13789.506544833284,0.9087112109223326,0.616,0.32,0.177,80.02,0.268,-10.194,0.0311
Stand by Me,Ben E. King,0,91,-0.03900550270511772,-0.9893697695811569,-0.4860338139736604,457.3447410116481,8140.9047619047615,16585.856358168152,-173.34545454545432,16,24970.798718503178,0.905365345582737,0.65,0.306,0.605,118.068,0.57,-9.443,0.0393
Star Shopping,Lil Peep,0,21,0.3623335005551286,-0.9980136270522035,-0.34755671119878045,235.76526929928184,1218.8095238095239,69.05596008732893,2.127272727272725,18,79.40711555018227,0.9934733594398956,0.538,0.471,0.307,93.07,0.0946,-9.84,0.0955
Star Treatment,Arctic Monkeys,1,1,0.25414927475218857,-0.908196985446599,-0.27008294544340017,486.1660629738435,23654.285714285714,32767.681069619073,-950.9831168831173,5,43763.16736594828,2.3194673559973467,0.581,0.767,0.673,120.07,0.243,-5.026,0.0527
Stars Align (with Drake),Majid Jordan,0,42,-0.0839257713480727,-0.9999999999840024,-0.4313328133245368,375.4813380725177,51255.875,47210.95522740855,-3246.1029411764703,3,70037.44773933443,1.0,0.763,0.667,0.75,95.864,0.021,-6.285,0.085
Stars Align (with Jolin Tsai),R3HAB,1,6,-0.5121985581586186,0.9999931098753128,0.04598601870907647,382.82964685462747,12648.952380952382,3345.401811957229,-279.52077922077945,0,3041.5838057663314,1.3436623534990852,0.757,0.794,0.453,126.036,0.0497,-5.82,0.135
Starstruck,Years & Years,0,82,-0.4468923744306396,-0.21557442948371686,-0.6029174416210237,469.1839014916646,46543.23809523809,26010.578018338474,2347.4649350649356,5,30707.387734224478,0.4709052727169533,0.555,0.879,0.691,113.852,0.011,-2.484,0.0983
Start Again (feat. Logic),OneRepublic,1,9,-0.18733823345333175,-0.9553585649938978,-0.6824300780801684,430.30212707969923,6658.523809523809,8433.281678473732,-73.00649350649356,4,13505.240397342064,1.5046024867589995,0.564,0.722,0.276,99.083,0.162,-5.59,0.124
Stay,BTS,1,5,0.073295923345856,-0.9652193251521568,-0.4194243340108042,516.7168079590937,50024.52380952381,74294.07368765409,-2743.3168831168823,10,104176.57365659278,2.6212822432450826,0.582,0.693,0.341,125.904,0.114,-5.048,0.0465
Stay Gold,BTS,1,1,-0.04324651808572551,-0.8829706541325493,-0.45347414352202914,519.1481238277095,47481.80952380953,75838.6937667668,3261.0675324675317,18,113652.05189674316,0.45204267386117214,0.723,0.634,0.582,129.017,0.0892,-5.415,0.0542
Stay Where You Are,Yuna,0,51,-0.3863825070048137,0.9999995020971735,0.07775906676398629,350.75825231279737,7057.571428571428,1488.1326928619724,-127.79090909090898,0,1347.682265966277,1.2610954463710842,0.568,0.339,0.121,124.819,0.687,-8.661,0.0289
Stayin Alive,Bee Gees,0,105,-0.8897657090974254,0.02644772503882894,-1.2202522006490784,282.24709110356673,43253.25,59825.82160617743,6733.220279720281,10,92455.60005110517,1.0,0.702,0.773,0.953,103.564,0.0288,-9.256,0.0343
"Stayin' Alive - From ""Saturday Night Fever"" Soundtrack",Bee Gees,0,32,-0.14246723087657107,-0.999999986636316,-0.5378859278403275,494.38444814929426,23278.333333333332,41366.77673060067,-223.59870129870055,4,64735.19776278976,1.755629328999626,0.703,0.826,0.945,103.564,0.0322,-7.179,0.0341
Steal My Girl,One Direction,0,22,0.14052334617630938,-0.9381520137521764,-0.33571412965821873,519.7934439056406,40453.52380952381,78485.76955554188,2738.5870129870127,14,106752.2779473464,0.1505907559179598,0.536,0.768,0.545,77.217,0.00433,-5.948,0.0347
Stereo Hearts (feat. Adam Levine),Gym Class Heroes,0,12,-0.5201376982420862,-0.9183922597455043,-0.7894540289777869,460.2750957757292,26412.095238095237,20403.784497010685,290.40649350649323,8,36716.81540847463,0.935969277793017,0.646,0.795,0.796,89.99,0.0319,-3.293,0.0976
Still,Jeff Bernat,0,121,-0.4675768602601873,0.8646047741059275,0.07230340189890408,308.6470743352368,6405.952380952381,434.81046513345234,4.64025974025984,9,484.69902774814807,0.9708022699454768,0.485,0.315,0.425,134.714,0.581,-11.599,0.0946
Still Be Friends (feat. Tory Lanez & Tyga),G-Eazy,0,18,0.7371955528082809,-0.9323525159834277,-0.019360873177255985,553.9905016015424,90064.04761904762,187334.66647673651,9450.67012987013,20,207718.63293347086,0.16803190354078418,0.803,0.759,0.284,104.0,0.00509,-4.692,0.0494
Still Don't Know My Name,Labrinth,0,14,-0.01427882040232193,-0.6365754996989944,-0.46620692430269994,520.1847379968985,41748.90476190476,72767.01086926735,-126.78961038960998,8,101643.11491678863,1.0857482269503547,0.316,0.63,0.313,89.643,0.471,-5.963,0.117
"Still Falling For You - From ""Bridget Jones's Baby""",Ellie Goulding,0,65,-0.14575326542477304,-0.868652139222361,-0.5303861671012763,437.88650948045887,6404.0,9710.234223059024,53.384415584415684,14,15246.296784711361,0.9541781389206008,0.473,0.518,0.18,96.129,0.553,-8.1,0.0405
Still into You,Paramore,0,135,0.6094616424309063,0.29913161402953387,0.2349748752287191,391.94536407517285,26867.333333333332,4997.455822557384,375.4818181818184,18,4012.5728666280943,0.8494410385863685,0.602,0.923,0.765,136.01,0.0098,-3.763,0.044
Stitches,Shawn Mendes,0,57,-0.1719607978365996,-0.9999999971349639,-0.6507180140949347,442.39923389692456,9955.380952380952,11544.360595942982,-34.69090909090833,1,17880.85671738074,0.914372700748446,0.746,0.754,0.746,149.882,0.0152,-6.684,0.0676
Stolen Dance,Milky Chance,0,106,-0.7812245637970101,0.9951890483800202,0.12696667212715373,394.16521772829714,9182.0,4896.722305107094,-401.5649350649347,2,3904.39374423226,1.898701938876109,0.884,0.581,0.728,114.016,0.427,-8.813,0.0378
Stop This Flame,Celeste,0,72,-0.055274633142895574,-0.9081298185775798,-0.6719619327209048,445.5130481035948,21305.714285714286,11922.010844863127,-239.5480519480525,19,17779.614035180854,1.1812677153499211,0.752,0.702,0.324,119.987,0.296,-4.927,0.0378
Story of My Life,One Direction,0,17,-0.04747942692510752,-0.8846586170489843,-0.4923297222334799,542.9936283137753,47685.09523809524,138998.2387613341,6494.641558441557,15,205238.22295885824,0.0404501670215026,0.6,0.663,0.286,121.07,0.225,-5.802,0.0477
Stranger Things (feat. OneRepublic),Kygo,0,22,0.025147420298758914,-0.9140394048465464,-0.4555382523068045,543.0801457951285,50705.380952380954,136508.83464955183,4855.264935064936,16,198140.49636868155,0.2172348766185864,0.604,0.661,0.506,107.016,0.234,-5.914,0.0375
Strawberries & Cigarettes,Troye Sivan,1,6,-0.21990965031675042,-0.9988165411604967,-0.6712577258541564,421.0022177071962,6444.761904761905,7190.51364417871,377.66363636363633,19,10728.371523558455,0.48429788323035866,0.578,0.537,0.25,83.909,0.162,-8.676,0.0832
Streets,Doja Cat,1,1,0.09860804193849824,-0.8492162893531113,-0.42868625106013264,554.221683790159,96306.85714285714,174181.83125723086,-352.95064935064875,16,252132.92152062865,0.6774917418518064,0.749,0.463,0.189,90.035,0.21,-8.433,0.0842
Stressed Out,Twenty One Pilots,0,28,0.13802075623777485,-0.9977897318601396,-0.4224370946077666,501.91787268893574,23179.380952380954,48446.29825602797,1435.3129870129874,17,68771.56051450338,0.44910514729926065,0.734,0.637,0.648,169.977,0.0462,-5.677,0.141
Strongest (Alan Walker Remix),Ina Wroldsen,0,68,0.32522515071500163,-0.9999997022501921,0.004838278666412042,392.1779792936376,17894.428571428572,3815.549970611221,-310.5389610389611,0,3902.258134401158,1.2127551804918641,0.722,0.787,0.852,92.022,0.0785,-4.013,0.0734
Stuck with U (with Justin Bieber),Ariana Grande,1,1,-0.15013324954144705,-0.8442794151078672,-0.5827223424668777,521.9030927831191,66581.57142857143,80370.63302485757,-618.841558441559,3,127135.3672246535,1.7371707493651125,0.597,0.45,0.537,178.765,0.223,-6.658,0.0418
Stupid Love,Lady Gaga,1,2,-0.13023587412546742,-0.9999999999846243,-0.6184702701144925,501.9166163123794,38419.52380952381,48864.68569097733,-1277.9103896103895,2,75391.2082094955,1.6886363847088166,0.68,0.825,0.784,117.987,0.00173,-4.296,0.0702
Sua amiga deu,MC Levin,0,56,-0.2411786979363971,-0.9278718930941677,-0.5603914319001113,508.36096122038185,108418.0,61836.42403878771,-2969.205194805194,10,96135.00718025405,1.383921286606662,0.947,0.556,0.426,130.046,0.277,-4.536,0.0736
Sucker,Jonas Brothers,1,1,0.06883116151261881,-0.9371636916544498,-0.37224619486294175,509.21704065095366,38077.380952380954,59192.96322358097,-2061.044155844154,5,84104.32769756857,2.7239958161374314,0.842,0.734,0.952,137.958,0.0427,-5.065,0.0588
Sueltate Mah,Marcianeke,0,187,0.4234989363952022,-0.9927750279635376,-0.19231572249837986,202.4834371720154,24555.083333333332,1610.209378638553,-111.15734265734234,6,1874.860056485539,1.0,0.662,0.785,0.797,180.108,0.614,-10.159,0.203
Sugar (feat. Francesco Yates),Robin Schulz,0,12,-0.036727303842568476,-0.8796598614142149,-0.5210859414686485,519.1466178042028,26050.809523809523,74538.08870932974,2755.5376623376633,16,111225.57554244214,0.15439602165552047,0.636,0.815,0.636,123.063,0.0185,-5.098,0.0581
Sugar Daddy,Qveen Herby,0,55,-0.18361677445555485,-0.9995610724025457,-0.5812440123268209,261.9914703069437,1317.952380952381,209.33715712093237,27.437662337662356,20,202.67542401583867,0.740620834126833,0.953,0.453,0.0368,126.009,0.0605,-7.197,0.07
Sujeito - Ao Vivo,Gusttavo Lima,0,115,-0.17626107253242534,0.743156371629072,0.33349976301465706,423.7491380381472,71915.71428571429,9731.655030499853,-357.8727272727276,0,8863.733253545031,1.0452262706333668,0.705,0.496,0.488,79.839,0.486,-6.197,0.0634
Sultans Of Swing,Dire Straits,0,70,-0.5437411202600699,-0.9931208561474014,-0.8013673540664645,408.3689977105633,9100.333333333334,6818.723545770923,587.7077922077922,12,10572.618201160014,0.32720109874222925,0.733,0.794,0.931,148.174,0.0614,-10.023,0.0307
Sultans of Swing,Dire Straits,0,157,-0.3081238255974126,-0.998932415669377,-0.5612819634014001,343.5990542817771,4585.0952380952385,1013.6059112449265,-2.36493506493502,16,1708.141156345107,0.9941949751213219,0.733,0.794,0.931,148.174,0.0614,-10.023,0.0307
Summer,Calvin Harris,0,54,-0.1223570826488225,-0.743365753015239,-0.5244955916209897,466.57689990945823,16580.428571428572,21883.11210254421,1608.0662337662336,16,29933.387737232486,0.13276270150184327,0.596,0.856,0.743,127.949,0.0211,-3.556,0.0346
Summer,Marshmello,0,118,0.2402531091873692,0.1273644203506472,0.34515913498362205,245.82030028412984,5174.277777777777,494.3161163056553,-54.622291021671835,5,281.6295512765824,1.0,0.583,0.748,0.254,142.029,0.00695,-4.798,0.0292
Summer 91 (Looking Back),Noizu,0,38,-0.9247353025076941,0.03576792292329158,-1.0374001683639218,457.39042544894477,56176.23809523809,21864.998833545127,-1105.489610389611,19,36327.039484521716,1.3696094240769883,0.509,0.953,0.406,125.015,0.0159,-4.954,0.0414
Summer Days (feat. Macklemore & Patrick Stump of Fall Out Boy),Martin Garrix,1,4,0.12746448339533606,-0.9144965013652177,-0.40467367110394864,525.0634299844752,38725.90476190476,87412.99774491684,1657.7948051948051,14,122364.33128452915,0.2693881311428727,0.661,0.723,0.316,113.778,0.179,-6.976,0.0566
Summer Of '69,Bryan Adams,0,36,-0.17360261747578842,-0.9419602635587536,-0.5190384729259235,464.69893675953114,17674.333333333332,19576.364432976272,-98.36753246753274,5,31518.25932610334,1.1329650450625846,0.508,0.834,0.774,139.131,0.0183,-6.205,0.0386
Summer of Love (Shawn Mendes & Tainy),Shawn Mendes,0,14,0.21092858145480922,-0.9999999999991286,-0.2806571919121859,479.141795753917,24038.333333333332,29888.52508322874,-1065.068831168831,3,38637.91272455074,1.4910566075100034,0.776,0.808,0.494,123.988,0.0297,-4.501,0.117
Sunday Best,Surfaces,1,1,-0.621100233451656,-0.6636363678710882,-0.8738985912384432,472.315431766423,40308.52380952381,27134.7262248406,244.5792207792207,19,49133.16301236874,0.9622345736769706,0.878,0.525,0.694,112.022,0.183,-6.832,0.0578
Sunny drop,Novelbright,0,81,0.5650258197688841,-0.40689913958523977,0.17684867434481985,371.7121411781611,29411.47619047619,5715.8581626163,754.7038961038965,20,2183.8488701144133,0.6868370158786756,0.483,0.917,0.568,100.06,0.00146,-1.411,0.0397
Sunshine,OneRepublic,0,30,-0.4967814425050272,-0.051815744877641165,-0.5657726233092084,475.66901396520154,19515.619047619046,24160.923136487483,767.5961038961035,14,33864.53323652195,0.5872635654525736,0.697,0.875,0.774,140.069,0.137,-4.621,0.034
Super Ex - Ao Vivo,Gusttavo Lima,0,34,0.08238161302815061,0.8154423736387526,0.5291233232130097,463.9646438584745,154030.38095238095,65016.23077170529,-8652.342857142854,0,28610.15286816902,1.9064226454257955,0.847,0.859,0.776,116.948,0.165,-2.661,0.0398
Super Gremlin,Kodak Black,1,4,-0.47444429376251307,-0.9114626863865043,-0.7029531439521377,568.4041204614267,465389.61904761905,312146.85237598635,16821.059740259738,19,532427.5470241256,0.5203804192710111,0.825,0.414,0.106,72.993,0.00265,-6.634,0.144
Supera - Ao Vivo,Péricles,0,119,0.2356451915064687,-0.977721218334968,-0.3843138499873073,422.24105912449807,70325.80952380953,7020.044007588608,-9.080519480521152,11,9107.360932783988,0.9845979457095008,0.556,0.714,0.696,147.57,0.452,-5.973,0.0614
Superpoderes,Leiva,0,50,-0.2544834619992288,0.9999999677866095,0.1145184700300522,427.1986623802189,42788.28571428572,15021.950986545551,-1812.0,0,9827.68026291047,1.7216254641909816,0.346,0.744,0.382,175.642,0.00106,-5.622,0.0322
Superstition,Stevie Wonder,0,25,-0.2368922668322377,-0.833577199613254,-0.5218633281412076,402.0407284240917,189803.66666666666,256449.6394597236,14950.821428571433,9,422844.9177479981,1.0,0.611,0.583,0.877,100.82,0.057,-14.182,0.0668
Superstition - Single Version,Stevie Wonder,0,56,-0.18868728486303613,-0.7806438499750405,-0.5083115159252889,528.3471194391359,38570.71428571428,77544.676737959,-3043.3831168831143,1,120772.23189558103,2.264904340911217,0.637,0.745,0.859,100.384,0.0173,-8.607,0.0748
Sur paname,Ninho,0,27,-0.9999998058707834,-0.2650433897568589,-0.7109434808595828,472.43887367040054,64210.0,26872.440614343694,-1143.1584415584402,1,43381.92935367789,1.373176649911179,0.708,0.789,0.765,82.487,0.202,-5.305,0.312
Svag,Victor Leksell,1,1,-0.5314649409158724,-0.7628931331765847,-0.7716745897177419,564.5771372876195,239302.52380952382,269957.7108122888,-8974.028571428573,16,484314.97231383424,1.6900812939103858,0.595,0.528,0.419,153.74,0.748,-8.922,0.0621
Swalla (feat. Nicki Minaj & Ty Dolla $ign),Jason Derulo,1,2,0.2780340356628514,-0.9999999999888074,-0.20451014759818423,508.0345770424398,29044.571428571428,51289.48611239413,-4031.8480519480518,1,62241.13608336129,8.434451415849418,0.696,0.817,0.782,98.064,0.075,-3.862,0.109
Sway,Tove Styrke,0,50,-0.5581727149975765,-0.9999975448415558,-0.7799871082925897,440.0894803509741,13528.761904761905,13906.715955163403,-948.6376623376623,2,23156.469867836073,2.3249585065399785,0.755,0.694,0.531,120.058,0.205,-5.361,0.0424
Sweater Weather,The Neighbourhood,1,7,-0.24517433698729474,0.9993315669851849,0.13111812197525097,306.77407749091066,4422.666666666667,918.560485259063,129.5207792207792,19,485.6570291882946,0.6562056156451437,0.612,0.807,0.398,124.053,0.0495,-2.81,0.0336
Sweet Caroline,Neil Diamond,1,4,-0.8916254420860739,-0.04190707623595645,-0.6352623671095147,431.0239374099477,20716.666666666668,13123.738950152354,-1215.5857142857142,1,15270.044824017383,4.272058989844156,0.529,0.127,0.578,63.05,0.611,-16.066,0.0274
Sweet Child O' Mine,Guns N' Roses,1,4,-0.007362649779621347,-0.9991201950135163,-0.35912219182849014,331.77724921790906,2574.904761904762,717.451767402348,-4.424675324675291,8,1041.1493456752496,1.015230708705671,0.454,0.91,0.629,125.116,0.0866,-7.766,0.0448
Sweet Dream,Alessia Cara,0,102,0.3544412778903433,-0.9999993057318274,0.127728112240107,232.00386169510423,36717.153846153844,4399.982095176049,-974.2637362637346,0,3037.764806701357,1.0,0.76,0.532,0.5,123.064,0.252,-9.177,0.127
Sweet Home Alabama,Lynyrd Skynyrd,0,38,0.17620795103713907,-0.9981546795855317,-0.35300102285298984,286.8912767434611,4241.142857142857,341.04632916871543,40.55974025974023,14,313.9016525920181,0.8752263269908833,0.596,0.605,0.886,97.798,0.181,-12.145,0.0255
Sweet Little Lies,bülow,0,114,-0.999999943304439,0.9999093137929915,-0.19000784975964682,413.5720641213777,29487.85714285714,9303.238142279968,1042.6467532467536,16,6202.64069953274,0.6242387257185975,0.648,0.727,0.689,160.024,0.229,-3.791,0.142
Sweet but Psycho,Ava Max,1,1,-0.09758300524167206,-0.9373040223344632,-0.38818272516157704,424.74444244937024,33588.380952380954,12268.980054151241,1636.3012987012994,20,10755.441980225638,0.47661798739126965,0.72,0.706,0.62,133.002,0.0684,-4.719,0.0473
Sweetheart,Dev Negi,0,127,-0.6220768229711212,0.5068845652505245,-0.07896093576803143,340.38778422099955,22644.285714285714,1505.5249090269747,-150.23766233766193,5,992.9893050783578,1.1068968972312212,0.768,0.806,0.925,123.039,0.376,-6.277,0.0517
Sweettalk my Heart,Tove Lo,0,34,-0.06578925109604332,-0.9516790667054041,-0.3849170722992019,464.7032374868848,23532.52380952381,19433.671323416376,101.07402597402603,3,29561.783915175012,1.3626396405066663,0.79,0.684,0.236,110.984,0.0825,-4.372,0.0525
Sympathy For The Devil,The Rolling Stones,0,74,0.11588054518038533,-0.8147792465862613,-0.46868864545271005,291.7970078662636,71742.83333333333,83040.11801717021,8901.92307692308,11,115605.94077459931,1.0,0.728,0.681,0.578,115.944,0.61,-10.943,0.221
Symphony (feat. Zara Larsson),Clean Bandit,1,1,0.140487992653518,-0.9623750387226303,-0.25558025557857844,517.3702748014236,46448.19047619047,76181.13184385841,3199.758441558442,11,102346.99884045208,0.2857065538850509,0.715,0.605,0.454,122.956,0.239,-5.128,0.0428
Syng mej en song,Rotlaus,0,82,0.3569158392171904,-0.9846358814892142,-0.08231010965986173,360.8686066320768,13590.190476190477,2080.2937663212406,-229.62857142857138,2,1831.6318209454648,1.337180853640812,0.549,0.872,0.66,130.953,0.00262,-4.892,0.0332
Sólskin,Hafdís Huld,0,30,-0.03483753987426886,-0.9998813096372147,-0.3425386475970132,208.9153791172791,1048.2380952380952,48.836856458548134,-5.907792207792208,0,48.073147390201115,1.0818349143423476,0.747,0.149,0.606,85.049,0.92,-11.752,0.0324
Sıfır Tolerans,Hadise,0,46,0.19989095777400284,0.3006016325393551,0.35963125119805756,350.3244415325912,13917.761904761905,2289.060816033758,21.868831168831218,9,1392.4288994415476,0.9999011814308929,0.755,0.834,0.558,127.981,0.00509,-6.021,0.0662
TATTOO,Rammstein,0,18,0.3556767122517909,-0.932215216134699,-0.2506542024942877,547.8073071874554,58746.80952380953,161991.87411002442,1216.2402597402618,11,196910.98027624056,2.6298541488562472,0.612,0.96,0.302,141.042,0.00262,-4.547,0.091
TE MUDASTE,Bad Bunny,1,2,-0.09849987027954701,-0.8909788140341359,-0.5042374698641028,634.1232013003369,575743.0476190476,1316216.8765620324,-6787.758441558427,11,2038770.4994701801,1.4445688079418102,0.811,0.637,0.471,92.025,0.234,-4.835,0.0591
TELÉFONO,Aitana,1,1,-0.17500096136328375,-0.5271115220006316,-0.17569338056228817,552.1637843500705,518826.09523809527,120244.44306332819,274.4181818181843,1,150032.41796874267,1.0083578082323823,0.696,0.829,0.543,172.184,0.0956,-4.591,0.168
TENGO FE,Feid,1,2,-0.013500957801296065,-0.7669402064578553,-0.338879404221582,484.71223987021943,22103.571428571428,29374.65458450846,-853.5493506493518,0,43272.04001962468,2.054128255801569,0.757,0.571,0.538,159.933,0.264,-4.547,0.0906
THATS WHAT I WANT,Lil Nas X,1,2,-0.1310708121996616,-0.9530301016173067,-0.5227612070362938,492.3515277648121,40865.47619047619,39370.09744973733,119.47662337662408,17,61205.43183868569,1.038619134098973,0.737,0.846,0.546,87.981,0.00614,-4.51,0.22
TOOTIMETOOTIMETOOTIME,The 1975,0,19,-0.1369599308877018,-0.9999999337227815,-0.4673868215065961,542.4727663611216,67329.76190476191,135064.38376493062,-5986.455844155843,3,200959.82348207687,2.3806071096361365,0.667,0.824,0.518,114.998,0.177,-5.867,0.0665
TQ Y YA,Danna Paola,0,74,-0.7360427598751085,-0.4987240188666332,-0.7981823575577324,488.86555662667445,67864.28571428571,46046.51017348071,1813.1792207792193,0,79885.37015578948,0.7046952442444036,0.612,0.619,0.512,123.933,0.117,-6.203,0.315
TROLLZ (with Nicki Minaj),6ix9ine,1,1,-0.2665414770642013,-0.575271448981117,-0.9529827944913813,548.3086575103299,57967.90476190476,159940.64993493672,9123.525974025973,19,224653.7620403006,0.16947922501069015,0.744,0.422,0.493,180.006,0.0319,-8.946,0.294
TT,TWICE,0,12,-0.30463037133270005,-0.9987202259205848,-0.6751623709351255,305.2854022152836,4109.0952380952385,384.2365224902748,-7.705194805194786,3,573.62094627027,1.0410723245645472,0.708,0.852,0.396,129.946,0.0525,-4.398,0.0851
TUTU,6ix9ine,0,38,-0.04651585861046874,-0.9167713277786866,-0.5270044778838716,551.9813760873617,56020.23809523809,171230.57052460406,-4241.3441558441555,9,259441.52241701787,12.276913899383574,0.833,0.778,0.55,120.011,0.0608,-5.455,0.0575
TWIST & TURN (feat. Drake & PARTYNEXTDOOR),Popcaan,0,34,-0.9085894705054599,0.5566527682368911,-0.44855851831156895,421.172340672196,59964.04761904762,8891.601015384129,-875.9935064935074,0,8678.692639303457,1.2217939529080726,0.571,0.747,0.635,106.253,0.478,-4.659,0.17
Taca a Xereca pra Mim,MC Kaique da VP,0,69,-0.20505163650126002,0.8328195590091692,0.3173323277436953,452.618878725887,138121.14285714287,26847.744376808438,3187.7025974025964,13,18491.165407499335,0.7595483553330921,0.953,0.449,0.491,130.04,0.0184,-7.409,0.061
Tacones Rojos,Sebastian Yatra,1,1,-0.1778348100821405,-0.9675606044130253,-0.6238883455515357,484.711727087823,30450.571428571428,33522.59817691064,-850.6194805194807,4,53222.969800265746,1.7082784035514784,0.748,0.856,0.927,123.031,0.0824,-3.517,0.0348
Tainted Love,Soft Cell,0,87,0.6841180880088708,-0.9306948382972104,-0.1610543509384747,305.3155430757144,53874.07692307692,51493.98472482234,5906.747252747252,12,59866.81803867973,1.0,0.5,0.501,0.623,144.438,0.462,-8.284,0.0376
Take It,Dom Dolla,0,80,0.44605300144077753,-0.9989826342562563,-0.26787778058675327,315.83496766657316,6585.238095238095,712.718464737181,79.78571428571432,15,588.1646261889608,0.819305686775082,0.851,0.742,0.236,123.033,0.0259,-6.126,0.0377
Take It Easy - 2013 Remaster,Eagles,0,79,-0.018687567825377296,-0.9388072909567,-0.46854839135176823,513.0323807005805,32056.190476190477,65530.256194494614,-719.3298701298694,7,98378.50724028853,1.3120968287240515,0.575,0.67,0.74,139.191,0.343,-10.39,0.0318
Take Me Home For Christmas,Dan + Shay,0,83,0.11325752654997773,-0.9364914467051891,-0.38840419136132714,546.1795577580905,136450.47619047618,148130.71272990108,-900.2389610389588,16,206654.74571745866,1.0531204101972305,0.694,0.769,0.663,93.033,0.163,-4.665,0.0325
Take Me Out,Franz Ferdinand,0,62,-0.4605934730621941,-0.9992978648125446,-0.6596480026148119,452.6784190454071,36699.52380952381,16793.66266133646,458.20259740259746,15,29534.554402386028,0.8550155177813843,0.277,0.663,0.527,104.561,0.000409,-8.821,0.0377
Take Me To Church,Hozier,0,55,-0.08355563601590466,-0.8698916400959673,-0.49545233575105113,514.6823492237418,23464.095238095237,69226.84258973038,3160.7298701298696,18,103972.69000409434,0.1567302582345477,0.566,0.664,0.437,128.945,0.634,-5.303,0.0464
Take Me to Church,Hozier,0,44,-0.3571085225263014,-0.9854393127064184,-0.7105744565270276,405.7444155168243,6116.333333333333,4999.4350474479415,218.10779220779213,19,7873.134923745432,0.6503719032465884,0.566,0.664,0.437,128.945,0.634,-5.303,0.0464
Take What You Want (feat. 5 Seconds of Summer),ONE OK ROCK,0,36,0.593844063321962,-0.9996689960704396,-0.18249793966489927,273.77371770506,2661.904761904762,373.6277629077093,-51.77142857142857,3,200.27268910163463,1.301589191119576,0.497,0.89,0.391,117.939,0.0155,-4.027,0.0887
Take You Dancing,Jason Derulo,1,7,0.048868943539758306,-0.9316343843781808,-0.442119125109938,561.4108339259419,88860.09523809524,214478.44722819937,375.7233766233793,12,312204.5563475812,1.9811956820053058,0.789,0.711,0.753,112.985,0.0332,-4.248,0.041
Take on Me,a-ha,0,73,-0.039245768897038395,-0.987755356073111,-0.5552479380141541,393.65438110000963,3033.5238095238096,3391.9805510876554,64.86753246753253,13,5072.342505194222,1.005672449046897,0.573,0.902,0.876,84.412,0.018,-7.638,0.054
"Taki Taki (feat. Selena Gomez, Ozuna & Cardi B)",DJ Snake,0,46,0.2652391504012675,-0.8974069756685438,-0.3788671383898663,470.37604440774675,13747.47619047619,22194.163354615055,210.26883116883096,10,29243.143056279023,0.7127698821214623,0.842,0.801,0.617,95.881,0.157,-4.167,0.228
"Taki Taki (with Selena Gomez, Ozuna & Cardi B)",DJ Snake,1,1,0.06888019046370542,-0.9999999994647641,-0.32435448630479813,522.6630210130988,56800.57142857143,83837.39942268714,-1380.6857142857157,4,118236.80125514012,1.4973983221832858,0.842,0.801,0.617,95.881,0.157,-4.167,0.228
Talk About Love (feat. Young Thug),Zara Larsson,1,10,-0.06590629537590166,-0.999999999999821,-0.49785284484475506,560.4033468841859,79993.95238095238,175415.83492198953,-6804.463636363635,4,254760.17421988765,4.479970790736491,0.562,0.623,0.712,151.825,0.0597,-6.151,0.16
Talking to Myself,Linkin Park,0,12,-0.184093276323041,-0.9113731510046017,-0.5336890547904046,457.1318629895267,11523.047619047618,16367.11380868062,-41.358441558441505,12,26271.703167857235,1.317363287284283,0.593,0.712,0.473,124.013,0.00184,-6.325,0.0286
Talking to the Moon,Bruno Mars,0,12,-0.5266809518459127,0.32667679613443457,-0.17345895413380075,239.5789165750638,1396.6666666666667,160.22345507308083,17.52727272727275,12,81.33332650273196,0.8250984251968505,0.498,0.59,0.0784,145.867,0.511,-4.721,0.032
Tam da Şu An,Göksel,0,52,-0.4164352510124903,-0.9994295633903407,-0.22565455935498108,336.77003667154736,9283.047619047618,1864.0496742867708,274.164935064935,19,1232.2568279380723,0.6393140536271671,0.661,0.81,0.618,82.033,0.305,-5.599,0.0606
Tamed-Dashed,ENHYPEN,0,16,-0.43044501306152,-0.3033339608162014,-0.5220923581943411,562.8400778286591,104619.57142857143,224859.35680047004,262.7532467532385,19,292913.0042795301,0.8794296900581295,0.568,0.809,0.709,155.029,0.000253,-3.869,0.0517
Tattoos Together,Lauv,0,22,-0.03157537233996945,-0.9393224025754835,-0.5112915337389249,563.4451497735256,81815.38095238095,227905.1487601337,-237.54285714285766,14,345219.1943514837,0.5435386735494089,0.862,0.4,0.598,122.961,0.00575,-7.486,0.0723
Tatuajes,Joan Sebastian,0,39,-0.4351221214079619,0.9995686523347765,0.10362951327596188,457.54753350810523,45811.380952380954,20507.543312450136,801.9766233766234,12,20856.205630459248,0.8320311114407423,0.8,0.464,0.87,100.718,0.739,-7.432,0.0324
Te Lo Advertí,Ecko,0,141,-0.3615799517138664,-0.9453414125414841,-0.5198278538232769,242.95893440746485,23228.5,9655.397156513034,758.9510489510488,6,15661.192561432894,1.0,0.727,0.597,0.376,100.994,0.0712,-7.036,0.0396
Te Olvidaré,TINI,0,33,-0.5380816929214359,-0.6644484603612275,-0.6763755138190227,496.0722236983397,40320.04761904762,39478.733679064404,-407.0454545454554,0,67532.14982058546,1.2107222474731079,0.382,0.331,0.277,112.821,0.782,-9.096,0.0347
Teardrops,Bring Me The Horizon,0,22,0.0771747572440223,-0.9325263956823368,-0.4375038694916914,561.5584162987087,80374.85714285714,216150.35862616025,-3246.6818181818157,11,310212.92916954233,8.35619430060939,0.497,0.916,0.401,96.051,0.000323,-3.323,0.108
Teenagers,My Chemical Romance,0,73,-0.00500937779647158,-0.8642746459007787,-0.4108705973444119,508.90320205715756,47731.0,57618.295531888136,-1147.2441558441535,14,83763.68966997274,1.1353704026107283,0.463,0.857,0.856,111.647,0.0506,-3.063,0.0632
Teeth,5 Seconds of Summer,1,7,-0.13232145361479825,-0.8540613112159905,-0.5335650759109287,556.1799917942884,70875.28571428571,193699.15878105874,9326.95974025974,18,296087.2755035709,0.1082632893858065,0.756,0.448,0.431,139.031,0.0508,-2.993,0.0404
Telepathy,BTS,1,5,0.03547560786201654,-0.9785236868760927,-0.4022528020669028,520.6879880411799,51563.47619047619,80307.2966972545,-1920.1675324675289,10,116793.14655342582,2.1914101498843825,0.787,0.669,0.57,104.994,0.00782,-4.333,0.0428
Tell Me Something Good,Ewan McVicar,0,15,-0.3278774917915934,-0.6562199264496646,-0.605286350640626,478.27875363226883,30611.380952380954,25969.26811128546,421.7649350649343,19,43397.86561557492,0.7394456456105496,0.812,0.796,0.961,125.976,0.00826,-10.548,0.0356
Tem Moda Pra Tudo - Ao Vivo,Matheus & Kauan,0,50,-0.05105157487480601,-0.560429584697842,-0.32867203007630585,443.76336172338085,105014.33333333333,30520.679906196518,-4608.268831168832,1,15233.435831994699,1.8013721598874128,0.792,0.825,0.787,129.93,0.399,-5.302,0.158
Temperature,Sean Paul,0,73,0.14323388117150482,-0.8839273693644176,-0.3695023881447315,489.3389692193587,24903.47619047619,34957.564803792295,1752.7753246753248,16,47176.07976347759,0.20400071598158712,0.951,0.6,0.822,125.04,0.106,-4.675,0.0685
Temporary Pyar,Kaka,0,24,0.4268846603606172,0.8234065143141895,0.5616313926046614,355.3160610259073,68144.11764705883,17754.6936060576,2752.2769607843147,14,13708.785334936681,1.0,0.531,0.79,0.339,79.942,0.281,-7.213,0.234
Tenia Tanto Que Darte,Nena Daconte,0,159,0.2875520857139248,-0.9899043875808262,-0.24343988374285735,378.375127720955,40057.76190476191,2493.361011523772,-118.36493506493434,4,2989.846276984822,1.033735424350268,0.642,0.603,0.493,124.978,0.0465,-3.794,0.0349
Tennessee Whiskey,Chris Stapleton,0,56,0.29352685770293896,-0.9989692408817012,-0.1520502093039848,306.9450591585151,4655.952380952381,409.1062821729564,12.615584415584477,14,503.5083415396412,0.9396417910447763,0.392,0.37,0.512,48.718,0.205,-10.888,0.0298
Tequila,Dan + Shay,0,48,-0.6260804434199978,-0.05633762553566804,-0.6284580502698105,524.0052079230801,82570.04761904762,84800.73616284021,571.83246753247,10,123948.9279981376,0.6958456942748854,0.489,0.581,0.494,86.016,0.0312,-5.731,0.0281
Tera Ghata,Gajendra Verma,0,84,0.22948646145397855,-0.9995541256539272,-0.1751360227622429,333.01563339090234,18664.238095238095,1703.0948832657257,252.0909090909092,15,964.8475786361284,0.8264966894786625,0.718,0.573,0.686,180.043,0.458,-7.309,0.0451
"Tera Yaar Hoon Main (From ""Sonu Ke Titu Ki Sweety"")",Arijit Singh,0,32,-0.42534974922598073,0.9994450889706308,0.29625809892519084,303.61309306458924,5355.523809523809,910.7080771652676,120.44935064935069,17,424.02966877330647,0.7391823732413061,0.566,0.541,0.31,83.939,0.341,-5.525,0.0306
Tera Zikr,Darshan Raval,0,158,-0.47096018987709826,0.9999961339102772,0.17601138304868394,351.26462806165847,12628.333333333334,1337.0460451996883,43.50389610389622,2,1372.5294313784314,0.9767830113079868,0.613,0.47,0.459,102.944,0.823,-8.441,0.0344
Teri Hogaiyaan,Vishal Mishra,0,94,-0.6744995751800541,0.6189295499934969,-0.05369461547548471,335.10914949345806,40406.142857142855,1086.7763289268157,32.75844155844145,7,864.124289382031,0.9930905966344064,0.404,0.43,0.51,106.322,0.779,-8.313,0.0336
Teri Khair Mangdi,Bilal Saeed,0,153,-0.12421873578084403,-0.9964582340308542,0.081647986246626,192.23424297480557,59833.916666666664,3443.584819591674,962.653846153847,11,1415.7334167978152,1.0,0.718,0.58,0.31,97.979,0.602,-5.149,0.028
Text Ur Number (feat. DJ Sliink & Fetty Wap),DJ Envy,1,2,-0.18338848109476563,-0.9993009371758672,-0.5423132243252923,337.04544407331474,3477.315789473684,2057.257117534274,-16.243859649122946,10,3246.081064097346,1.0,0.691,0.782,0.741,139.946,0.0211,-5.365,0.0561
Thandi Hawa,Ritviz,0,35,0.5928574259858527,-0.9999999553319318,0.17648576354912687,383.6983722495057,34044.19047619047,11217.5599698867,-1785.6389610389606,1,3082.957088575837,2.145639294132637,0.619,0.558,0.514,195.004,0.0558,-12.15,0.177
Thank God,Rilès,0,53,0.2609723115038035,-0.9946172217805654,-0.24421769026810844,380.0550468025426,38873.76190476191,3020.0109887022077,-285.51038961038984,1,3156.5092887555393,1.0826136053891984,0.79,0.793,0.496,141.046,0.393,-6.544,0.121
That's What I Like,Bruno Mars,1,2,-0.07379419478403583,-0.9830776867634908,-0.6071381107472553,535.4792566030636,62374.142857142855,116883.62036507194,1007.9272727272725,19,178786.6850328835,0.9485343013563863,0.853,0.56,0.86,134.066,0.013,-4.961,0.0406
The Adults Are Talking,The Strokes,0,62,-0.08338099829903275,-0.9904028114053901,-0.5107719871195964,373.0862339703078,173584.35714285713,272509.28800202836,15829.703296703301,4,418219.23181802814,1.0,0.593,0.749,0.649,164.959,0.0113,-5.67,0.0475
The Age Of Love - Charlotte de Witte & Enrico Sangiuliano Remix,Age Of Love,0,137,0.01668783731995474,-0.994776294832956,-0.500473500893849,190.96722515989296,7568.692307692308,458.18930998767553,44.07142857142859,11,647.2714686796156,1.0,0.748,0.909,0.0617,130.0,0.0576,-8.322,0.0505
The Beginning,ONE OK ROCK,0,23,-0.46156389426881816,0.24732005646569644,-0.20350336827225757,275.3879650490014,2510.4761904761904,196.9151664205678,11.364935064935075,4,198.6376789534151,0.9656378372377039,0.36,0.983,0.279,182.058,8.83e-05,-2.352,0.101
The Best Side Of Life,Sarah Connor,0,18,-0.7025071718009269,-0.475975765210175,-0.9124329770521764,478.2245996182057,29275.809523809523,32745.70281603526,1027.757142857143,7,57791.96392706774,0.5458894690997201,0.631,0.634,0.569,90.947,0.568,-5.202,0.0326
The Bones,Maren Morris,0,33,-0.07289707790676472,-0.9283278323892485,-0.5344057387303137,543.7937931799011,102226.95238095238,142112.24230012405,-5626.853246753246,17,213858.3733362982,2.582340029725287,0.612,0.57,0.334,77.004,0.278,-6.642,0.0347
The Brightside,Lil Peep,0,44,-0.0905852256495314,-0.9989657976777531,-0.4987691299321983,505.8169188101036,25427.904761904763,56683.46046322655,-1960.8974025974023,9,85392.81339404389,5.384622592887598,0.646,0.641,0.881,134.027,0.0353,-6.522,0.0425
The Business,Tiësto,1,1,-0.17575156225862332,-0.957442610152649,-0.45714562193508196,465.1602576878987,17086.380952380954,20469.483992091602,-629.5636363636362,7,31990.16463055481,1.4561096567963272,0.798,0.62,0.235,120.031,0.414,-7.079,0.232
The Cave,Mumford & Sons,0,66,-0.23191623382106702,-0.9953618046860948,-0.4738658538670039,264.13783987832664,5240.0,2347.398560108615,266.5678571428571,12,3338.834702162919,1.0,0.592,0.499,0.346,141.937,0.0536,-9.463,0.0375
The Chapeltown Rag,Slipknot,0,66,0.1523754534570824,-0.8316426478751343,-0.3697250694542193,265.49251539340224,36795.63636363636,74763.37407906327,4401.6,7,107863.38010576156,1.0,0.538,0.997,0.0702,95.016,0.00232,-2.27,0.205
The Christmas Song,Gregory Porter,0,65,0.032649682974689426,-0.8784283986803839,-0.3105248669205305,323.60187605978945,48612.13333333333,22732.944865302623,3876.946428571429,13,22996.882334395694,1.0,0.321,0.09,0.157,65.825,0.838,-21.296,0.0321
The Christmas Song (Merry Christmas To You),Nat King Cole,1,5,-0.0397896662208014,-0.926733529389053,-0.45124533553391055,535.3176585732742,118165.52380952382,112876.3369995674,-2554.374025974023,18,172322.8333440682,1.4947338209063328,0.32,0.21,0.208,73.196,0.92,-15.231,0.0345
The Christmas Waltz,Peggy Lee,0,57,-0.01598819189906325,-0.8033667601121256,-0.49056097826273504,506.84901034053826,22092.14285714286,52688.040925798705,120.69220779220777,7,79259.45506617807,0.3377460065307563,0.25,0.168,0.141,107.269,0.822,-16.789,0.0329
The Cure,Lady Gaga,1,4,0.16569949651068266,-0.9140630397702199,-0.34072170004504326,497.7742106562807,23555.714285714286,45311.92361960418,1862.64025974026,17,61578.32716256589,0.3099855111805935,0.696,0.506,0.516,100.003,0.0799,-4.863,0.0325
The Days,Avicii,1,9,0.20116250358126525,-0.9474617893536774,-0.291693736419952,490.7777408645815,25057.47619047619,37873.1671498928,894.875324675325,17,50519.26460628658,0.6453936027580923,0.59,0.724,0.526,127.05,0.04,-3.278,0.0439
The Eve,EXO,0,44,0.09664063291988516,-0.7440817424577432,-0.31110403241509216,431.2089020951986,10574.380952380952,7826.570412786424,-19.924675324675498,5,11121.108084516578,1.0900115577959422,0.636,0.702,0.516,135.104,0.0223,-5.352,0.0334
The Feels,TWICE,1,5,-0.027835551910815607,-0.8976102410195239,-0.49062365601583113,572.2660343551428,93772.76190476191,280214.1319112097,7784.46753246753,15,421111.4489410612,0.08310452401710029,0.808,0.903,0.922,120.044,0.0899,-2.179,0.0729
The Gambler,Kenny Rogers,1,8,-0.08349002573797894,-0.9133378026645572,-0.5135732397327907,565.6168591703967,117877.42857142857,237928.2857084245,7834.342857142858,14,363736.2879979258,0.3110790884880619,0.671,0.501,0.86,87.04,0.342,-13.119,0.0594
The Good Ones,Gabby Barrett,0,86,-0.29492175695175665,-0.6929185802304665,-0.5911763785566936,517.7345049253754,193009.38095238095,78325.01289862109,-5577.474025974029,15,115073.7120547521,1.4642670978439607,0.519,0.552,0.331,89.957,0.18,-5.023,0.0259
The Hills,The Weeknd,1,7,-0.1093040934025571,-0.9641067888344681,-0.4798201662917901,537.0423179082284,72444.33333333333,120434.09268512338,-1193.0012987012965,13,188335.1206396725,1.6528670015352283,0.585,0.564,0.137,113.003,0.0671,-7.063,0.0515
The Hype,Twenty One Pilots,0,30,-0.03347868953363973,-0.28995891269021834,-0.3643885730952929,564.7339523007838,86548.28571428571,246426.04694582702,8243.593506493507,20,272338.3542313633,0.5428484466186442,0.53,0.816,0.371,87.019,0.0105,-6.149,0.0503
The Joker And The Queen,Ed Sheeran,0,14,-0.3478019138128708,0.9999999999999429,-0.06374296223405573,515.2921994063299,45752.666666666664,82902.04206304101,-6091.694805194802,1,87204.12414754246,4.420200649746699,0.567,0.211,0.289,134.019,0.952,-9.975,0.0315
The Last Of The Real Ones,Fall Out Boy,0,36,-0.05298409744789591,-0.9224079320710173,-0.49540429661924573,534.2356470672541,40089.95238095238,110248.852077158,-2695.5285714285687,10,167659.41431171558,9.396138733565058,0.576,0.872,0.559,115.042,0.00599,-5.293,0.0471
The Last of Us Part II,Gustavo Santaolalla,0,33,-0.7134765709936269,0.9981693474346303,0.46708265567175467,222.32950370805983,2933.8125,1381.5756050045723,-282.0279411764705,1,320.96857582428015,1.0,0.451,0.0457,0.128,128.598,0.904,-18.026,0.0423
The Lighthouse Keeper,Sam Smith,0,35,-0.13895260451947045,-0.9999988227367143,-0.41002656458769116,472.22107412340836,26569.428571428572,24290.077352052784,380.0493506493509,17,37763.29943622511,0.8235678792111714,0.394,0.17,0.315,130.721,0.889,-10.368,0.0451
The Little Drummer Boy,Stevie Wonder,0,83,-0.42625542399943994,-0.8728686258286696,-0.6601487585457049,342.5056133139389,71290.57142857143,86944.69504207364,2220.3648351648344,10,153523.52373677533,1.0,0.523,0.448,0.351,134.511,0.442,-13.53,0.0593
The Man Who Can't Be Moved,The Script,0,38,-0.17706314522607242,-0.9989927381754781,-0.4215894253908942,425.6397396419905,9620.238095238095,7611.507634307423,41.175324675324696,13,12055.768602208655,0.8810492989597467,0.605,0.629,0.308,99.894,0.437,-5.051,0.0279
The Next Right Thing,Kristen Bell,0,78,-0.3492413265565237,-0.934681697926729,-0.5709616493936042,439.2674646004865,13764.142857142857,10991.47259203682,-128.47272727272713,5,18272.64632832366,1.0334632412201774,0.296,0.119,0.146,170.037,0.839,-14.256,0.0475
The Night King,Ramin Djawadi,0,28,-0.15869013521059486,-0.9999997283073409,-0.5542252997107732,438.4057470758495,7081.952380952381,10468.722837809551,-183.75584415584427,3,16414.99921687479,1.2545085786329002,0.182,0.0651,0.038,60.812,0.942,-16.341,0.0462
The Night We Met,Lord Huron,0,22,-0.04663616105748298,-0.944827097669285,-0.4343173753747119,544.647741684885,84363.42857142857,144499.3908682404,-1337.8233766233768,14,218750.59432135834,1.17239599233041,0.544,0.369,0.102,87.01,0.969,-9.514,0.038
The Nights,Avicii,1,7,0.3608916488929322,-0.31485616538264927,0.05897687184346098,499.28279977558554,33244.23809523809,59002.04442132231,4872.3727272727265,20,51969.83017617048,0.09011357406469961,0.527,0.835,0.654,125.983,0.0166,-5.298,0.0433
The Ocean (feat. Shy Martin),Mike Perry,0,26,-0.2931836400644642,-0.9999988625387662,-0.4026113364396081,445.8123489491223,14622.809523809523,14179.798378642656,-984.4168831168832,7,20390.25162786129,2.192739330045911,0.632,0.575,0.188,90.037,0.0225,-6.478,0.029
The One,The Chainsmokers,1,2,-0.049073840870524105,-0.9498099206796277,-0.49360029659082216,546.9250270279836,57105.57142857143,152315.52831558054,-1193.3376623376616,13,231959.9885390582,4.718662505163629,0.76,0.303,0.15,99.991,0.238,-11.362,0.0284
The Other Side Of Paradise,Glass Animals,0,51,0.4950906602233742,0.1945923598694683,0.755003792760144,320.25338892492294,11312.714285714286,3522.387517455916,517.6090909090909,19,756.0719608608695,0.5480604612412682,0.689,0.338,0.568,128.012,0.349,-7.634,0.0629
The Pot,TOOL,0,72,-0.1254263019550818,-0.999784732275912,-0.5096818430377416,440.36752775885196,19082.944444444445,52690.547211970705,-2582.475748194014,3,79001.42687673784,1.0,0.469,0.79,0.466,107.45,0.000148,-6.889,0.0391
The Power Of Love,Frankie Goes To Hollywood,0,36,-0.6406475649416954,-0.6869128778354932,-0.8918776591762098,485.52691685426646,38578.42857142857,40368.31094001407,1627.1285714285718,19,71122.1344818018,0.5471259959947165,0.46,0.162,0.102,122.767,0.376,-17.142,0.0335
The Power of Love,Frankie Goes To Hollywood,0,27,-0.22162554129183565,-0.9309617265551648,-0.5858475130145626,475.0531108554586,16937.85714285714,25780.95181531127,-309.27402597402613,5,41938.9242010331,1.4945693198020633,0.46,0.162,0.102,122.767,0.376,-17.142,0.0335
The Pretender,Foo Fighters,0,23,-0.19932805391502506,-0.9496538036149068,-0.5486874106663474,455.2485161056951,11689.0,16297.039985399628,-655.0662337662333,1,25329.606237365795,4.605341381991129,0.433,0.959,0.365,172.984,0.000917,-4.04,0.0431
The Real Slim Shady,Eminem,0,54,-0.19270002026225216,-0.9853850907412983,-0.6874159267743809,461.50911385367027,14707.190476190477,18802.899322075304,-312.5233766233765,3,30165.71676241093,1.2273048760193042,0.949,0.661,0.76,104.504,0.0302,-4.244,0.0572
The Reason,Hoobastank,0,63,-0.16845034138377285,-0.9988747557404467,-0.6984674511183141,413.93923289363624,8100.761904761905,5779.920298550524,254.7896103896105,8,8769.457146682456,0.6303593372314423,0.472,0.671,0.0681,82.952,0.0129,-4.649,0.029
The River,Axel Johansson,0,28,0.7128205163092468,-0.9967645759854364,-0.009640040494889592,288.4833273907463,2223.190476190476,321.90350802798906,13.01948051948055,13,280.1699975015169,0.905975861053871,0.498,0.648,0.305,95.05,0.112,-4.972,0.0331
The Scientist,Coldplay,1,6,-0.19517622221380787,-0.9267703425662929,-0.5614620126885742,431.7512215765498,7390.428571428572,8955.0243868293,302.00519480519483,17,14142.471850687913,0.514607162070498,0.557,0.442,0.213,146.277,0.731,-7.224,0.0243
"The Scientist - From ""Fifty Shades Darker (Original Motion Picture Soundtrack)""",Corinne Bailey Rae,0,112,0.017240989855343863,-0.9999999996961224,-0.37644666547751093,425.6318123922378,6888.523809523809,7553.89793808183,-160.28441558441543,2,10903.680215872071,1.3067639862314935,0.307,0.231,0.158,85.551,0.806,-11.111,0.0333
The Search,NF,0,41,-0.08121527501210048,-0.9901784290857366,-0.4224757844300513,567.1844285756271,143281.14285714287,259445.38049027103,-3820.4194805194766,3,396562.8048061839,2.3679326010323396,0.789,0.786,0.39,119.957,0.596,-4.788,0.297
The Sky Is A Neighborhood,Foo Fighters,0,43,-0.714947971826881,0.4018625433783931,-1.2691452795323084,537.9260477976702,41806.47619047619,130911.20978616769,8655.672727272728,20,138432.62775706997,0.07303241508704117,0.357,0.549,0.531,130.749,0.000798,-7.843,0.0698
The Sound,The 1975,0,46,-0.706785339110644,-0.5839121866052692,-0.8898017862068242,449.8276032625977,34465.95238095238,16820.88496476129,-116.25454545454525,18,31618.55095746799,1.0873531879194631,0.648,0.936,0.566,120.708,0.085,-4.745,0.0762
The Sound of Silence,Disturbed,0,23,-0.03406472157932484,-0.9765627805699149,-0.5526648483486594,451.2279587501655,13343.857142857143,14224.716280661141,218.89740259740276,17,21274.708786726085,0.8055386517526829,0.322,0.28,0.175,85.794,0.468,-9.367,0.0281
The Spectre,Alan Walker,1,5,-0.09538320657105913,-0.9542164163629332,-0.43940777675847215,467.6418864104076,14157.42857142857,21634.303742791773,-799.6558441558439,3,32563.969196030142,4.916188386225524,0.654,0.711,0.198,127.957,0.0214,-7.437,0.0383
The Ultracheese,Arctic Monkeys,0,19,-0.06209059263579131,-0.9999999999767937,-0.5232989965605072,515.3736143768879,30401.85714285714,69721.55539497006,-3304.0467532467524,2,106050.20348193587,6.304599160529972,0.476,0.555,0.426,131.497,0.624,-6.551,0.0404
The Way I Am,Charlie Puth,1,3,-0.03874375386466032,-0.9281285241294146,-0.5119731183037554,556.343864696434,67653.66666666667,190840.76264340765,2945.119480519482,16,289521.59143740474,0.46226934669008435,0.755,0.77,0.642,114.965,0.312,-5.658,0.187
The Way You Felt,Alec Benjamin,0,35,-0.4539349833098301,-0.999038982124287,-0.5390844414507515,377.14148647295997,6444.571428571428,3110.0748509049254,308.0272727272727,20,4333.4996353986235,0.5218240935365213,0.872,0.52,0.736,131.918,0.715,-6.928,0.0618
The Winner Takes It All,ABBA,0,52,0.09754201148204672,-0.9256565215000162,-0.3305891081393376,454.6305283081479,19275.47619047619,14729.314966837062,-364.38181818181823,8,20821.15849052353,1.0866914550924243,0.454,0.788,0.52,126.15,0.574,-6.748,0.0371
The World's First Ever Monster Truck Front Flip,Arctic Monkeys,0,13,0.4086232194318549,-0.899128187266186,-0.11895955534550437,525.7386332871237,45016.0,93029.5802911249,3607.396103896103,14,109771.22630821794,0.16657725504970877,0.602,0.601,0.553,145.075,0.346,-5.742,0.0303
The Writing On The Wall,Iron Maiden,0,38,-0.2658661756306815,-0.9999999855946669,-0.5447027385762653,430.8635018369959,13774.380952380952,9006.09002142011,-318.5012987012986,4,13840.639191435488,1.3815844507319472,0.402,0.912,0.566,90.045,0.00158,-5.447,0.0442
The Wrong Place,Hooverphonic,1,5,0.5932544575331382,-0.9996102771594232,-0.2256885611322894,328.26440611331304,7573.428571428572,900.6021039614908,-77.56493506493504,1,775.2823920998077,1.1161416940326059,0.491,0.728,0.246,80.239,0.0479,-4.482,0.0428
There's No Way (feat. Julia Michaels),Lauv,1,6,0.9999284139351399,-0.9999999999995637,-0.45630560555866234,533.4230576465054,34974.333333333336,77750.15164911459,-4300.553246753246,2,110714.82045706437,7.41054999528537,0.755,0.625,0.374,147.02,0.49,-7.114,0.0896
There's Nothing Holdin' Me Back,Shawn Mendes,1,3,0.1519541826232541,-0.9158267009034095,-0.32576864054370464,503.03852528655585,29963.85714285714,49977.842801333776,1074.6649350649354,16,69345.0004877785,0.4846005237877133,0.866,0.813,0.969,121.998,0.38,-4.063,0.0554
Therefore I Am,Billie Eilish,1,1,-0.11456062040355647,-0.6621786722729751,-0.9098024319715359,543.4695021194071,54887.71428571428,141945.5726917029,8143.863636363633,19,193971.92765703882,0.2033983523483283,0.889,0.34,0.716,94.009,0.218,-7.773,0.0697
These Are The Times (feat. JRM),Martin Garrix,0,29,0.050815841865526866,-0.9050734212817081,-0.46774028588212774,455.2917017509386,13716.190476190477,15108.241114794484,158.8766233766234,11,21781.376534266605,0.9840383515376026,0.687,0.707,0.607,127.033,0.0536,-6.19,0.0328
These Days (feat. Bohemia),Sidhu Moose Wala,1,2,0.724995427218217,-0.9999999607936786,0.047785309888263856,435.18711945761106,131558.57142857142,25762.922182620416,-3651.8883116883117,1,10999.070121605735,1.4436838141097859,0.73,0.748,0.694,155.861,0.0936,-4.371,0.152
"These Days (feat. Jess Glynne, Macklemore & Dan Caplen)",Rudimental,1,1,0.04926303858450819,-0.9189232913961936,-0.44176115276961886,553.9292864517652,71403.42857142857,180249.55892332835,4370.746753246754,17,261115.85779348505,0.4427845552492182,0.653,0.809,0.55,92.213,0.194,-4.057,0.0474
Think Before I Talk,Astrid S,1,1,-0.053004464671571834,-0.9128176253378213,-0.5932337917438976,539.0641909510261,48987.619047619046,122485.3152311878,1380.6909090909094,10,186577.5454754604,0.39879411162430894,0.771,0.599,0.535,122.005,0.367,-5.588,0.157
This Christmas Day,Amy Macdonald,0,83,-0.2345838596398097,-0.5497034244246027,-0.62357470264731,312.60951857706925,46456.153846153844,62911.98911525426,4634.824175824176,6,96243.5875821735,1.0,0.248,0.572,0.228,205.458,0.278,-6.827,0.0429
This Girl (Kungs Vs. Cookin' On 3 Burners),Kungs,1,6,-0.07078663654730538,-0.9999999165481572,-0.5583087963292747,452.9770956773328,12094.190476190477,15096.855158542277,-432.4441558441558,13,22745.869975613157,2.369980457668789,0.792,0.717,0.466,121.985,0.0927,-4.759,0.0393
This Is The Life,Amy Macdonald,0,61,0.6727093851871994,-0.9991539252368105,-0.06173171428894417,332.48972665085194,6747.285714285715,1566.4050483544172,204.51038961038958,18,855.6846031102816,0.6638874413757165,0.628,0.882,0.853,95.083,0.259,-5.024,0.0323
This One's for You (feat. Zara Larsson) (Official Song UEFA EURO 2016),David Guetta,0,32,0.0086525751155714,-0.9818045933903057,-0.3539690980646103,431.8579283324523,10543.857142857143,8848.563210168853,218.86883116883135,8,12605.75201753152,0.7527268133133063,0.367,0.915,0.365,110.169,0.0022,-3.456,0.0488
This Time,Jeff Bernat,0,157,0.2649530795113938,-0.9982061323999217,-0.2789984715076572,161.82102765586524,6992.916666666667,233.20250796726486,-5.709790209789893,4,307.7705220044246,1.0,0.685,0.43,0.482,107.042,0.723,-9.586,0.0324
This Town,Niall Horan,0,28,0.0028105576758276417,-0.9083092781994386,-0.48163573334361903,528.1309808577636,33392.666666666664,92751.8284698902,1624.854545454546,13,138006.35302753275,1.0058066169801647,0.677,0.401,0.195,111.825,0.712,-8.467,0.0308
"Thooriga - From ""Navarasa""",Karthik,0,60,0.5058009688690965,-0.9999488797240953,-0.13988467735776186,378.06767328273844,42531.23809523809,2557.9018914273865,17.65714285714283,3,2752.1068270508686,0.9925688564858367,0.662,0.688,0.365,102.95,0.0422,-9.019,0.0413
Three Little Birds,Bob Marley & The Wailers,0,110,0.11859823902377634,-0.9999999912356136,-0.2699042809568984,461.04108394084943,15220.904761904761,19076.918915911527,-906.4584415584419,4,25277.01618560822,2.079724218294815,0.826,0.49,0.627,74.126,0.00916,-10.477,0.0676
Thriller,Michael Jackson,1,2,-0.11687466631091484,-0.931091460670506,-0.6036002389985151,557.2173363417166,155638.80952380953,202737.60227954498,9982.855844155843,19,305022.76284239837,0.5731692012267263,0.764,0.887,0.72,118.427,0.0816,-3.726,0.0744
Thunder,Imagine Dragons,1,1,-0.004934483601396526,-0.773431208674953,-0.8333045488262535,515.1262008053757,33636.619047619046,71437.40738341781,5135.214285714284,19,95291.0922056595,0.08061625298007968,0.605,0.822,0.288,167.997,0.00671,-4.833,0.0438
Thunderous,Stray Kids,1,7,-0.06557238178869404,-0.9846468105406164,-0.46898551267765304,456.58165877526284,14653.0,16279.911433595526,108.2350649350653,8,24541.843949212536,0.7613907398755808,0.601,0.786,0.79,172.156,0.213,-3.706,0.234
Thunderstruck,AC/DC,0,88,-0.24147339153565578,-0.5284833179975476,-0.5444480750323147,422.4707699100788,14970.57142857143,6973.413016740139,-234.537662337662,3,9738.433577711561,1.317816353051802,0.502,0.89,0.259,133.52,0.000147,-5.175,0.0364
Tibeyan da Putt,Sidhu Moose Wala,0,36,-0.09298275411443326,-0.9999136977408835,-0.23611054389924366,392.76349298022535,40399.19047619047,5216.883457710922,-666.6194805194795,1,4874.987708702453,1.2680536417029693,0.54,0.56,0.727,116.498,0.0466,-8.176,0.381
Tie Me Down (with Elley Duhé),Gryffin,0,23,-0.08466939112278976,-0.8948508660395778,-0.5061085309725174,500.3012626746787,19410.285714285714,47858.92342046555,1607.011688311688,18,72830.78601407168,0.40542074039192677,0.608,0.845,0.322,98.976,0.136,-2.292,0.0597
Tiger Striped Sky,Roo Panes,0,87,0.31483835562206264,-0.98623403121351,-0.09137783032784176,364.1204929778212,22645.36842105263,4753.170379203718,298.4999999999997,9,5648.422263050842,1.0,0.473,0.317,0.132,139.899,0.944,-10.324,0.0318
Till It Hurts (feat. Ayden),Yellow Claw,0,160,0.1766619168463621,-0.9936274992751886,-0.49425194772223136,165.80353257018746,10080.90909090909,574.2304660144509,-47.87272727272653,1,769.5366463008763,1.0,0.547,0.886,0.293,145.053,0.000624,-4.016,0.0309
Time,Pink Floyd,0,30,-0.011622617298996633,-0.966700415345335,-0.3288176670739238,319.18938895367637,4676.529411764706,4198.985425323137,444.6642156862744,16,4443.997876349627,1.0,0.359,0.48,0.355,120.285,0.521,-11.79,0.0841
Time After Time,Cyndi Lauper,0,134,-0.8455951236985156,-0.9999999616299593,-1.0149905138829385,226.81933706232616,25348.636363636364,22804.69232126951,2596.100000000001,10,42204.62419226121,1.0,0.726,0.449,0.294,130.388,0.487,-9.206,0.0286
Tinted Eyes (feat. blackbear & 24kGoldn),DVBBS,0,92,-0.805471718995578,-0.15003303601956683,-0.4871919962409585,398.1402800073968,32811.19047619047,3853.9628290278492,165.58701298701237,15,5706.254344138544,0.9116977316503507,0.743,0.801,0.381,121.965,0.00598,-4.097,0.0343
Tiny Dancer,Elton John,0,49,0.2439057371582692,-0.999999998009633,-0.42664419513074353,403.4969872573145,8023.047619047619,4978.308189164654,-374.44675324675273,1,5718.767171340341,1.6645879537120398,0.414,0.428,0.282,145.075,0.382,-11.097,0.0278
Titanium (feat. Sia),David Guetta,0,70,-0.06523298913442323,-0.9032197295191635,-0.4879466100370463,530.3986300196568,38088.47619047619,101733.34029174554,-4270.909090909089,7,153238.77414560423,5.2768590743629735,0.604,0.787,0.301,126.062,0.0679,-3.674,0.103
To Be Loved,Adele,1,8,-0.1749509316968425,-0.9999999099363384,-0.6202537285463878,493.62698667332097,34610.80952380953,41930.98135725858,-844.8766233766231,4,65957.4834953548,1.423364753423113,0.356,0.176,0.289,170.425,0.843,-8.291,0.0391
To Be Young (feat. Doja Cat),Anne-Marie,0,72,-0.018872490461599566,-0.9938951505048672,-0.40062594228142007,453.4458828727796,10550.714285714286,15629.472151288128,-716.1883116883115,5,22373.39443312078,4.070388928656645,0.525,0.649,0.286,155.995,0.241,-4.802,0.0655
To the Bone,Pamungkas,1,1,-0.5999863255054021,0.7482685592297561,-0.025464791891065076,349.97591577114133,29777.619047619046,1753.1444532390658,152.19999999999996,20,1267.0288710207042,0.9354571689629905,0.668,0.727,0.939,139.991,0.514,-6.55,0.027
Toast,Koffee,0,11,0.09552062695039079,-0.997350950763654,-0.25834994243763854,278.03062273643684,3126.4285714285716,396.90319935705224,57.73896103896103,19,264.1366880991734,0.7801207243460765,0.906,0.638,0.789,99.959,0.0342,-7.917,0.256
Todo De Ti,Rauw Alejandro,1,1,-0.08321850229219947,-0.8824549099654578,-0.5543531347818083,513.0902351224648,33824.52380952381,63425.67401794312,89.7376623376627,8,97853.8953845349,1.0502760527712347,0.78,0.718,0.342,127.949,0.31,-3.605,0.0506
Tokyo,Leat'eq,0,93,-0.562975722777846,-0.9802402785175811,-0.8196875479079857,392.69562282467166,5713.571428571428,4443.479916541481,-319.46623376623376,6,7330.6377785292325,2.4896131642347377,0.743,0.879,0.636,101.968,0.0725,-2.717,0.0339
Tomorrow never knows,Mr.Children,1,5,0.7953616727613451,-0.9993243265637545,-0.11152095070335503,303.850924740307,5745.0952380952385,1036.0499116843425,-154.48311688311682,0,402.16910311459776,1.4519909797638122,0.627,0.519,0.216,108.976,0.0722,-7.983,0.0256
Tongue Tied,Grouplove,0,100,0.7592025719172173,-0.9590962308300123,-0.0059919784750774975,486.9158636874066,155969.80952380953,76834.02159424347,9971.04025974026,13,39027.00158044428,0.2884607671892914,0.56,0.936,0.371,112.96,0.00847,-5.835,0.0439
Tongue Tied (with YUNGBLUD & blackbear),Marshmello,0,30,0.14601778902181325,-0.9011338144185731,-0.3839306472135892,537.924319481316,40709.19047619047,120512.31331303435,4664.837662337664,16,164860.643280158,0.12746532779363126,0.628,0.821,0.465,93.001,0.0208,-2.721,0.0525
Too Good At Goodbyes,Sam Smith,1,1,0.2277702574010658,-0.9791679641620236,-0.30654571647557677,503.6227996567888,40363.42857142857,53940.28021500694,-945.2597402597399,4,70553.69663603744,1.4262156991519375,0.681,0.372,0.476,91.873,0.64,-8.237,0.0432
Top Notch Gabru,Vicky,0,31,0.494827889535655,-0.17353501501662166,0.46898981612455765,374.8472311299741,55810.90476190476,6243.348047968539,760.8480519480518,20,2491.423016571052,0.8428995345135883,0.716,0.77,0.924,170.045,0.144,-4.071,0.158
Total Eclipse of The Heart,Bonnie Tyler,0,60,0.4576964398088166,-0.9999999998045019,-0.01151454521598876,325.5496364641156,81163.69230769231,131018.21900342107,-5345.109890109884,4,148644.78469931448,1.0,0.431,0.723,0.19,130.141,0.145,-5.887,0.0568
Touch off,UVERworld,0,55,0.7696798378196466,-0.9994069542150571,0.002908964414578657,332.9543603290197,11793.952380952382,1163.1674520643835,59.814285714285944,6,847.8619743212925,0.9485597719229257,0.411,0.894,0.195,99.607,2.36e-05,-3.815,0.0465
Tout,Koba LaD,1,9,-0.20885274838105147,-0.999869564113209,-0.4115717865500794,511.8617643942623,65178.57142857143,66087.70492204996,147.13376623376718,1,106331.02214687866,0.8032342132133128,0.714,0.611,0.323,139.784,0.452,-5.211,0.34
Town Called Malice,The Jam,0,69,-0.29314904559852994,-0.8242936311695046,-0.6520843039793394,206.0320876483558,58753.6,12228.718470878295,1033.721212121216,8,19678.597861071754,1.0,0.534,0.955,0.759,101.724,0.00368,-5.338,0.0918
Traicionera,Sebastian Yatra,1,4,-0.13757033588723486,-0.7704298656545487,-0.540712208174015,547.8955453093757,69306.95238095238,149889.18382321057,2666.996103896103,16,233541.4855244085,0.5755444771052647,0.779,0.675,0.63,91.006,0.138,-4.976,0.0485
Train food,XXXTENTACION,1,5,0.19784717904679974,-0.9999999999977465,-0.440241503445851,583.0643222316725,107068.95238095238,340922.4064037748,-21291.70389610389,1,471228.4690643038,12.402619413509395,0.492,0.712,0.23,137.453,0.564,-7.278,0.691
Trampoline (with ZAYN),SHAED,1,9,-0.038018916575309016,-0.920743528173189,-0.502858618104521,558.9776922783564,72741.0,203229.78630041977,2442.731168831164,15,308395.82805823995,0.4032224634388188,0.619,0.459,0.498,126.803,0.56,-5.782,0.0334
Tranquility Base Hotel & Casino,Arctic Monkeys,1,5,0.8284846119990764,-0.9923332066041516,-0.08618770341402672,512.0732720616561,36834.28571428572,67284.95075150648,2604.8142857142857,20,73230.13061402731,0.6662098763053448,0.584,0.835,0.781,142.2,0.0411,-4.326,0.0297
Treat You Better,RÜFÜS DU SOL,0,48,-0.5793761138070394,-0.507127097726905,-0.4247752173066548,430.44633611787964,39698.57142857143,10316.04078525251,-939.5272727272728,1,12401.025490962431,1.4434321661660034,0.599,0.539,0.188,121.942,0.356,-5.897,0.034
Treat You Better,Shawn Mendes,1,7,0.03924337399275554,-0.7868094474105608,-0.37159279015433705,476.51807019381727,25156.285714285714,24667.186075244746,214.964935064935,20,34655.177572766814,1.0199053824868338,0.444,0.819,0.747,82.695,0.106,-4.078,0.341
Tren Al Sur,Los Prisioneros,0,61,-0.6792363638420317,0.6298823084323739,0.029879428967369812,400.324016929373,25043.380952380954,9675.142009422618,1333.8467532467532,13,4383.62572849234,0.46385016881630226,0.676,0.67,0.725,90.232,0.00565,-7.218,0.051
Tristinha,Ferrugem,0,152,-0.11322543345298546,-0.942593090810978,-0.48657742046837765,273.54859037800566,102503.07692307692,14581.35416556964,-1607.6813186813195,3,21434.43638993493,1.0,0.575,0.75,0.754,156.093,0.471,-6.476,0.0406
Trivia 承 : Love,BTS,1,9,0.012179939271219267,-0.8656795966299308,-0.4456491857578566,503.44503227407847,22000.238095238095,50400.60263897527,1152.9870129870126,14,74313.53854036289,0.23891701767625556,0.761,0.761,0.484,121.971,0.242,-5.721,0.0899
Trivia 起 : Just Dance,BTS,1,4,0.10001138019890804,-0.8989983265050967,-0.44349845380019887,512.151457098168,27072.904761904763,62376.18933070136,1812.8662337662324,15,88356.04205321784,0.2940782742806533,0.723,0.906,0.393,125.023,0.0929,-4.777,0.281
Trivia 轉 : Seesaw,BTS,1,3,0.001830238115990991,-0.9263088326018464,-0.5076201430479598,505.18619812943086,22987.666666666668,52273.592354560766,-54.832467532467945,12,78125.27312840256,2.2696645698461313,0.707,0.791,0.674,106.985,0.179,-4.483,0.035
Tro på livet,Håkan Hellström,1,5,0.14491099194480897,-0.9999999999959645,-0.34939591218274435,223.12083522571555,51099.2,32565.559490971442,-2703.5999999999985,3,45880.738315714385,1.0,0.167,0.398,0.217,71.185,0.646,-8.578,0.0324
Truth Hurts,Lizzo,1,2,-0.21622616205295048,-0.9808345727540145,-0.47944169257031566,559.440908988218,163129.7619047619,216933.27310464776,22.203896103898913,14,349806.2261484778,0.9800877052273649,0.715,0.622,0.407,158.088,0.11,-3.046,0.111
Tsubasa (feat. No.1),Xir,0,28,-0.9994295998176125,0.9937606069316989,-0.20325330830611987,384.2001427459632,28087.428571428572,3494.7890946846182,-368.85064935064935,1,2950.540313230782,1.214479247468071,0.733,0.525,0.291,107.023,0.0629,-9.573,0.301
Tu Aake Dekhle,King,1,5,0.58402411914579,-0.9956000718841977,-0.10089565493394195,344.8969045822208,43863.380952380954,3260.7784708298823,502.93246753246797,15,1178.520720013017,0.8433172954419415,0.77,0.84,0.192,96.012,0.515,-4.022,0.107
Tu Calorro,Estopa,0,141,-0.7346760665952602,-0.9996162321948755,-0.853928010538467,371.50205912239494,36757.04761904762,2800.787992455839,57.53376623376672,8,5192.062662131496,0.9717807392468497,0.713,0.768,0.962,88.012,0.229,-9.115,0.0662
Tu Falta De Querer,Mon Laferte,1,3,-0.6211256765319336,-0.9990541292270101,-0.7614154483844969,446.8694899035573,37484.619047619046,16614.19694540153,766.5181818181813,20,28877.460401496526,0.7531919904272112,0.394,0.473,0.45,129.996,0.0247,-7.935,0.0281
Tu Veneno,J Balvin,1,7,-0.12011306847720982,-0.9166320147567554,-0.5373275816320324,563.4076345783745,96240.47619047618,234238.6525750056,8940.69090909091,17,360474.7137279396,0.356209385881257,0.664,0.659,0.797,175.826,0.0625,-4.232,0.0873
Tu jardín con enanitos,Melendi,0,107,-0.7788231189467767,-0.9965738767837364,-0.8811938902891645,404.74476332071566,8111.285714285715,6869.418947791153,-7.951948051948119,3,13010.587517864056,0.9893522131787268,0.721,0.834,0.53,127.92,0.337,-4.457,0.0345
Tujh Mein Rab Dikhta Hai,Roop Kumar Rathod,0,178,-0.12971067849058618,-0.9986991193975313,-0.4134748230439907,339.0092411722012,49506.9,1979.89363098122,253.8150375939852,18,2075.8953186423487,1.0,0.56,0.604,0.75,84.784,0.315,-8.732,0.0866
Tujhe Kitna Chahein Aur (Film Version),Jubin Nautiyal,0,11,0.777136213031993,-0.5608464688498237,0.21056710845887489,391.89901538038373,33875.95238095238,7247.8220011005515,674.0480519480519,7,3708.1230346362568,0.7789315215022878,0.358,0.252,0.284,145.549,0.604,-9.51,0.0346
"Tujhe Kitna Chahein Aur (Film Version) [From ""Kabir Singh""]",Jubin Nautiyal,0,57,-0.3812836948468837,0.9992272901870025,0.06490991113379706,358.98024427866494,32380.95238095238,1912.051216593134,69.90389610389599,14,1790.761789714087,0.9469297558768771,0.358,0.252,0.284,145.549,0.604,-9.51,0.0346
"Tum Hi Ho (From ""Aashiqui 2"")",Arijit Singh,0,68,-0.5014260152280757,0.9983315512194435,-0.028122494229269362,362.50030093136616,42564.04761904762,1913.694568758121,172.39870129870127,12,1899.1482689616416,0.9562769513705156,0.529,0.451,0.309,94.054,0.788,-6.25,0.025
Tunnel Vision,Kodak Black,1,5,-0.8701760639986724,-0.6780440690373852,-0.9527447563548125,554.0504361370141,313968.71428571426,294756.93257134897,8077.0233766233805,17,557447.3374017854,0.725517662154427,0.497,0.489,0.231,171.853,0.0576,-7.724,0.294
Turn It Up,Armin van Buuren,0,83,0.017575123888785862,-0.9999999987014376,-0.41583246088698506,432.23352765771193,37418.23809523809,9386.980643954546,523.5792207792207,14,12976.515754527485,0.8055181578773425,0.582,0.953,0.12,138.025,0.00136,-6.113,0.0567
Turning Tables,Adele,0,46,0.26502854944348986,-0.9070749955376002,-0.3739230091973589,506.4546538420732,46311.142857142855,56633.32800971335,2114.306493506494,9,72317.01059949519,0.37516209336014966,0.353,0.446,0.211,155.476,0.95,-6.044,0.0285
Tvillingen,Darin,0,18,0.39646191595066044,-0.9999997970957102,-0.11973149199614425,431.7720587694681,71599.95238095238,10718.956632221567,-881.2818181818182,0,10781.733766421801,1.1325651151248355,0.526,0.864,0.838,104.734,0.0704,-3.833,0.0544
Tyler Herro,Jack Harlow,1,9,-0.008891919352936957,-0.9579597725891743,-0.4950374743854076,578.9967500175367,133105.0,346299.12146513426,-8904.87792207792,12,511973.8623482135,6.865892377728493,0.792,0.793,0.775,123.031,0.0872,-6.185,0.0841
Tá Faltando Eu,Luan Estilizado,0,76,-0.4678106034064073,0.8760746331965319,0.13400030447012343,455.72579171740176,121140.57142857143,22705.473819935032,2344.1857142857148,15,18910.33924464339,0.7035842258231476,0.602,0.913,0.963,165.071,0.183,-2.721,0.0394
Tú Con Él,Frankie Ruiz,0,125,-0.23615408420536516,-0.9988988564884999,-0.6632718395722486,398.1366300122711,6222.428571428572,5539.015862144504,653.748051948052,13,6304.909690867904,0.18583268928390587,0.823,0.779,0.96,95.484,0.201,-5.943,0.0492
U Said,Lil Peep,0,46,-0.007210700080176878,-0.9615824896648799,-0.4712223214229674,511.91152103410434,26334.428571428572,64646.25066104463,-2044.3168831168828,10,95764.77415285591,8.866097474208466,0.265,0.827,0.131,82.021,0.0434,-4.661,0.104
UGH!,BTS,1,9,-0.07872243813822288,-0.7294458362601473,-0.5321463488061272,474.6091532678791,21190.95238095238,25023.39740261424,822.090909090909,20,32975.98875314431,0.49519874085504967,0.72,0.824,0.333,165.996,0.0394,-5.086,0.128
UP,INNA,0,121,0.5478997886712738,-0.9954199237177016,-0.19132388953461082,285.55717532470004,2802.5714285714284,272.0200572836971,10.853246753246717,17,272.1355544577004,0.9343805049911919,0.812,0.712,0.85,98.029,0.01,-5.993,0.0452
US (feat. Raja Kumari),Sidhu Moose Wala,1,2,0.5403780703406609,-0.9999999818151611,0.062114644251294905,448.03897124756406,146926.33333333334,38019.77866012741,-5797.659740259741,1,15555.279868584816,1.7486129419084935,0.524,0.601,0.598,72.048,0.663,-6.112,0.0404
Udd Gaye,Ritviz,0,71,0.6335666117152932,-0.999991995379795,0.010163652220607035,369.97175713515287,46286.23809523809,2319.6645879207435,147.64935064935045,15,2155.1398771309487,0.9526401758590685,0.595,0.817,0.483,144.961,0.000712,-6.187,0.0474
Un Poco Más De Frío,Cami,0,49,-0.30052278584835806,-0.00032101755880784743,-0.30153598657862996,388.7555373715541,24492.190476190477,4139.7137538384,-429.4662337662339,3,3455.244924748461,1.3445914092911115,0.668,0.571,0.379,135.016,0.126,-5.642,0.0388
Una Aventura,Grupo Niche,0,119,-0.044175299760009064,-0.9996614997360178,-0.3324330658685097,365.1670784462778,8889.57142857143,1817.3407461879851,124.71168831168836,8,2292.639245498515,0.8164090189276827,0.649,0.912,0.864,94.407,0.53,-6.824,0.0463
Una Vaina Loca,Fuego,0,38,0.33640769621683575,-0.9364882833553428,-0.23615301756340007,447.6060566570946,10767.57142857143,13032.778889332516,4.122077922078,6,16105.149409039956,1.0766928199380232,0.792,0.676,0.712,117.011,0.172,-12.813,0.0546
Undeniable (feat. X Ambassadors),Kygo,1,5,-0.124008925991538,-0.017889602327146613,-0.19261796866349623,567.9133915628241,104890.42857142857,281939.4855156268,13099.759740259742,20,290863.5504837062,0.35712063482817324,0.684,0.506,0.352,108.036,0.159,-6.743,0.0338
Under the Bridge,Red Hot Chili Peppers,0,25,-0.11586764912877012,-0.9973993234536708,-0.47907399822604896,394.2170833637928,4588.523809523809,3440.5976587553955,35.6350649350649,18,5118.417461481625,0.8907551474833,0.559,0.345,0.458,84.581,0.0576,-13.496,0.0459
Undrunk,FLETCHER,0,25,0.06445639498845261,-0.9592315482219539,-0.37050365887488834,531.8036806488956,54652.76190476191,105526.33214326165,-1440.7740259740253,18,151519.15494101727,1.8695808918361752,0.442,0.579,0.546,83.336,0.489,-6.484,0.145
Universo Conspirou - Ao Vivo,Henrique & Juliano,0,123,-0.4954893892725875,0.9996797378269958,0.19291819725513956,290.5566827678711,123665.92857142857,16366.374209965144,-2516.0241758241787,0,13890.594623488329,1.0,0.598,0.827,0.659,149.826,0.282,-4.69,0.0978
Unlonely,Jason Mraz,0,82,0.03760323829609379,-0.9991088651539104,-0.24531652999214426,273.5488993890589,3373.235294117647,864.7454252663214,-9.036764705882296,6,1199.365066399718,1.0,0.795,0.667,0.754,97.987,0.379,-4.831,0.0392
Uno X Uno,Manuel Carrasco,0,77,0.4161873357632335,-0.9999998803774087,-0.1163849107775681,388.38767473413947,23960.0,3098.6632140788897,23.667532467532848,3,3541.5934757535347,1.0196086881572142,0.602,0.681,0.505,89.923,0.468,-6.976,0.0517
Unrequited,Yoga Lin,0,62,0.007415944883875964,-0.9990216593256215,-0.4144117077767682,343.6027479029314,4235.9047619047615,1164.0759222810457,107.86363636363643,19,1415.4303974410045,0.6833083291659721,0.46,0.349,0.199,138.713,0.566,-9.966,0.0332
Unsainted,Slipknot,0,26,0.22619721294217032,-0.9230275239577096,-0.3744098237895176,516.0427712200915,29626.619047619046,70340.4267331222,-1660.7766233766224,5,92678.48808071643,3.6818937863846974,0.427,0.946,0.237,101.305,0.000118,-2.188,0.0469
Unsteady,X Ambassadors,0,97,-0.286470686925117,-0.8969263675642287,-0.6058871726812265,503.34648444008906,46125.23809523809,53469.397160035354,-1519.5350649350637,7,88309.08540375391,1.5881784350683872,0.389,0.665,0.199,117.055,0.178,-6.169,0.0644
Unstoppable,Sia,0,33,-0.5690732989957318,0.9217695170882446,0.03539891335734118,438.1600131165515,74322.0,19476.60193057056,2704.302597402598,16,12033.115827893456,0.5674749519100275,0.468,0.779,0.26,173.799,0.112,-4.839,0.0779
Upper Side Dreamin’,ENHYPEN,0,25,-0.1969635492284723,-0.9992441498707837,-0.5641961645118154,489.82677835693306,30169.47619047619,38203.12577166459,-1092.1883116883114,2,60995.75955300089,1.1638504942255778,0.608,0.886,0.783,106.02,0.0281,-3.027,0.0773
Uptown Funk (feat. Bruno Mars),Mark Ronson,0,14,0.02674773832443516,-0.9201132177026728,-0.48398918100606486,522.6984879907861,24396.666666666668,81015.89038391426,-574.4818181818175,10,119261.70110830845,2.9141436963398104,0.856,0.609,0.928,114.988,0.00801,-7.223,0.0824
Urvashi,Yo Yo Honey Singh,0,116,0.3624430450108991,-0.9995633390882326,-0.2124175551290471,294.3726744590802,5633.380952380952,560.5321006219576,78.29350649350647,10,356.02675110165524,0.8151933831477043,0.792,0.703,0.634,105.995,0.195,-4.343,0.0368
Used To Love (with Dean Lewis),Martin Garrix,0,17,-0.12770165667724043,-0.9272085396757807,-0.5080944461205484,518.3062061914004,38749.04761904762,73488.40336340485,2152.648051948053,16,114874.7844613756,0.4639535038902457,0.651,0.693,0.392,118.97,0.458,-4.722,0.0375
Uçuyoz Gökyüzüne,Ati242,0,51,-0.3761098220353428,0.9999999557370861,0.41239222771076534,271.7325771384611,37357.86666666667,9160.605255597955,-1876.7642857142844,0,3382.513026205366,1.0,0.746,0.784,0.802,113.04,0.691,-7.981,0.059
Va A Escampar,La Vela Puerca,0,147,-0.07322976772696213,-0.40578979641296753,-0.29581313770868795,265.77528667647636,1274.3809523809523,179.0353719215646,14.470129870129881,19,165.5446389950457,0.8701621729181175,0.617,0.738,0.342,123.993,0.0137,-5.103,0.029
"Va Bene - Extrait de la BOF de ""Taxi 5""",L'Algérino,1,2,0.3413391518032731,-0.9777666182585626,-0.0068563937548446734,407.420841155257,54312.09523809524,17763.38705343036,2813.2506493506494,20,6103.49392069821,0.4433204231458465,0.793,0.946,0.742,99.996,0.0944,-3.141,0.0584
Vacation,Dirty Heads,0,63,-0.3629971522263662,-0.9969942082313262,-0.516765346252897,343.79549279600076,4220.571428571428,1030.3409778380383,-33.23376623376611,2,1536.3380967417295,1.1448897946859902,0.736,0.751,0.839,150.064,0.0381,-5.588,0.034
Vacilón,Don Omar,0,101,-0.7850089312142706,0.15958302907667332,-0.7353456464635117,378.7916944146944,4363.9047619047615,2517.502634504923,-169.0129870129869,0,3812.252390319927,1.577646592360897,0.734,0.519,0.685,82.983,0.00814,-9.483,0.0824
Vai Que Bebereis - Ao Vivo,Henrique & Juliano,0,81,-0.376278677099559,0.9842154669075928,0.11531853859107914,436.5519279124218,99327.95238095238,12739.786517895107,746.4805194805188,15,12460.78525775964,0.8793978065694811,0.744,0.706,0.79,121.965,0.638,-4.54,0.054
Valió la Pena - Salsa Version,Marc Anthony,0,59,-0.135560095533812,-0.9831852529615326,-0.5519525396707626,422.92669832023904,4214.142857142857,7317.2722492789635,-316.2350649350651,6,11106.37611284617,3.866847646163014,0.51,0.725,0.836,98.5,0.327,-5.183,0.0549
Vannacht (feat. Wolter Kroes),STUK,0,93,0.3419379478183959,-0.9985519662194345,-0.08271374219322959,377.0639781487547,24884.666666666668,3306.771268506823,387.8792207792208,11,2779.823589276845,0.8212883138015741,0.784,0.891,0.394,149.933,0.0613,-3.042,0.232
Var Ska Vi Sova Inatt,Perikles,0,60,-0.19193661613177074,-0.9371664238699315,-0.6057016409288807,306.3764612336846,35150.28571428572,22926.432628327166,-2562.7120879120885,3,33948.421382022476,1.0,0.78,0.584,0.947,119.963,0.12,-7.224,0.0322
Vas A Quedarte,Aitana,1,1,0.9996678880374844,-0.9999999999978395,-0.11419144827694024,550.1298263162421,364889.5714285714,166045.43289730803,-5563.738961038955,2,180406.2024017675,1.3471195483485119,0.395,0.508,0.168,89.859,0.795,-3.522,0.0326
Vem amor,LUDMILLA,0,34,-0.7022506498873373,0.970062516003827,0.17752809441649559,469.679456069209,165235.33333333334,46921.301721817574,5507.193506493504,15,26081.07842646657,0.5961615431670707,0.62,0.704,0.689,86.453,0.133,-2.182,0.226
Ven Devórame Otra Vez,Lalo Rodriguez,0,157,-0.2271939152203354,-0.9650233759720767,-0.488654115207106,182.98719975663113,8453.7,3706.517288506827,468.74545454545483,6,5876.440891862655,1.0,0.704,0.719,0.962,84.414,0.633,-5.353,0.0363
Venice,Mister V,1,7,-0.40888057482584955,-0.999999999215347,-0.5351063332317643,480.9473837781593,37392.380952380954,32349.115631506676,-709.8844155844162,1,54606.40211117649,1.227488956846755,0.697,0.782,0.694,128.019,0.0669,-5.464,0.119
Venom,Little Simz,0,134,-0.013212959658071479,-0.9999454454666563,-0.29486964914891356,338.992252391303,2444.0476190476193,859.9854083031473,-7.692207792207761,18,1279.290009145698,1.0463160255691375,0.436,0.655,0.523,139.712,0.425,-8.153,0.159
Venom - Music From The Motion Picture,Eminem,1,2,0.183303730226017,-0.9133276371081273,-0.3784455223235202,563.2593503895835,80960.66666666667,226391.7049162555,3781.0545454545463,13,308131.9413915855,1.9823081136662855,0.75,0.789,0.467,135.954,0.0148,-5.058,0.0647
Vete,Bad Bunny,1,1,-0.042136170814577906,-0.9943457009222259,-0.4844916771942192,574.8366836738419,132182.7142857143,308260.4789370343,8109.092207792205,18,467857.1898983706,0.5801293562741485,0.886,0.672,0.526,91.976,0.0363,-4.394,0.188
Vi Sjunger,De Vet Du,1,3,-0.39999723576586005,0.9986635808221709,0.006285320762924563,435.7417925122738,70558.90476190476,10816.82829098456,-651.1415584415595,0,11912.910500272383,1.0945279364161473,0.687,0.649,0.353,129.936,0.0622,-8.786,0.0491
Viah,Jass Manak,0,63,-0.05295148470260456,0.40006785776533366,0.31499706257050564,317.67813406715845,9528.904761904761,1126.239376769809,152.6038961038961,20,589.3974380670483,0.8215381214248211,0.533,0.757,0.358,169.975,0.00733,-6.73,0.0453
Viajando voy,Tierra Adentro,0,66,0.34916938895623095,-0.9957325170948679,-0.4367833759144952,279.2779623406845,1309.2857142857142,204.51618700801978,2.5051948051948387,5,245.15558325275805,1.0021569433032047,0.562,0.895,0.712,131.715,0.237,-4.514,0.341
Vibe,Diljit Dosanjh,0,81,0.32756788348498644,-0.0008636933690602473,0.29867761432290707,387.69594244743166,55142.90476190476,4790.280694676132,-188.06623376623315,20,3342.680180633499,1.0662974387736026,0.706,0.632,0.625,87.993,0.00713,-7.172,0.0705
Vill vi samma sak,Newkid,0,23,0.1041920692100011,-0.9507699812399215,-0.45825256000316217,445.6629368892986,49732.52380952381,17595.875308392042,-2063.362337662337,10,17236.731262336252,1.70088137792441,0.671,0.477,0.283,118.07,0.122,-6.476,0.0295
Vintersång,Carola,0,43,0.33731366668148566,-0.9527873988604769,-0.13874069333129244,477.82345758943524,43352.333333333336,30434.594752452864,1916.832467532467,18,34370.642786250006,0.5260138200600265,0.226,0.12,0.13,78.39,0.973,-15.102,0.0388
Violent,carolesdaughter,0,29,0.035331580067882284,-0.9988831916167158,-0.42168088614306354,370.97138837811605,3040.714285714286,2007.6368753161644,101.65584415584415,20,2683.446422047588,0.7979607843137255,0.797,0.755,0.411,129.955,0.331,-5.393,0.0293
Virgen,Adolescent's Orquesta,0,34,-0.558567988133006,-0.18580199394645908,-0.23729513082621034,321.2124430289166,4449.380952380952,794.7716938539482,96.82987012987013,19,677.9797858343566,0.7589555580432106,0.662,0.776,0.724,90.838,0.715,-4.707,0.0457
Visa vid vindens ängar,Håkan Hellström,0,16,-0.24012847705227983,-0.7753158186121095,-0.5571214051049397,227.42875483572948,56434.0,37454.0510679419,-3514.872727272726,2,63414.00163651207,1.0,0.183,0.647,0.353,104.943,0.315,-6.453,0.0317
Visiting Hours,Ed Sheeran,1,4,0.05369503638051635,-0.9188277815259385,-0.46439020277009446,556.5353714457696,66873.90476190476,189281.85102416395,-2383.9246753246753,9,275435.3629049609,2.1295434037177405,0.471,0.396,0.263,149.609,0.77,-6.654,0.0336
"Viva Colonia (Da simmer dabei, dat is prima!)",Höhner,0,61,-0.19394879096591425,-0.9999915172487687,-0.4578493982219391,347.1919868574702,63528.8125,20791.807933711385,2456.736764705881,8,27387.268367781566,1.0,0.597,0.878,0.927,128.045,0.0225,-4.29,0.032
Vivir (with Estopa),Rozalén,0,136,-0.2014989959396571,-0.9971814234863045,-0.5891570592035859,386.334055917785,21530.333333333332,3104.4925102231678,203.87142857142834,15,4302.538070430058,0.8586177144387255,0.715,0.906,0.777,101.088,0.353,-5.478,0.28
Vivir Mi Vida,Marc Anthony,0,39,-0.2863666991520611,-0.9999988928436461,-0.6809088691562345,440.8096328990745,6268.333333333333,10754.259941478489,-586.268831168831,4,16829.860901014603,4.480743158423299,0.656,0.877,0.894,105.018,0.345,-3.231,0.0342
Vou Morrer Sozinho,Jão,0,26,0.3235247425487407,-0.9116298835478528,-0.30080693516856016,464.9526594385326,164502.04761904763,22852.868894561536,1791.737662337665,3,25602.274526445886,0.8361622652603315,0.814,0.646,0.753,126.034,0.18,-5.503,0.0381
Vykort från alperna,Lars Winnerbäck,0,70,0.1467429238453822,-0.9999999999114519,-0.3826805762153036,214.1746997734605,24323.090909090908,6769.7396412208755,-861.0181818181811,2,8827.346756528828,1.0,0.623,0.568,0.189,122.018,0.00101,-7.63,0.0279
Vänta tills våren,Håkan Hellström,1,1,-0.6079906102672008,0.6984022665027417,0.03547062679277022,497.28423039029644,60707.857142857145,50519.41123236994,-3048.076623376626,0,43313.51329192773,1.3740305559099248,0.449,0.452,0.312,104.514,0.69,-7.525,0.0281
Vågorna,Uno Svenningsson,0,14,-0.26156274477111946,-0.6330114512153071,-0.46659655376116843,330.7013639290434,56717.78571428572,45703.05569368197,-1340.0857142857153,6,77305.34233841262,1.0,0.565,0.913,0.478,119.995,0.0363,-3.618,0.0328
Vår dröm om julen,Carola,0,63,0.3791959415807025,-0.864792166470806,-0.623225985212597,310.4371318553157,38073.07142857143,25367.03945636172,3080.481318681319,12,29782.88190620668,1.0,0.284,0.172,0.234,89.456,0.951,-13.102,0.0321
Véia Que Me Banca,Paulo Pires,0,129,0.0993815854117273,-0.061480526086781194,0.06951559472712909,216.15975241125298,129387.9,26546.364080415988,-2797.20606060606,0,25408.37708072956,1.0,0.747,0.793,0.898,157.815,0.213,-5.255,0.0799
W (feat. Gunna),Koffee,0,108,0.32677696998657585,-0.999999997377067,-0.1524171059293463,416.38748132209105,57980.666666666664,6423.844460351889,-305.7324675324682,0,7359.909099132951,1.0775117998173733,0.856,0.721,0.902,100.98,0.178,-6.813,0.0779
WAKE UP,Travis Scott,1,5,0.052029382719665625,-0.8670061561219002,-0.46942568294535514,595.0865804127105,146403.7142857143,496547.02700330724,18561.750649350655,16,712249.8754530797,0.09815511606050357,0.741,0.645,0.488,149.07,0.192,-5.116,0.0963
WANNABE,ITZY,1,1,-0.09539417634066494,-0.8472317728313954,-0.559536005424728,556.5052536238771,75867.19047619047,192117.3574594493,8654.336363636363,17,289143.6228688911,0.17335283968837994,0.809,0.911,0.64,122.035,0.00795,-4.41,0.0617
WAS ICH LIEBE,Rammstein,0,12,0.3457342336473943,-0.930454975549129,-0.24814070279722897,552.000196611896,64626.19047619047,179165.18165319078,2871.880519480521,12,219242.4266013025,1.7897895335608647,0.571,0.665,0.582,172.005,0.001,-4.953,0.044
WEIT WEG,Rammstein,0,21,0.3555228066773295,-0.9321083539717828,-0.2491836970617011,547.5862508107956,58815.57142857143,161059.4345086462,1315.2207792207805,11,195796.86282069873,2.1560454184464146,0.351,0.833,0.303,202.036,0.0112,-5.109,0.0508
WHISTLE,BLACKPINK,0,94,-0.474789461213886,-0.9989520974358218,-0.7177198807285069,352.6018642126526,3790.714285714286,1363.0735976656072,33.38181818181827,19,2299.2782237041256,0.9091993841416475,0.818,0.723,0.607,102.945,0.00561,-4.82,0.114
WINTER FLOWER(Feat.RM),Younha,0,17,0.10555369307709976,-0.8991004848165646,-0.35538656119360107,435.4545650501004,10550.142857142857,9234.720241131985,143.0714285714287,9,13008.142805469965,0.6708148301146339,0.564,0.796,0.241,95.946,0.118,-3.698,0.0737
WITHOUT YOU,The Kid LAROI,1,1,-0.0785845615664182,-0.9851427583199996,-0.5088231592982045,560.7951406801596,147494.19047619047,220319.73703290732,-1331.3999999999953,2,337765.95463875204,0.9099702968410105,0.662,0.413,0.467,93.005,0.213,-7.357,0.0299
WORKIN ME,Quavo,0,20,-0.05074051704432362,-0.9616849061388365,-0.42230456524392185,572.0789677476337,162842.2380952381,287942.92960566975,-3297.5012987012988,1,436352.3160973796,0.752833910293923,0.79,0.628,0.267,170.023,0.182,-4.055,0.142
WOW,Zara Larsson,0,25,-0.21649990172329395,-0.965136520588881,-0.5396874676468005,475.3920905465287,42383.19047619047,28924.883032432637,1984.554545454546,3,43174.1297522023,0.6099694823288286,0.748,0.79,0.279,77.495,0.492,-4.788,0.169
WTF (feat. Amber Van Day),HUGEL,0,28,-0.052396227986510106,-0.8796277251177914,-0.3761731492660834,488.5519891869738,58590.52380952381,33813.79390640262,-1634.8467532467528,18,49216.968982658815,1.3747891603527926,0.808,0.737,0.865,123.985,0.0602,-4.538,0.0526
Waalian,Harnoor,1,1,-0.672401433268381,0.9999875541385461,0.6416308193406903,374.3071793744101,63238.95238095238,15067.766436293232,2405.153246753247,20,2385.4182107127463,0.5769998717737356,0.722,0.335,0.266,85.034,0.12,-9.943,0.136
Wagon Wheel,Darius Rucker,0,70,-0.18026951667284602,-0.997332265928633,-0.13426597047878788,349.44343562242994,6440.190476190476,1190.5811553725955,68.04805194805179,20,1312.6385745893651,0.866312722047024,0.537,0.66,0.574,148.096,0.455,-7.174,0.0296
Wait a Minute!,WILLOW,0,66,0.9999319442419183,-0.9999999935999466,-1.5731260752187622e-05,492.44102328919047,11342.904761904761,42401.31947509447,-2550.8415584415598,0,43540.27895693252,14.7827955474144,0.764,0.705,0.672,101.003,0.0371,-5.279,0.0278
Waiting For Love,Avicii,1,1,-0.0489320662844024,-0.9987240639332806,-0.4700008478669084,437.3536538072534,5570.571428571428,10145.828627106424,226.80259740259743,17,15187.763691538,0.2987807268592936,0.579,0.736,0.613,127.999,0.31,-3.863,0.0527
Waiting On the World to Change,John Mayer,0,48,0.30506284584332316,-0.9826487286963425,-0.23600082712794393,420.75329744349574,16619.333333333332,7383.935112528533,402.4363636363637,19,8625.014396944505,0.747118722993378,0.578,0.756,0.663,176.739,0.157,-5.82,0.115
Waiting for the End,Linkin Park,0,55,-0.14065430529420314,-0.9999999866219303,-0.5042830636256254,553.5976393186235,32292.52380952381,116635.97197369873,-5007.938961038959,3,174537.50950308648,20.86998606731686,0.487,0.961,0.323,170.005,0.0415,-4.139,0.132
Waka Waka (This Time for Africa) [The Official 2010 FIFA World Cup (TM) Song] (feat. Freshlyground),Shakira,0,43,-0.04545980551152137,-0.9277005929391696,-0.3731452126697319,461.6470660600117,25937.333333333332,18794.341902699216,1073.6090909090913,6,26797.247554366473,0.5839113297107318,0.766,0.873,0.743,126.988,0.00627,-6.381,0.143
Wake Me Up,Avicii,0,14,0.018150193692527513,-0.9177855203832215,-0.48605391502606077,544.034527449322,42533.857142857145,137733.59700187473,493.7038961038957,12,204025.31976767,4.588578088578088,0.532,0.783,0.643,124.08,0.0038,-5.697,0.0523
Wake Me Up - Radio Edit,Avicii,1,1,-0.6896730383999975,0.11508173434280619,-0.6305202642204927,414.66133175507593,4142.0,6050.164932816767,-519.4311688311687,7,8030.9790150392,6.195059426707061,0.524,0.807,0.62,124.127,0.00415,-4.16,0.0579
Wake Me Up Before You Go-Go,Wham!,0,83,0.09197596196984961,-0.8743436804980637,-0.47332121958641754,467.50497418126497,19465.619047619046,20798.136705635527,555.1844155844157,10,28688.609412578713,0.5515266405840358,0.62,0.573,0.897,81.548,0.271,-11.893,0.0423
Wake Up Where You Are,State of Sound,0,52,-0.04625018112297529,-0.9074666385498741,-0.5325574616787329,520.035083732493,26067.333333333332,75847.7148479161,1516.6519480519482,13,115013.4951083024,0.9108693940745793,0.706,0.674,0.545,113.956,0.11,-6.977,0.0337
Walk On Water,Thirty Seconds To Mars,0,45,0.0405616050526428,-0.8916152460241488,-0.4614410333516034,514.8614823980678,21904.238095238095,67086.3574449308,2269.7623376623374,15,97029.2743873724,0.113234194781646,0.495,0.787,0.388,140.003,9.16e-05,-6.89,0.0368
Walking On A Dream,Empire of the Sun,0,99,-0.6741625095598541,-0.5691727557905887,-0.817092685160531,451.58324340495847,24236.571428571428,17040.812068653995,395.65194805194847,16,30897.336903202515,0.81779104244313,0.871,0.701,0.716,126.975,0.257,-5.594,0.0458
Want to Want Me,Jason Derulo,0,72,-0.8060728340056103,0.1684302318437306,-0.7242820439809471,470.7386476781828,19932.238095238095,21616.668464745886,-226.22597402597333,12,36250.62906885203,1.5400887723191767,0.772,0.643,0.669,114.031,0.0102,-6.24,0.063
WanteD! WanteD!,Mrs. GREEN APPLE,1,7,0.6896562065154602,-0.9994365135493294,0.19188896807786848,326.1548122244825,9211.904761904761,2583.348637216025,408.2402597402596,20,716.8372618663178,0.531383250895446,0.559,0.806,0.633,160.021,0.0251,-2.461,0.05
Wanted,OneRepublic,0,21,0.9996496711613284,-0.9999999999390629,-0.5194661928475391,545.8521264947925,35942.19047619047,102103.72281334638,-4540.755844155845,2,155332.7036519596,5.253494393396666,0.668,0.534,0.711,145.816,0.164,-6.586,0.0677
War With Heaven,keshi,0,42,-0.348981707931348,-0.9818290716992126,-0.6109008250482094,396.9331820453118,11654.761904761905,3971.333072392958,-134.63116883116882,18,6559.413598790673,1.1479224169154105,0.622,0.671,0.572,84.996,0.014,-6.426,0.026
Warriors,Imagine Dragons,0,91,0.17054681956731083,-0.9996884406947797,-0.13260544354868056,360.95835076934736,2689.2380952380954,1612.3977975662124,-93.96103896103887,8,2044.4109047596082,1.4245392447480347,0.365,0.851,0.309,78.086,0.0964,-6.238,0.0645
Washing Machine Heart,Mitski,0,71,-0.28492964863684095,-0.6947520448260472,-0.680863757430972,520.513001073909,34305.90476190476,79822.50962867243,2151.5,15,125210.3859432096,0.05109173830568673,0.613,0.822,0.567,105.997,0.0092,-4.087,0.026
Wasted Love (feat. Lagique),Ofenbach,1,8,-0.4635895397080152,-0.962402655394707,-0.7240388672650568,462.49922469210185,25475.285714285714,21155.755970427344,361.6753246753248,1,36813.06255950461,0.7054814900131494,0.734,0.855,0.54,121.955,0.0821,-4.578,0.135
Wasted Nights,ONE OK ROCK,1,4,-0.4925589341897623,-0.7238729027821003,-0.7234810712474861,446.39568594792104,15030.142857142857,13164.966041898999,188.14805194805206,15,23581.027005359625,0.7866560512340441,0.556,0.833,0.374,125.07,0.0156,-5.29,0.0402
Wasted On You,Morgan Wallen,1,1,-0.06425533113896184,-0.8710949914983533,-0.3163539215900552,591.4243270266583,611945.8571428572,476209.0181700715,-27256.885714285694,1,683567.0621124364,2.4497623454498156,0.505,0.657,0.252,196.0,0.373,-5.24,0.0318
Water Under the Bridge,Adele,0,15,0.03168446900484166,-0.9331390742517346,-0.4454421375696207,537.9439037176177,49611.04761904762,121974.23307071133,2795.6,17,177772.28310101523,0.46328542305621595,0.59,0.833,0.538,94.963,0.0142,-6.503,0.0615
Waterloo,ABBA,0,50,-0.41628450400098543,-0.9999998681917457,-0.6192101078231603,380.2649516707534,17342.38888888889,13827.096723217419,570.2466460268323,7,23594.84867273519,1.0,0.445,0.949,0.653,147.604,0.395,-4.682,0.0471
Watermelon Sugar,Harry Styles,1,1,0.6757361473838641,0.8748280773327751,3.0421558270744997,538.1214841087359,68681.90476190476,187494.15032472595,12046.240259740258,20,165284.35697980467,0.17925470404202484,0.548,0.816,0.557,95.39,0.122,-4.209,0.0465
Wati by Night,Sexion d'Assaut,0,89,0.11780000161663207,-0.9999999792817607,-0.35403708828485303,439.6016183980023,47000.90476190476,11544.749587520238,-719.6116883116878,2,14803.185125168164,1.224105853423713,0.929,0.758,0.742,114.951,0.139,-2.614,0.152
Wave of You,Surfaces,0,115,-0.7975928331071336,-0.05439329555117214,-0.7633861976860938,522.6717189942237,77929.61904761905,107238.62455933815,8500.235064935063,15,150110.4161647269,0.23836714036367548,0.695,0.656,0.346,90.986,0.057,-6.038,0.0489
Waves - Robin Schulz Radio Edit,Mr. Probz,0,78,0.048665374753247774,-0.996958296317314,-0.38251765468724397,358.7940661888923,11543.761904761905,1413.6227995830902,-16.171428571428436,11,1985.5918229837673,1.0348220552681517,0.829,0.51,0.45,119.994,0.00821,-9.334,0.0369
Waves of Blue,Majid Jordan,0,82,0.24893955530937273,-0.999998728004602,0.21143184131677084,214.76991523464525,40011.833333333336,8353.276431370441,-2302.5524475524485,0,3426.802916919057,1.0,0.652,0.861,0.333,99.983,0.00743,-4.863,0.0565
Way Back Home,SHAUN,1,1,-0.06727206695534806,-0.9991334499290847,-0.32211754556934635,389.69007017106696,4975.476190476191,3076.348865891384,58.51688311688321,14,4547.732708724206,0.7693496099685949,0.745,0.739,0.556,99.913,0.405,-4.591,0.0327
Way Back Home (feat. Conor Maynard) - Sam Feldt Edit,SHAUN,1,5,0.05576219649281903,-0.9895024397032808,-0.44037133342301465,389.64017280192786,5748.190476190476,3684.6776510693917,341.62207792207784,18,4304.166612423362,0.43297977825185535,0.737,0.747,0.447,105.943,0.269,-4.818,0.0323
Way Maker - Live,Leeland,0,92,0.036684666380638345,-0.9956534790040621,-0.4997149759765465,226.09005595267172,1677.6190476190477,72.94255808542329,8.60129870129872,18,67.7794032136607,0.9215910017116309,0.432,0.524,0.183,135.956,0.0289,-8.721,0.0321
Way down We Go,KALEO,0,12,-0.13800179991986045,-0.994409579835219,-0.5989865022534113,411.10148794692446,6213.0,5273.558119343641,63.44155844155863,2,8276.064426404619,0.8068741690779697,0.489,0.505,0.337,163.255,0.579,-8.022,0.117
We Are,ONE OK ROCK,0,12,-0.28001394543475133,0.9998686087041319,0.28785952235043316,314.65875192029586,4272.714285714285,1120.7397702647395,91.56103896103896,10,584.8229197799964,0.6556494760502738,0.41,0.834,0.333,147.982,0.0651,-5.375,0.054
We are,ONE OK ROCK,0,87,0.11582282511176353,-0.9987199043866436,-0.43574397376284596,271.36492512366135,3683.1428571428573,161.6773052113628,-4.642857142857167,13,215.8227223903915,1.0150117279124315,0.41,0.834,0.333,147.982,0.0651,-5.375,0.054
We Are The People (feat. Bono & The Edge) - Official UEFA EURO 2020 Song,Martin Garrix,0,17,-0.23511659128566365,-0.9999999999094401,-0.48607510156823236,507.45545008590807,33351.09523809524,53483.3334288131,-1611.7168831168826,2,84431.1574362658,1.9734343713319065,0.66,0.733,0.304,119.933,0.248,-4.619,0.0359
We Are Young (feat. Janelle Monáe),fun.,0,114,-0.5979683234584225,-0.3720004040530535,-0.6646646022301733,314.17780373070747,49976.769230769234,68694.95547726679,3808.505494505497,11,108430.7591548122,1.0,0.378,0.638,0.735,184.086,0.02,-5.576,0.075
We Don't Talk Anymore (feat. Selena Gomez),Charlie Puth,1,7,0.2282651496311024,-0.6425237883367316,-0.26935482180158427,497.7964355197677,31263.714285714286,44962.02236188613,1634.6389610389606,20,52974.726321048605,0.6847052900795858,0.728,0.563,0.352,100.017,0.621,-8.053,0.134
We Rollin,Shubh,0,18,0.5435950901334052,-0.2451674737727266,0.7015133023067842,405.1504858646427,133590.2380952381,39373.44679313563,6372.287012987011,17,5215.500301984461,0.4916794965870929,0.82,0.504,0.275,85.016,0.261,-9.113,0.141
We Will Rock You - Remastered 2011,Queen,0,16,-0.14669799794203056,-0.9643430962510697,-0.4512371954914271,474.5112695036508,27820.619047619046,25412.08243462938,194.47532467532469,10,39394.866724485815,1.0189276937298493,0.692,0.497,0.475,81.308,0.676,-7.316,0.119
We are Bulletproof : the Eternal,BTS,1,6,0.022441380678616216,-0.8468981523707924,-0.4512117504405403,527.3499716606295,39104.71428571428,94598.49168390979,4787.093506493506,18,133768.07243935304,0.24005478731777455,0.522,0.574,0.176,84.044,0.224,-5.225,0.0317
We'll Be Alright (Movie Edit),RADWIMPS,0,104,-0.23497492455467775,0.3511079109276984,0.09657029620749236,302.1677545236208,6499.6,691.7207818187914,-70.38045112781971,8,561.0004123027702,1.0,0.226,0.599,0.0653,95.328,0.326,-6.847,0.0365
Weak,Larissa Lambert,1,7,-0.3260313065613057,0.2790185006114852,0.22316515168084466,434.6746132540699,115679.90476190476,41377.32724791931,6240.885714285713,16,10018.54180145494,0.42015929440770533,0.617,0.451,0.487,127.923,0.627,-9.323,0.0584
Wearing My Rolex - Radio Edit,Wiley,0,84,-0.5193162151206329,-0.9334714865098915,-0.7067653233228935,332.2514435389104,41791.066666666666,27650.173049408248,2035.0142857142864,7,47366.702631097905,1.0,0.875,0.716,0.755,131.944,0.0468,-6.884,0.135
Weightless Part 1,Marconi Union,0,29,-0.04903570476924243,-0.9221980750745932,-0.498975282879636,509.4054027867369,27829.47619047619,57537.17766272769,-422.16623376623323,6,88482.05829391346,1.481929847900315,0.0783,0.206,0.0807,80.341,0.864,-20.611,0.0337
Welcome To The Jungle,Guns N' Roses,1,6,-0.6095866643896324,-0.13853952599653171,-0.7434704886404013,405.1521528653128,5603.571428571428,5550.585851287863,489.0571428571429,18,6631.5987504899595,0.3120272997227372,0.447,0.954,0.331,123.453,0.0235,-8.069,0.0751
"Welcome to the Party (with French Montana & Lil Pump, feat. Zhavia Ward) - from Deadpool 2",Diplo,1,5,-0.12431971197791288,-0.9999999999982518,-0.504266891626023,549.872863391055,51275.142857142855,151602.04442781728,-4780.766233766233,3,229872.29420099215,15.800031823967993,0.618,0.845,0.486,171.921,0.114,0.175,0.132
West Coast (feat. Quinn XCII),DVBBS,0,96,0.37631285476455517,-0.9748722918836008,-0.13951214739720139,385.6821084936244,35118.42857142857,3474.6982544076645,320.6688311688307,17,3378.902769761213,0.871608663506611,0.714,0.798,0.659,119.017,0.00248,-4.239,0.0612
What A Time (feat. Niall Horan),Julia Michaels,0,30,0.31057945631530753,-0.8311423198881811,-0.2962303812703549,536.4575516723637,56236.71428571428,107959.9312567676,-1240.8012987012987,2,142231.33422699093,1.5634496806870732,0.516,0.467,0.386,132.861,0.662,-6.184,0.0302
What Are We Waiting For (feat. Ellise),VAX,0,46,0.7727027195759485,-0.9999993379896593,0.04032319640550441,399.10903206081395,28895.14285714286,6139.375594787922,626.1181818181815,19,4386.199509826246,0.7682175747478013,0.622,0.608,0.205,139.966,0.354,-8.494,0.0597
What Christmas Means To Me,Stevie Wonder,0,22,-0.26928560049031,-0.8915204472486234,-0.620531271259069,443.6088196528536,17822.571428571428,12034.038745600425,432.52077922077916,18,19688.81865748933,0.6380987715392861,0.524,0.614,0.751,82.229,0.202,-8.05,0.0363
What I've Done,Linkin Park,1,6,0.11597586268904117,-0.8142411949044039,-0.37154884026677365,506.3792005530198,22092.238095238095,54794.81344321417,2612.5922077922073,18,75115.98205581818,0.17274177509531005,0.623,0.93,0.287,120.119,0.0141,-5.285,0.0324
What Ifs (feat. Lauren Alaina),Kane Brown,0,45,0.30718670278317844,-0.999794836303057,-0.06522291768891275,441.26944723044676,180292.33333333334,11892.638849038121,419.67792207792337,14,14470.389180927372,0.983518030333259,0.612,0.799,0.687,125.976,0.00898,-4.603,0.0275
What Makes You Beautiful,One Direction,0,16,-0.6818855441123308,-0.6958667788050814,-0.6998280086238227,429.4688004999285,15321.52380952381,10584.838305978927,-716.7363636363638,2,16454.51578222526,1.7251510880729999,0.726,0.787,0.888,124.99,0.009,-2.494,0.0737
What They'll Say About Us,FINNEAS,0,96,-0.8384378555987769,-0.0729299825315153,-0.8259900436565984,329.9708492393622,7206.523809523809,912.8855151215956,-40.662337662337826,0,1424.5958330347594,1.0726180944755805,0.538,0.318,0.0897,144.988,0.88,-13.036,0.0417
What is Love,TWICE,0,113,-0.9720810665019658,0.3359973051359999,-0.8775379477980622,351.63605441084934,22846.238095238095,1759.9849540688558,10.91428571428553,3,3194.7251974935184,0.9904199607230978,0.574,0.909,0.569,169.966,0.0987,-1.573,0.0658
What's the Use?,Mac Miller,0,26,-0.45328771807471135,-0.5623339606361037,-0.6466973676392685,558.0758568599317,173589.14285714287,217845.09656247243,-14071.34285714285,12,326626.5829577371,26.313765062903276,0.759,0.492,0.561,104.973,0.736,-10.338,0.12
Whatever It Takes,Imagine Dragons,1,6,-0.2347812119286796,-0.9967309747613524,-0.5483269291423547,414.2280806840618,8321.190476190477,5795.58649498579,62.4935064935066,16,9285.781615459196,0.9517701807179386,0.672,0.655,0.556,134.945,0.0362,-5.021,0.0311
When I Am Older,Josh Gad,0,64,-0.21574253793107726,-0.7591662791652379,-0.5323843731992096,449.6532960341341,15354.0,12930.542326489747,420.1636363636366,5,20820.902153545125,0.7623424138235034,0.73,0.326,0.434,116.893,0.705,-7.001,0.26
When The Sun Goes Down,Arctic Monkeys,0,101,-0.004125326846652865,-0.899727658298241,-0.5136495107896561,465.9391566469074,35751.90476190476,20051.14997035798,798.4701298701299,15,28973.808740136326,0.7699862929526871,0.348,0.875,0.407,169.152,0.0341,-4.758,0.199
When We Were Young,Adele,1,6,-0.11488418099502451,-0.9989326839816848,-0.578693360615455,441.8416349346989,9695.190476190477,11277.709213602557,-94.25974025974021,15,17477.50598741136,0.9349478248439509,0.376,0.595,0.265,144.361,0.303,-5.936,0.0496
When You Danced With Me,ABBA,1,1,0.06695988421138435,-0.9280690222565483,-0.4489427842030403,570.0222800785823,104474.90476190476,265683.5026094922,-1786.9857142857106,11,383425.50471634965,4.352176445863536,0.477,0.687,0.724,88.001,0.385,-6.469,0.0295
When You Were Young,The Killers,0,62,0.07859149717214528,-0.7308180593798099,-0.488307665750863,259.29297524665577,12257.416666666666,19582.58331382904,2866.1713286713284,11,25072.726322433893,1.0,0.467,0.988,0.321,130.433,0.000152,-3.313,0.112
Where Have You Gone (Anywhere),Lucas & Steve,0,92,0.345028237591024,-0.9999301338861218,-0.16871174757755814,425.29244776401106,19263.666666666668,8819.131823880633,776.3623376623375,0,8993.585689812491,0.5364387768567281,0.618,0.767,0.239,124.067,0.00564,-5.024,0.0491
Where Is The Love?,Black Eyed Peas,0,56,0.24066617629470322,-0.7952956547590061,-0.3533996270454492,488.50142755790586,31151.47619047619,34658.67494873129,-72.71038961038951,7,45242.283548247215,0.8748432799889403,0.832,0.702,0.814,94.097,0.103,-3.236,0.173
Where The Hood At,DMX,0,21,-0.12807145027213268,-0.9998659289851403,-0.508586217123862,569.2254422538095,124476.66666666667,272915.83713461715,-4554.3519480519435,3,425831.9559388979,1.5461318778108444,0.537,0.948,0.792,186.151,0.151,-3.063,0.355
Where Them Girls At (feat. Nicki Minaj & Flo Rida),David Guetta,0,53,-0.07506197783930037,-0.9372178358722153,-0.31275641826336203,453.65735676050656,14678.380952380952,15207.223134876496,-650.1974025974023,5,22403.110967620098,3.099486151681201,0.666,0.876,0.552,129.884,0.055,-3.078,0.0414
Where'd All the Time Go?,Dr. Dog,0,92,-0.5825293344370269,-0.9913324422315427,-0.7586258274604966,447.78858686855864,23238.85714285714,15929.346754566266,130.48701298701332,16,28779.263340945683,0.9770243103069619,0.454,0.82,0.575,166.303,0.132,-4.193,0.0567
Wherever I Go,OneRepublic,0,48,-0.17940018841604713,-0.9995088429425306,-0.6067130060962127,419.5254796746984,6212.380952380952,6739.32064172778,-277.7688311688311,12,10234.214585887868,2.019414232154126,0.552,0.689,0.349,99.961,0.0915,-6.444,0.0425
Wherever you are,ONE OK ROCK,1,4,-0.05659981378832269,-0.9993920744376026,-0.459743418241097,284.7563288860132,4343.333333333333,356.1780364519879,46.049350649350636,20,329.2027642654296,0.8529268441249924,0.379,0.69,0.288,173.716,0.0286,-4.79,0.0549
Whiskey Glasses,Morgan Wallen,0,53,-0.2770592306033657,-0.9362638652832562,-0.6393509843810012,517.164831459852,184375.04761904763,76811.31945071401,2351.432467532469,2,125869.4130074797,0.7485725896840908,0.614,0.68,0.707,149.959,0.369,-4.58,0.0289
White Christmas,Otis Redding,0,92,-0.5967120601928084,-0.6494840467666337,-0.879133696740949,285.873745581453,62759.333333333336,74514.9845258582,6516.055944055942,6,131401.2459438772,1.0,0.65,0.227,0.537,96.09,0.508,-13.453,0.0284
White Tiger - Single Version,Izzy Bizu,0,86,-0.17703453703889557,-0.987938882075339,-0.36607359181737686,399.7852860559415,18951.714285714286,4000.5260504428798,83.60259740259686,0,5898.577509874733,0.9292232627464214,0.772,0.582,0.319,117.856,0.222,-5.14,0.0615
Who (feat. BTS),Lauv,1,1,-0.08637804480896583,-0.855367754919696,-0.5023256084759979,564.4809084150787,65737.80952380953,239061.21340810225,11336.520779220777,18,358422.9984074822,0.08201913387166433,0.632,0.339,0.0969,141.642,0.546,-7.983,0.0337
Who Says,Selena Gomez & The Scene,0,54,-0.18357629875868195,0.9992888383532608,0.4631155184341922,396.7459663255094,75097.71428571429,16606.88812093417,2270.767532467534,15,4976.432757256949,0.6201422120320018,0.682,0.927,0.744,101.019,0.0843,-2.915,0.0479
Who's Laughing Now,Ava Max,1,3,0.07827774067807045,-0.9183347715093387,-0.4590608286961567,548.9860979477537,52386.52380952381,156716.41832717162,-331.06233766233663,9,224585.56780298683,0.6570509768300455,0.648,0.641,0.505,184.021,0.00565,-5.521,0.0389
Why You Gonna Lie,高爾宣 OSN,1,3,0.19279887774935034,-0.9961537829935945,-0.35064466729103566,353.2465134242228,14835.047619047618,1483.4364375999037,132.64675324675324,14,1649.5442544836437,0.8416748211255847,0.768,0.76,0.736,90.0,0.762,-3.729,0.105
Why'd You Only Call Me When You're High?,Arctic Monkeys,1,5,0.28932637758173374,-0.9999676308651885,-0.20984605473546195,460.43430842326865,11111.57142857143,18669.466731924127,-166.68571428571445,14,23490.06719892474,1.022930858420692,0.691,0.631,0.8,92.004,0.0483,-6.478,0.0368
Wild Life,OneRepublic,0,71,-0.03255387829403682,-0.9046581044710598,-0.4928866374598088,446.91937202209925,67900.82352941176,185112.84476366913,-2424.852941176466,9,283969.1274210585,1.0,0.498,0.764,0.0557,115.975,0.0118,-8.096,0.0382
Wild World,Yusuf / Cat Stevens,0,102,0.29503300558347284,-0.99999972628898,-0.0846031011064643,363.41131046328786,2399.904761904762,1791.7393758383794,-116.62207792207774,1,2054.254704266246,1.744879230599809,0.48,0.542,0.567,152.853,0.345,-8.51,0.0348
Wildest Dreams,Taylor Swift,0,57,-0.10223434820426933,-0.9772779658773603,-0.4548549339611282,546.3211097283831,94832.66666666667,154083.4149739411,-2817.8233766233784,1,237447.11803121027,0.8590082821294224,0.553,0.664,0.467,140.06,0.0709,-7.417,0.0741
Winter Wonderland,Tony Bennett,0,16,-0.560115660912463,-0.2810471616237878,-0.7173915814483727,416.1673765089139,18889.0,6930.825746172639,129.6324675324677,14,9465.205408626904,0.8535803205247001,0.653,0.495,0.448,126.58,0.529,-7.803,0.0351
Wish,Choi Yuree,0,82,-0.012814931287728074,-0.9181102388998439,-0.493325474743519,445.9095328278366,7479.142857142857,12374.79388298078,604.5909090909091,10,17005.57813189543,0.20772879464285715,0.582,0.137,0.265,113.979,0.953,-13.044,0.0332
Wish You Were Here,Neck Deep,0,86,-0.7642333143892397,0.9999864169234937,-0.023708140653536346,384.9288818182321,51378.619047619046,4599.265070444257,515.6896103896105,19,3069.3877447302093,0.8875553121520894,0.53,0.496,0.535,159.957,0.428,-6.318,0.0264
Wish You Were Here,Pink Floyd,0,24,0.719422268873094,-0.9976010796403662,-0.10196412006563246,324.6849865306992,2879.0,829.4501334073819,-41.71168831168823,6,692.3370187271514,1.2867475501633223,0.481,0.262,0.375,122.861,0.735,-15.73,0.0414
Without Me,Eminem,0,54,-0.0040004873605643965,-0.99948661446457,-0.4237918938075019,426.83344243289525,6497.523809523809,7745.872164112085,-107.11948051948045,17,11420.253838685023,1.0713077725008686,0.908,0.669,0.662,112.238,0.00286,-2.827,0.0738
Without Me,Halsey,1,1,0.012808376972272035,-0.9985332472322893,-0.4463498730632207,509.3075098997278,32179.380952380954,61559.81477700112,-1715.8220779220762,4,88755.98704328344,2.319602457669678,0.752,0.488,0.533,136.041,0.297,-7.05,0.0705
Without Me (with Juice WRLD),Halsey,0,63,-0.19830022936374211,-0.999233232629039,-0.5489111502225609,554.9485624773523,167174.2857142857,192192.1517034308,2063.3623376623364,3,308697.6498716989,0.8768049228339649,0.744,0.514,0.449,136.013,0.355,-6.103,0.0746
Without You,高爾宣 OSN,1,1,0.32809148139321237,-0.9999980103791615,-0.2552994146966889,367.9141692706384,10898.380952380952,3136.2441820051254,416.8103896103896,11,2271.390223519508,0.5977103358894049,0.669,0.698,0.286,80.003,0.573,-4.613,0.091
Without You (feat. Sandro Cavazza),Avicii,1,1,-0.15095505353420893,-0.893154089450355,-0.5664089504719373,525.962599040691,44299.52380952381,91580.01203819587,4143.675324675325,18,141933.67428728816,0.3792977744030856,0.662,0.858,0.295,133.993,0.00163,-4.844,0.0428
Woman,Doja Cat,1,3,-0.026166373436101533,-0.9486928127198865,-0.5019713692163245,584.2175376671807,141410.09523809524,387628.9043243618,-6403.233766233766,12,582514.8591908708,5.448435230423875,0.824,0.764,0.881,107.998,0.0888,-4.175,0.0854
Woman Like Me,Adele,1,9,-0.028609505207512986,-0.9999348652174493,-0.4590884465273886,489.3261388599266,25353.666666666668,35811.93060224927,-474.8909090909085,3,53056.930050159324,1.2126278949873097,0.594,0.37,0.329,145.601,0.749,-10.561,0.173
Wonderful U,AGA,0,113,0.32369507368915673,-0.9966818265910892,-0.07074484084448922,313.20926754064385,3810.0,505.41307952246444,29.12467532467533,6,580.253211968706,0.9283329232715898,0.557,0.436,0.246,179.997,0.809,-8.569,0.0676
Wonderwall - Remastered,Oasis,0,44,0.06708559313808476,-0.9778106737756651,-0.36313885202693635,441.1109462866184,9070.380952380952,11253.971224908379,-393.29480519480506,8,15819.880543164667,2.100837190307651,0.378,0.896,0.469,174.302,0.000452,-4.066,0.0407
Words,Skylar Grey,0,128,0.10053580301900657,-0.995956352360235,-0.3103842273842622,252.7214938847284,1953.7142857142858,193.01422174523404,27.296103896103908,20,131.95092837869691,0.8177912051023835,0.487,0.322,0.197,147.916,0.864,-8.035,0.0292
World in Motion,New Order,1,6,-0.2650395079280657,-0.8478756007265285,-0.5417921433947813,505.8082486509884,106585.90476190476,57201.264314952205,2938.492207792209,8,91505.57009871038,0.6416334392493006,0.609,0.93,0.729,123.908,0.0273,-5.861,0.0511
Wrecked,Imagine Dragons,1,10,0.07018790771700244,-0.8375274060270288,-0.4590821183081813,523.3240472500287,40020.28571428572,82905.9050789869,3731.779220779221,17,116415.7152039513,0.252012114282073,0.625,0.562,0.229,93.998,0.149,-5.828,0.0289
X Gon' Give It To Ya,DMX,1,6,0.03289082221449176,-0.9931904890437906,-0.468724150129324,435.7870692592954,3432.904761904762,9726.130801705378,187.5701298701299,13,14077.425659189255,0.9813419004077599,0.761,0.899,0.673,95.027,0.0135,-3.09,0.183
X Gon' Give It To Ya - Int'l Bonus track,DMX,0,90,0.42203990162095767,-0.9318591649074954,-0.038073032384696094,510.2908990265138,36870.80952380953,64484.823937492714,-1514.3740259740246,7,74748.13377488096,0.9618238410387813,0.754,0.825,0.64,95.073,0.039,-5.366,0.194
XOXO,JEON SOMI,1,10,-0.7135096484998151,0.0702241649857897,-0.6574502857392251,466.931857073543,20159.380952380954,21535.27168441443,329.9636363636368,16,31337.305814755357,0.5674578921824163,0.703,0.611,0.527,144.991,0.0705,-6.376,0.0313
Y'a trop,Zkr,0,29,-0.9999992394103985,0.9999258690258321,-0.24380046230063765,225.63394660733678,56473.3,29335.873782964092,-3250.115151515152,1,42359.1530289893,1.0,0.95,0.616,0.688,104.985,0.311,-7.027,0.248
YAYA,6ix9ine,0,14,-0.06169701726621671,-0.8732683564511696,-0.5251730765363322,560.6199452034837,63714.57142857143,211617.43091958849,8529.006493506493,17,318231.3155562947,0.11023468214300924,0.672,0.733,0.354,105.043,0.00289,-5.377,0.0566
YES or YES,TWICE,1,1,0.1633225427654719,-0.9508482050309248,-0.3994752302476091,453.1314551428504,19840.14285714286,15115.51080146204,206.3285714285715,12,19712.164841538844,0.9057836896021044,0.702,0.913,0.735,137.981,0.0514,-2.977,0.0374
YKWIM?,Yot Club,0,58,-0.5462912574537401,0.42318575660458674,-0.0768814024710593,408.6419991976832,209754.95238095237,7446.138510128464,570.8701298701313,16,5392.943749706648,0.950740616995211,0.372,0.537,0.228,123.735,0.937,-7.623,0.0305
YOSEMITE,Travis Scott,1,7,0.07347275081992286,-0.8868952184037086,-0.4571572053131186,590.486362963841,127626.28571428571,441591.8098618465,12711.58571428571,15,632326.6789065028,0.10418490459796968,0.785,0.554,0.144,128.047,0.283,-6.571,0.0409
YOUTH,Troye Sivan,0,31,-0.28435045945233034,-0.9825684734727832,-0.499756043197755,476.2093688594576,20519.095238095237,27600.37543724078,89.91428571428548,14,45779.91702384354,0.8918718369381852,0.628,0.737,0.592,91.507,0.0625,-4.437,0.041
Yangın,Kezzo,0,95,-0.7525189344783465,0.4405337382281797,-0.201133532048128,387.3412789185695,26738.380952380954,4250.744018641694,-518.0467532467533,1,3368.6297421948884,1.3669611475254109,0.803,0.684,0.289,127.002,0.156,-8.697,0.0609
Yanlışlara Gidiyorum,Şanışer,0,102,0.6522899769671954,-0.4168790480086078,0.15400163130007277,328.7058159225998,10861.190476190477,971.0518410489398,33.12077922077945,0,753.8280904821736,0.933575173368541,0.569,0.511,0.0934,110.031,0.276,-15.951,0.165
Ye,Burna Boy,0,128,-0.27687161317072606,0.6210028296724518,0.12544390381496373,262.6230486241611,1337.952380952381,141.8454813857994,-11.181818181818189,3,146.5690536914256,1.1231030577576446,0.503,0.592,0.344,201.85,0.0181,-5.923,0.444
Yeh Aaina,Shreya Ghoshal,1,9,0.7174643560265851,-0.5122387162833044,0.3609168024320456,388.91944719490346,32396.380952380954,11330.726894163206,1512.5181818181823,15,3442.2437609791664,0.4763808604013692,0.552,0.428,0.197,131.745,0.607,-9.433,0.0346
Yellow,Coldplay,1,7,-0.17314260420340846,-0.9955220321604641,-0.5419391267777187,392.2052632112318,4629.523809523809,3439.867060264139,164.07792207792207,13,5238.667392333665,0.6015535879189527,0.429,0.661,0.285,173.372,0.00239,-7.227,0.0281
Yellow Hearts,Ant Saunders,0,19,0.09291821967842716,-0.9341083259304425,-0.33686763786021356,546.6132535091301,98830.33333333333,152458.4432584619,-5297.4896103896135,13,214678.8003109762,5.207288543850832,0.866,0.438,0.695,129.039,0.177,-8.943,0.0719
Yesterday,Official HIGE DANdism,1,5,-0.1861915785088649,-0.9893727903929839,-0.48972921416248566,398.4266636796732,111814.52380952382,5077.255188527863,-545.3493506493484,2,6094.308642290773,1.0705082867095956,0.541,0.8,0.56,129.939,0.0442,-3.687,0.0382
Yo Perreo Sola,Bad Bunny,1,1,-0.09480582207835543,-0.8957085767451112,-0.5410901059574995,608.2172300978611,299587.2380952381,700460.7781244128,-14278.631168831163,10,1076592.476821312,6.394265165757901,0.86,0.758,0.453,97.014,0.021,-5.16,0.0695
Yo Quiero Vivir,Manuel Carrasco,0,106,0.14151684937758371,-0.9455293233431453,-0.22846487337468624,372.9814772545168,20966.0,2010.476655162248,0.015584415584494136,4,2490.414031340974,1.0318501435231224,0.69,0.733,0.704,117.969,0.143,-6.194,0.105
Yo Voy (feat. Daddy Yankee),Zion & Lennox,0,124,0.22375311293344088,-0.9999999863294905,-0.37243285939089305,369.0982492303366,22241.473684210527,5746.966782284016,499.31578947368365,17,6684.318377578936,1.0,0.808,0.697,0.554,95.06,0.041,-5.899,0.241
Yonaguni,Bad Bunny,1,1,-0.2130049198770625,-0.9606997110029805,-0.5565567212540464,593.0046843243682,301423.7619047619,501727.7405781996,-11186.3948051948,2,816851.1344262966,1.846165375968024,0.644,0.648,0.44,179.951,0.276,-4.601,0.118
Yoruwahonoka,Eve,0,117,0.8351951909321557,-0.9960778399654561,0.03302581642887067,248.79335347621054,29320.0,3385.6836617059867,-537.3274725274723,3,2588.506864387701,1.0,0.747,0.672,0.611,119.017,0.00694,-6.267,0.0616
You (Prod. SUGA of BTS),ØMI,0,27,-0.31225453505622325,-0.9646716438696208,-0.5599820899905716,432.63071497294135,10651.0,9181.421365219781,59.88571428571411,15,13942.188974475996,0.8348061524281353,0.677,0.517,0.482,135.893,0.0374,-7.382,0.0519
You (with Marshmello & Vance Joy),benny blanco,0,16,-0.02571080041576636,-0.9169473647985318,-0.4738444525866528,534.41882136874,46278.04761904762,110576.49464273102,3527.255844155844,16,164767.0206106489,0.3489733543741271,0.668,0.563,0.305,103.116,0.0493,-6.433,0.0522
You And Me,Lifehouse,0,63,-0.5124104863512535,-0.998236077540786,-0.7686517618915596,419.01385231279215,14563.0,7551.981922143415,220.48831168831163,17,13444.122535424169,0.7736429932077505,0.459,0.427,0.354,139.902,0.114,-7.734,0.0267
You Are Enough,Sleeping At Last,0,71,0.004193612012393751,0.004476231647284206,0.039617351481467805,401.6735409840748,51124.71428571428,8981.629649259792,932.1012987012995,19,4526.965412944967,0.7817590102081504,0.593,0.5,0.465,117.996,0.707,-8.532,0.029
You Belong With Me (Taylor’s Version),Taylor Swift,1,2,-0.00322561307636223,-0.9999999999999916,-0.42534606815676,587.5490804555684,120620.90476190476,321253.52130453347,-10878.459740259737,3,458035.4347291702,4.151076387119489,0.632,0.773,0.474,130.033,0.0623,-4.856,0.0346
You Know How We Do It,Ice Cube,0,92,0.2662267981689699,-0.9983630314084172,-0.3281568996736988,279.56354559936074,2204.809523809524,202.60109035752737,4.033766233766258,8,256.2512243873188,0.9523747475405563,0.747,0.52,0.601,92.869,0.0977,-10.523,0.0357
You Make Me,Avicii,0,11,0.19285623945689348,-0.9311750301725154,-0.4372352897564151,490.29987430309666,27068.0,37617.80223068151,1666.5779220779218,19,49588.880964662836,0.2541430717670172,0.569,0.695,0.506,125.098,0.00148,-5.808,0.0423
You Need Me (feat. Maxine Ashley & Sun-El Musician),Black Coffee,0,32,-0.49016065170781403,0.9999777723029902,0.27156682365349694,225.54853252844822,3497.6666666666665,868.3173511005191,-130.4642857142856,0,618.8876666064294,1.0,0.658,0.811,0.246,117.988,0.451,-13.014,0.0365
You Never Know,BLACKPINK,1,6,0.15468856236014802,-0.6908229740217597,-0.3794892744701613,540.2555841236042,66066.71428571429,126978.5031630843,5869.892207792207,20,157758.9634971259,0.13153284166060733,0.527,0.462,0.334,144.573,0.227,-5.504,0.0494
You Say,Lauren Daigle,0,25,0.09730683647002063,-0.924788284867509,-0.36508507332863627,532.8529842140367,111309.42857142857,108734.13820418499,2913.410389610391,17,151065.10943993652,0.5742966592022553,0.494,0.632,0.0797,147.873,0.682,-6.89,0.0342
You Shook Me All Night Long,AC/DC,0,77,-0.061116560776661576,-0.9315746200225816,-0.5480479491794519,540.977892327838,47067.80952380953,129732.93675694994,2050.972727272727,14,198326.63606323785,0.2822050892751359,0.532,0.767,0.755,127.361,0.00287,-5.509,0.0574
You Spin Me Round (Like a Record),Dead Or Alive,0,76,-0.02327274974033654,-0.7878598657982744,-0.39918164374251963,295.7159711726301,87387.33333333333,93297.0532585152,7717.615384615389,8,145611.93874782667,1.0,0.554,0.963,0.918,128.175,0.000244,-3.762,0.035
You Want It Darker,Leonard Cohen,0,116,0.45400243458885875,-0.999120249564485,-0.1474052447057302,345.5964290761489,10561.0,1125.7424639934727,10.216883116883142,16,1254.6065309490461,0.9817127854534111,0.674,0.327,0.494,108.995,0.613,-16.986,0.0574
You are so beautiful,Eddy Kim,0,71,0.025587318475813862,-0.9988955942604765,-0.4424993606290222,331.4251141649012,3332.4761904761904,740.2487753675155,34.09480519480525,7,1037.1796119766334,0.8049554749340369,0.491,0.554,0.518,151.736,0.717,-5.65,0.143
You should be sad,Halsey,1,5,-0.010767599788345713,-0.8489654448180801,-0.46860845829714903,560.062424052998,73291.28571428571,214970.20886273938,11137.599999999997,18,308263.6313377683,0.13872883958852275,0.591,0.585,0.324,110.94,0.143,-6.35,0.0277
You'll Never Walk Alone,Gerry & The Pacemakers,0,33,0.17595109320226723,-0.8075791670302235,-0.38012135864340124,216.83749616861627,18333.9,20152.970269664966,1376.9757575757578,5,29145.15062388405,1.0,0.474,0.365,0.219,113.207,0.251,-5.446,0.0306
You're Beautiful,James Blunt,0,72,-0.32589651403676706,-0.9995471353151106,-0.4648459690058338,397.862265025775,13762.095238095239,4428.400634699383,341.9129870129871,19,6263.239565113249,0.7315353996153674,0.675,0.479,0.454,81.998,0.633,-9.87,0.0278
You're Gonna Live Forever in Me,John Mayer,0,25,-0.1954716606576196,-0.9999085680837034,-0.5186034793003881,536.8607312388622,61312.95238095238,113596.0337308424,-3512.209090909089,2,179785.4251719185,2.509166251409688,0.542,0.131,0.319,136.161,0.983,-14.104,0.0316
You're Perfect,Charly Black,0,156,-0.9995310305247801,0.9990495415967561,0.08544557501709554,424.37989851256475,37264.619047619046,11455.249287371606,877.622077922078,7,8026.674432633978,0.753833146640601,0.817,0.855,0.783,104.909,0.318,-3.282,0.244
You're Somebody Else,flora cash,0,45,-0.6212478026091748,-0.004712195465190595,-0.6730753961992127,442.4713277137827,19488.04761904762,13275.258338356862,-1241.9051948051945,4,15788.792137066723,2.4139514917364244,0.713,0.452,0.235,102.963,0.841,-9.638,0.0295
You're Still The One,Shania Twain,0,85,-0.25462724038746787,-0.9862071606254754,-0.5020628288264734,446.7320106197316,25915.714285714286,13528.152902964484,569.2662337662337,6,21130.473757762742,0.7765356472702363,0.585,0.494,0.634,133.822,0.363,-8.751,0.0353
You're in Love with a Psycho,Kasabian,0,55,-0.34434817969286174,-0.5948517819940516,-0.433051988485488,473.62846177275367,45905.47619047619,22343.618199598586,446.4324675324689,1,34118.1467285373,0.9367252480351946,0.721,0.805,0.711,120.009,0.0193,-5.049,0.0473
You've Got The Love,Florence + The Machine,0,40,-0.8000237809602772,-0.9940285824701109,-0.8740654656058925,454.33356801509564,28274.714285714286,24833.00973865778,-373.7571428571431,9,47051.37590493502,1.1240637899801027,0.574,0.696,0.401,109.877,0.00481,-4.697,0.0327
Young,The Chainsmokers,0,30,0.9996045785746732,-0.9999999999993257,-0.4198807921599473,532.7222170319482,33548.333333333336,80795.24272554273,-4430.499999999996,1,114525.28830900187,4.521471137596727,0.615,0.564,0.454,103.006,0.0105,-6.384,0.0291
Young Summer,Tungevaag,0,40,0.20592430983505977,-0.9999999973546639,-0.1712165334491683,412.4599858533245,15882.238095238095,6033.861078508457,-416.34805194805233,1,7096.911270933292,1.3485863844229053,0.642,0.907,0.357,107.06,0.00768,-3.26,0.0507
Youngblood,5 Seconds of Summer,1,1,0.9998565894362486,-0.9999999999995677,-0.36183524771130227,521.2295769423505,28984.761904761905,62611.49209355585,-3925.522077922074,1,83674.03301472924,4.922930277152222,0.596,0.854,0.152,120.274,0.0169,-5.114,0.463
Younger - Kygo Remix,Seinabo Sey,0,128,0.717456632336549,-0.9999617152882236,-0.2626769742651149,378.9530207405237,10438.285714285714,4199.342013570552,464.2987012987013,10,2694.1616038203797,0.5068824668272183,0.69,0.489,0.645,114.008,0.13,-7.938,0.0788
Your Body Is a Wonderland,John Mayer,0,103,-0.486797939841962,0.9988600964576237,0.2095610529580511,375.3902532631648,18665.85714285714,2699.3066708696438,182.18831168831153,18,2588.4498696130854,0.8884304749686562,0.647,0.729,0.687,94.01,0.0206,-6.251,0.0236
Your New Boyfriend,Wilbur Soot,1,10,-0.46477501473239313,-0.3602114471950386,-0.6950938732167611,555.787469819699,79252.80952380953,191211.6860193034,6533.053246753245,15,294832.37075624854,0.16299876800977964,0.546,0.453,0.74,104.532,0.382,-13.04,0.121
Your Power,Billie Eilish,1,1,0.6254564876062142,-0.9852102755396566,-0.5301630798951903,489.8658046763975,22844.714285714286,34967.99389665444,1325.1987012987006,20,42983.91031220287,0.62464191519578,0.632,0.284,0.208,129.642,0.932,-14.025,0.0801
Your Shirt,Chelsea Cutler,0,61,-0.5956241537666305,0.9996964360069441,0.0361049857298223,401.9611051959856,54094.04761904762,8792.549326810687,1153.3194805194814,13,4968.350446576812,0.7063415712682908,0.433,0.478,0.173,179.98,0.191,-6.641,0.0725
Your Song,Elton John,0,41,-0.2662832141231866,-0.7399395573685399,-0.6693502539259397,470.6787173280052,31591.238095238095,23370.092228162783,747.3610389610384,6,35442.45544668146,0.7401718514235117,0.554,0.315,0.325,128.157,0.828,-11.028,0.0298
Your Song,Rita Ora,1,9,0.41756150271584164,-0.9112097438563092,-0.07621761968939095,499.81866527308114,31631.380952380954,49371.96699542902,1606.4428571428568,14,57641.07530147231,0.311740232724436,0.869,0.621,0.962,117.984,0.159,-4.105,0.0462
Your eyes tell,BTS,1,1,-0.09711383752046192,-0.8861663922913023,-0.5306145569966846,553.6037749701611,56209.52380952381,183405.3460394993,9414.023376623378,17,274302.8100797502,0.04605438957722584,0.449,0.491,0.258,139.923,0.279,-6.433,0.029
Yours,JIN,1,1,-0.5588314409636939,0.2231645747389104,-0.35192465799552436,491.81926755035073,35236.0,39527.040161195495,962.8493506493506,14,46519.386987470076,0.437855325636716,0.488,0.427,0.157,72.035,0.354,-7.383,0.0382
Yours,Russell Dickerson,0,125,0.25775306667357484,-0.8734660220413396,-0.24398850315346265,447.27701135078337,190711.14285714287,12605.23162094561,439.2467532467509,20,16432.925426107184,0.9898532446261493,0.554,0.722,0.558,134.058,0.119,-6.005,0.034
Youth,Glass Animals,0,116,-0.5777043148797752,0.9999997309749803,0.017325401985275293,203.34948650279736,15998.416666666666,1541.3728436220601,-184.48601398601326,0,1872.3769442843509,1.0,0.648,0.718,0.785,96.017,0.129,-7.765,0.0298
YuNg BrAtZ,XXXTENTACION,0,59,-0.022065733310264523,-0.9555345740751984,-0.451386042746131,566.2595173208025,149648.2857142857,243820.87186725595,836.2532467532457,3,376544.4090275243,0.8200835818925151,0.755,0.695,0.493,128.063,0.0179,-5.963,0.26
Yummy,Justin Bieber,1,1,-0.1417078856628112,-0.7763368460233501,-0.5728272584126727,516.0868176363454,52434.23809523809,66436.82186423053,-1492.8935064935058,3,102322.73521016726,2.176042137187843,0.677,0.506,0.497,145.843,0.345,-6.652,0.0964
ZEIG DICH,Rammstein,1,3,0.15557505377738742,-0.9684467135061338,-0.26035283082802385,459.4378353766067,17496.428571428572,17613.93811343578,-445.16623376623335,3,22971.528474341885,1.3360163324314027,0.545,0.942,0.365,165.066,0.00108,-4.283,0.0417
ZITTI E BUONI,Måneskin,1,1,0.08017130356993596,-0.9392367551754808,-0.2843440421761085,585.5581848294382,540628.8095238095,401597.278746901,-13778.122077922078,4,563348.6745106534,1.5846200646659683,0.625,0.939,0.644,102.999,0.00138,-3.115,0.0669
Zapatillas,El Canto Del Loco,0,104,0.13693898926293652,-0.9999993346297038,-0.18594481753014983,413.5469479937536,43479.57142857143,6955.449713791943,-688.3714285714283,1,7167.796881887767,1.3074904835078176,0.428,0.956,0.686,198.076,0.0281,-2.382,0.178
Zehir,Hidra,0,73,-0.20737689778161425,0.9999995029879534,0.05181608036231038,361.47879665577204,16658.904761904763,2219.981679563228,236.0714285714287,15,1779.5851335353416,0.8315147349428645,0.856,0.791,0.727,110.012,0.361,-8.757,0.0855
Znamení,LIL GRIPPIE,0,118,-0.536394622801318,0.9995531104958829,0.13794629742063103,230.27741636452447,3278.3529411764707,289.52922054634314,-5.477941176470571,7,271.276496401734,1.0,0.524,0.407,0.465,135.171,0.789,-13.153,0.206
Zombie,Bad Wolves,0,94,0.42021018492197154,-0.9995366380592354,-0.06659269547231181,359.43051264321355,25816.428571428572,1890.3576777054293,174.29610389610403,17,1797.463336900088,0.8862772650336921,0.448,0.826,0.19,77.093,0.00756,-3.244,0.0319
Zombie,The Cranberries,1,1,0.09028349089963024,-0.8502269661375008,-0.3916027088367,496.7021989250784,25068.571428571428,43979.95747260923,2705.142857142857,15,58514.54598258026,0.11896434517886524,0.309,0.649,0.312,166.915,0.0158,-8.994,0.035
Zoo York (feat. Fivio Foreign & Pop Smoke),Lil Tjay,0,23,0.015361705372314294,-0.9998963347659131,-0.5215868121005979,574.5972528211596,168666.04761904763,309447.7662230353,-278.5389610389492,1,454937.52925059944,1.1954769403322485,0.565,0.569,0.303,92.466,0.0352,-6.084,0.379
Zor,maNga,0,53,0.12311390503854565,-0.9999960453952955,-0.030390343153231605,333.41234948787394,33710.61111111111,4065.1309140992535,-506.05882352941103,2,3753.9203489364513,1.0,0.562,0.816,0.238,122.01,0.0198,-4.234,0.0398
Zor II,Lil Zey,0,54,-0.16108573043424695,0.6661211909188741,0.30233733622663983,376.39857330993846,35958.90476190476,8896.900984825383,-1377.1090909090908,0,2669.9728364723114,1.7326544665400747,0.64,0.459,0.123,140.033,0.34,-7.888,0.116
Zítra,Hasan,0,29,-0.7697037511279595,-0.9138028077598073,-0.5941557944177495,323.1547736700954,6201.833333333333,3264.2387788817714,-300.70691434468495,0,4750.146362341673,1.0,0.724,0.56,0.412,122.05,0.13,-14.134,0.0599
a.m.3:21,yama,0,59,0.6771164655999521,-0.9992344260198216,-0.03079216850989029,393.0294653332785,36280.0,6214.211293478844,765.307792207792,7,3845.2063078591764,0.7107001367317604,0.634,0.736,0.752,110.169,0.295,-5.006,0.109
abcdefu,GAYLE,1,1,-0.34189051096641965,-0.9999998759469929,-0.5622992084475895,388.4591931952917,7724.952380952381,3571.550769972944,-278.6610389610392,17,5351.7477416260945,1.8380107920496758,0.695,0.54,0.415,121.932,0.299,-5.692,0.0493
abcdefu (angrier),GAYLE,0,64,-0.27811968315285424,-0.7619080864452319,-0.6227028732346571,459.3607717977856,14616.47619047619,17227.09991517807,556.144155844156,14,27486.837528669974,0.5254819307338825,0.671,0.599,0.448,121.849,0.0658,-6.18,0.0405
acting like that (feat. Machine Gun Kelly),YUNGBLUD,0,99,-0.0326768208555012,-0.8844793264860613,-0.4762222239620744,477.0759538921253,90828.94444444444,201384.83913709762,-5778.050567595455,7,308738.8681815552,1.0,0.522,0.9,0.579,160.01,6.98e-05,-2.631,0.0719
airplane thoughts,dhruv,0,89,-0.5083224214430517,-0.9382596318023247,-0.6568213412447048,452.52026604970735,19680.0,16562.551019867507,-211.31948051948012,9,29593.667922209304,1.2091351855658692,0.677,0.454,0.273,80.045,0.83,-8.555,0.0673
all the good girls go to hell,Billie Eilish,1,2,0.2209256515037756,-0.9589036951362669,-0.402251071032638,484.49767957210975,35695.71428571428,32749.428552110585,128.73896103896112,8,43302.116582910814,0.765569179397878,0.726,0.444,0.569,185.044,0.283,-8.922,0.372
all the kids are depressed,Jeremy Zucker,0,71,0.007261172682514571,-0.9995508016812117,-0.3506509109251409,389.7972318303119,9034.47619047619,3138.4160490687264,116.60649350649372,19,4228.070400312654,0.9024631914663034,0.773,0.437,0.707,103.861,0.836,-8.281,0.0963
"always, i'll care",Jeremy Zucker,0,35,-0.08917130170811385,-0.9999999717248916,-0.506450250884857,502.927812877356,20872.619047619046,53388.309410060916,-2046.1688311688315,3,79795.81540148267,3.6558094895327216,0.732,0.221,0.677,105.165,0.897,-12.623,0.056
august,Taylor Swift,1,5,0.37508822076916964,-0.99999999994956,-0.36913971481894475,464.201878812079,20077.04761904762,22383.126119970246,-1345.1350649350657,1,24953.531628358738,1.949412264061052,0.532,0.623,0.403,89.937,0.538,-9.208,0.0331
bad guy,Billie Eilish,1,1,0.6546615592117881,-0.9450904580113457,-0.04445349771450017,506.5976729740579,59961.42857142857,64523.00905551624,1972.4558441558438,20,64902.52641945073,0.6914091538918337,0.701,0.425,0.562,135.128,0.328,-10.965,0.375
bad guy (with Justin Bieber),Billie Eilish,1,3,-0.007107501797689308,-0.9185930115508182,-0.5219176937238653,511.63248762177915,47648.76190476191,62334.94040447159,-1091.6999999999978,6,92151.54302403188,1.8075326534263731,0.67,0.453,0.68,135.055,0.252,-11.265,0.295
bellyache,Billie Eilish,0,18,-0.5247528590159102,-0.9966596233400438,-0.6908960399380406,434.17516762770776,19543.428571428572,10907.219656074152,-203.36623376623393,13,19328.35444955157,1.1704198544504572,0.695,0.573,0.408,99.939,0.46,-8.597,0.106
beside you,keshi,0,16,-0.26880887655269453,-0.5387380547318951,-0.6139152632227136,432.55147307938773,11293.42857142857,8448.786261500347,309.8727272727272,20,12232.345670802471,0.8944153465917094,0.711,0.747,0.852,136.0,0.459,-6.335,0.0523
"bitches (feat. Charli XCX, Icona Pop, Elliphant, ALMA)",Tove Lo,0,36,-0.08124148191954964,-0.9999999998548587,-0.3878186193677347,441.9134524160823,12187.857142857143,11575.075222570402,-423.81168831168765,2,17006.867215554426,1.536764583089795,0.589,0.744,0.649,83.085,0.0462,-4.617,0.0702
bitches broken hearts,Billie Eilish,0,136,0.611259986601982,-0.9229703182726673,-0.20284196018729744,522.5260396491021,76329.52380952382,101694.59143206755,4522.9571428571435,16,97108.83428755337,0.08133150167283408,0.778,0.422,0.187,120.033,0.921,-10.114,0.0482
bloody valentine,Machine Gun Kelly,0,29,-0.16505517900250274,-0.8914807600993571,-0.4804018912005705,554.3817390210291,88445.85714285714,173881.1551749631,-7477.411688311683,4,271079.3983636298,3.8087213936012754,0.52,0.856,0.47,160.083,0.000193,-4.228,0.0806
boyfriend (with Social House),Ariana Grande,1,1,-0.15698992426358707,-0.733118389068839,-0.6195783556866636,495.3989092079574,40331.333333333336,41128.3493959063,-879.149350649351,2,61830.35381841188,1.6938625667881533,0.4,0.795,0.702,190.097,0.119,-3.731,0.461
"break up with your girlfriend, i'm bored",Ariana Grande,1,1,0.4399453839919337,-0.981315373166563,-0.021753925560114948,501.3671047601119,51214.09523809524,53697.261420729534,-1339.477922077922,4,62258.39757516651,1.6807233687919667,0.726,0.554,0.335,169.999,0.0421,-5.29,0.0917
broken,lovelytheband,0,85,0.014916584983711047,-0.9267088368141282,-0.533356514739955,521.6851701123468,104297.90476190476,100323.61319815881,-10140.938961038959,6,117718.23364113989,10.042415517502652,0.666,0.728,0.51,122.996,0.00175,-5.808,0.0419
bury a friend,Billie Eilish,1,1,0.13029139036099932,-0.9204394812742368,-0.4107625184921902,544.812969802773,54057.142857142855,142610.6803394625,3390.2051948051944,14,198126.52480155203,0.19634957660289834,0.905,0.389,0.196,120.046,0.74,-14.505,0.332
cardigan,Taylor Swift,1,1,-0.06263401558380122,-0.11697340784289813,-0.707558409831241,612.1600386100276,241314.66666666666,832452.2747576431,48736.431168831165,20,871584.1422756957,0.11006393703600983,0.612,0.58,0.534,130.045,0.525,-8.572,0.0419
changes,XXXTENTACION,1,3,-0.38257202087555364,-0.557491960194871,-0.7873119653722688,567.7218230450078,96946.76190476191,260755.56425034296,3994.2025974025905,19,393522.8348159069,0.6965102602095103,0.669,0.308,0.52,64.934,0.883,-10.068,0.029
cold/mess,Prateek Kuhad,0,114,-0.5646663523085568,0.37685249149452593,-0.09392625941389156,301.09034281339274,22279.277777777777,2310.491934284788,-257.173374613003,0,1366.3321902009184,1.0,0.509,0.477,0.283,146.031,0.309,-6.571,0.0262
colorblind,Mokita,0,131,0.1215469482576324,-0.9986170699558616,-0.3253236281267451,284.25067333989324,5861.571428571428,226.43354358368362,8.962337662337735,5,297.40660718955115,0.9879118217054265,0.661,0.776,0.17,145.993,0.125,-5.054,0.0366
comethru,Jeremy Zucker,1,3,-0.4299847411373612,-0.9990108012399496,-0.7306653054788951,357.70611247799656,4766.714285714285,1526.014670804381,-40.845454545454594,15,2574.9071730841097,1.0990171095740808,0.795,0.178,0.608,93.982,0.607,-11.991,0.0574
comethru (with Bea Miller),Jeremy Zucker,0,21,-0.7212820808173467,-0.15430613791918352,-0.7145082054069413,443.5187538127933,11448.238095238095,12726.999780761416,-528.9129870129867,12,19921.145190224383,1.8942068644810504,0.757,0.192,0.595,94.024,0.572,-11.842,0.0515
deja vu,Olivia Rodrigo,1,2,-0.19038007801836357,-0.99999999825613,-0.5051655101952857,575.4027938634123,120873.14285714286,306840.5744420577,-16822.970129870122,2,459585.042196379,9.567509396980562,0.442,0.612,0.178,180.917,0.584,-7.222,0.112
dimple,BTS,1,3,0.01709543779772092,-0.8934002604243115,-0.560600002208441,504.9254476208646,25714.95238095238,52157.63797280793,1282.2480519480514,14,76603.1172247579,0.21103664322183233,0.612,0.844,0.652,134.872,0.14,-4.694,0.0757
do re mi,blackbear,0,26,-0.03794043533439037,-0.6344974891449896,-0.4233549122409583,521.0745294176039,142363.47619047618,91743.012650825,7900.910389610392,19,101854.56187990551,0.30399777944702583,0.745,0.593,0.17,111.001,0.00522,-6.35,0.0524
double take,dhruv,1,1,-0.4932062080901766,-0.32656736779032614,-0.6547050779051201,437.3847581900947,36833.52380952381,12582.543295107022,-1086.5766233766233,18,15206.160132985578,1.5128851196329072,0.656,0.436,0.196,109.239,0.845,-11.141,0.0744
drivers license,Olivia Rodrigo,1,1,-0.2410405145192646,-0.9999999919752538,-0.46490231160075746,591.2181117312441,149780.57142857142,376079.6649030339,-22612.181818181813,2,559967.775275917,34.747461595282516,0.561,0.431,0.137,143.875,0.768,-8.81,0.0578
drunk,keshi,0,114,-0.1702862609134067,-0.9999238601459892,-0.41041810126604045,328.0872099280372,7822.761904761905,883.657814873409,-96.91818181818162,1,973.1368351881456,1.1816917084028937,0.691,0.389,0.306,104.952,0.765,-8.247,0.0367
eight(Prod.&Feat. SUGA of BTS),IU,1,1,-0.04416944211093001,-0.8894897398346963,-0.4990907726084913,521.8396823061865,48966.52380952381,79871.2209208817,2850.4311688311686,15,119575.5293502291,0.4755464402765815,0.676,0.869,0.594,120.029,0.115,-1.573,0.0423
everything i wanted,Billie Eilish,1,1,0.030680461321305773,-0.8095528528682435,-0.5802528734245557,498.91226903022215,44139.333333333336,45538.486755013146,619.9142857142856,6,64390.834724827095,1.234313194256299,0.704,0.225,0.243,120.006,0.902,-14.454,0.0994
everything sucks,vaultboy,0,33,-0.32449551761350515,0.5739160714342572,0.17308466136364634,419.47081290369675,10201.333333333334,7289.980503816984,530.6,20,7137.494098771641,0.5855679224605114,0.76,0.371,0.653,138.023,0.00772,-8.964,0.0531
feel something,Bea Miller,0,42,-0.4747530503492388,-0.9966327416128199,-0.7357904027256064,386.5120442691719,4736.238095238095,3782.1823620102105,354.4454545454545,19,5188.335513437812,0.30666946869686496,0.74,0.415,0.156,136.029,0.242,-8.914,0.0707
"fuck, i'm lonely (with Anne-Marie)",Lauv,0,49,-0.08859518695917684,-0.8054937758058037,-0.462238542146757,458.1359705203889,16166.190476190477,16406.85505866678,-789.1896103896103,2,24536.866547911126,1.7084333329055277,0.809,0.547,0.717,95.012,0.46,-7.304,0.0609
gogobebe,MAMAMOO,0,15,-0.021255912243642205,-0.9987842248639738,-0.4290287649977539,392.5950317665584,6162.0,3320.791371545845,85.54285714285729,14,4861.795325545904,0.8420077792183738,0.704,0.787,0.707,96.929,0.114,-3.114,0.082
going down!,XXXTENTACION,0,19,0.62991527248017,-0.9999999999986305,-0.4492342738126888,563.6553932714235,60195.42857142857,185471.25520647116,-10932.335064935054,1,259514.2502144343,8.949430992427397,0.873,0.663,0.525,135.499,0.0216,-4.086,0.15
good 4 u,Olivia Rodrigo,1,1,0.2143572459283422,-0.9811795307155068,-0.21669899827078182,483.68460253174976,29446.238095238095,32323.15815531934,-814.116883116883,3,43250.75248778916,1.683180718443658,0.563,0.664,0.688,166.928,0.335,-5.044,0.154
goosebumps,Travis Scott,1,2,-0.7283567200631514,-0.9999999995863359,-0.890104144999889,536.027512534548,159031.90476190476,157798.07205138402,777.7350649350667,19,294073.67526975274,0.8570286171245788,0.841,0.728,0.43,130.049,0.0847,-3.37,0.0484
happier,Olivia Rodrigo,1,1,0.11094566761138996,-0.9999999198258578,-0.3375209776559981,481.27842729241365,24241.714285714286,30358.475750906324,-1003.4402597402599,4,41098.82606279649,2.013028882207411,0.395,0.443,0.338,168.924,0.765,-9.72,0.133
hate u love u,Olivia O'Brien,0,125,-0.047021134174048566,-0.9981194821483499,-0.5227319550555998,345.1067149919644,1590.5714285714287,1007.0659207358191,-17.3844155844156,3,1509.5799614462298,1.171718926430991,0.407,0.416,0.246,176.947,0.656,-8.915,0.174
hot girl bummer,blackbear,1,4,-0.5764235189957243,-0.5647162160489806,-0.7441860669498853,568.9929311027345,300000.09523809527,279073.75328070787,3314.870129870134,20,494334.41310607496,0.9430495972869859,0.782,0.559,0.685,129.992,0.125,-7.106,0.0767
idfc,blackbear,0,27,-0.9163262488119275,0.8496059485777724,-0.09911112425549279,491.76040670557495,114266.23809523809,88919.30638340143,-12066.368831168831,5,43725.63634859989,87.92078940254123,0.718,0.422,0.455,144.678,0.0764,-9.115,0.0621
idontwannabeyouanymore,Billie Eilish,0,35,0.7490607394278218,-0.9994120019392511,-0.0061594436660784325,323.97968287544336,4943.285714285715,1374.1644783669246,185.45974025974033,20,675.1851949650555,0.574137139820786,0.483,0.412,0.247,170.163,0.737,-8.461,0.0402
if i were u (with Lauv),blackbear,0,29,0.07750618066227054,-0.8865661916706473,-0.4631020663090497,568.4130303645421,109404.23809523809,250787.51602538233,665.0285714285761,12,370431.0939326503,1.528403793527567,0.666,0.628,0.767,82.992,0.144,-5.613,0.0623
ily (i love you baby) (feat. Emilee),Surf Mesa,1,4,-0.3450825208009047,-0.5950968911014256,-0.7089764032925712,472.9659843698852,43767.619047619046,23808.354813016675,-519.8896103896117,20,36366.874595708665,1.192671199921941,0.674,0.774,0.33,112.05,0.0686,-7.567,0.0892
in the dark,Bring Me The Horizon,0,54,-0.26624416044044047,-0.8102689265471715,-0.6927460492594549,458.82410479128737,24260.3,32080.16474256328,1759.2345864661659,5,50226.95225234711,1.0,0.535,0.768,0.514,156.014,0.00736,-4.554,0.0577
infinity (888) - feat. Joey Bada$$,XXXTENTACION,0,24,0.6576320344547877,-0.9999999999991509,-0.4394815871041086,560.9597334918783,60604.90476190476,175706.12228184956,-10560.076623376617,1,242147.28238707842,7.5621043122227,0.562,0.579,0.577,84.143,0.274,-6.788,0.484
innocent world,Mr.Children,0,16,0.35402704763982595,-0.9999999613397523,-0.10085101930005289,341.99359192682596,12681.095238095239,1825.7777183008864,-254.4103896103897,3,1174.459731110437,1.3398134051606354,0.62,0.55,0.634,119.921,0.315,-9.418,0.0273
justified,Kacey Musgraves,0,23,-0.37880514394388193,-0.49449882145369073,-0.49206703820695474,568.6983434600589,249637.19047619047,220172.54777725044,-5014.893506493494,1,330887.83546864864,1.2267702711838582,0.669,0.552,0.488,100.102,0.807,-7.98,0.0587
katharsis,TK from Ling tosite sigure,0,65,0.8985335543760438,-0.998474172163448,0.19796109491463135,238.1660742530756,8200.066666666668,1335.7762021469848,-51.08571428571423,6,909.6882090887524,1.0,0.555,0.828,0.391,144.276,0.0397,-3.193,0.15
la di die (feat. jxdn),Nessa Barrett,0,25,-0.10091243116586984,-0.9380947531478198,-0.5174176134369127,428.28160003244477,8219.142857142857,8015.016598537393,-89.13766233766201,16,12271.347798836117,0.8109109474144847,0.484,0.643,0.345,163.97,0.0036,-4.72,0.0416
life hack,Vaundy,0,121,-0.4889364898102222,-0.18172044624373576,-0.5990728707970435,364.5567309273483,18512.095238095237,2817.0684678996477,371.681818181818,19,2270.5109358908626,0.7606266360169548,0.711,0.655,0.759,90.981,0.0233,-5.987,0.047
love yourself (interlude),XXXTENTACION,0,46,-0.006885166673754354,-0.7220391912174847,-0.4779032201545066,570.8318445282309,131151.7142857143,257170.16070838293,3229.653246753249,9,377093.4421239515,0.6161618603751549,0.746,0.338,0.469,120.053,0.674,-13.472,0.109
lovely (with Khalid),Billie Eilish,1,3,-0.07717630876909322,-0.9455755649495414,-0.508343859499547,563.5177768670645,102461.0,230417.8167270016,-3174.890909090907,11,355348.78412721487,1.7319350843143184,0.351,0.296,0.12,115.284,0.934,-10.109,0.0333
lovin',Mrs. GREEN APPLE,0,75,-0.8236369324192104,0.9992797453019827,0.01184372962767851,340.6438669926122,15633.047619047618,1799.4738245808062,182.85194805194814,15,1014.6635452207792,0.8561563609027814,0.44,0.94,0.858,123.413,0.037,-2.057,0.0711
me & ur ghost,blackbear,0,48,0.9899750638583769,-0.9999999999998159,-0.44394041113701826,549.6941702547692,42312.619047619046,123988.29311652819,-7234.574025974024,1,177566.234381005,8.337469504009713,0.742,0.679,0.856,100.041,0.0488,-4.594,0.0259
medicine,Bring Me The Horizon,0,35,0.07642808313505614,-0.9327168703861496,-0.43873301033021855,556.0775087681419,70700.80952380953,188950.63981913097,1170.9519480519489,15,271591.43123586854,0.486697849974719,0.615,0.858,0.323,97.038,0.00393,-3.3,0.0396
menina solta,GIULIA BE,1,1,0.3332412373059367,-0.9138569707747317,-0.18613329862060926,455.4665244091242,130152.71428571429,42017.66054903111,6425.609090909092,18,19476.57630815796,0.48803283060474706,0.67,0.576,0.668,91.953,0.371,-6.753,0.0672
merry christmas darling,Christina Perri,0,91,-0.9210205610857035,0.13681254391142575,-0.8954532336621622,225.88788938708154,24393.18181818182,15978.164127209142,63.96363636363618,1,31348.0698965662,1.0,0.544,0.291,0.168,75.945,0.714,-13.898,0.0274
more,keshi,0,95,-0.11869873654085737,-0.9991256295738467,-0.5689646418319102,365.8285179999061,7414.285714285715,1734.0697833724691,-63.01688311688295,2,2647.2039570082243,1.0805397301349324,0.565,0.707,0.401,79.973,0.568,-4.98,0.0357
mother tongue,Bring Me The Horizon,0,38,0.01776310735081541,-0.9353827058563711,-0.470174669437474,550.1732033330615,59831.857142857145,161774.08536783213,-171.19350649350628,14,239666.09920580653,0.5507744234110373,0.598,0.872,0.609,107.009,0.0196,-4.567,0.0328
motive (with Doja Cat),Ariana Grande,1,3,-0.0908190457508711,-0.9851351403315219,-0.4781828347263029,493.91293474726086,37955.09523809524,42222.31087256477,-1369.6519480519476,2,63726.44870654178,1.9319729692514644,0.789,0.742,0.661,116.965,0.0681,-5.664,0.0652
my boy,Billie Eilish,0,88,-0.05366494659579578,-0.8205205864017573,-0.46357829919076365,534.5156637129771,131951.7619047619,110909.1702223919,4658.919480519481,18,165295.41831024838,0.5714706576990778,0.692,0.394,0.324,89.936,0.472,-8.745,0.207
my future,Billie Eilish,1,1,-0.008470357465424244,-0.14215864229317116,-0.8627313264030466,586.6875593199006,134710.0,439971.3313053152,24778.084415584413,20,460756.070537923,0.18315187063567473,0.444,0.309,0.0875,104.745,0.795,-10.956,0.062
nihilist blues (feat. Grimes),Bring Me The Horizon,0,53,0.2658408502964137,-0.9349216273111297,-0.2976098108628017,482.420941693644,24286.14285714286,33428.85131323613,2317.3337662337663,8,39402.61854429855,0.06846722448923512,0.607,0.813,0.195,133.962,0.0019,-5.825,0.0936
no space,Alextbh,0,134,0.05122426664231869,-0.9980978740901802,-0.2012342114590596,221.6992270051177,5837.4,501.6440703659651,56.44642857142861,8,628.366460087794,1.0,0.883,0.451,0.772,109.995,0.0707,-5.214,0.0902
no tears left to cry,Ariana Grande,1,1,0.33639533521536474,-0.9743954062158932,-0.10747375433842374,506.15214178971524,52680.42857142857,58666.21913484992,-1126.851948051947,4,72309.26750285886,1.7148815949495086,0.699,0.713,0.354,121.993,0.04,-5.507,0.0594
not ur friend,Jeremy Zucker,0,53,-0.19912472699638462,-0.9999999999869026,-0.5045276472152117,528.7957508298757,36144.47619047619,89177.75602940403,-4115.387012987012,3,135504.88289689049,7.093682980837968,0.778,0.313,0.707,68.936,0.301,-9.288,0.421
ocean eyes,Billie Eilish,0,31,0.18270466239434877,-0.8184802480776122,-0.42602314222147,505.58767407723957,41934.28571428572,57341.20660459412,4052.15974025974,19,71618.56475530629,0.3239252995066949,0.511,0.363,0.169,144.892,0.816,-7.65,0.041
original me (feat. dan reynolds of imagine dragons),YUNGBLUD,0,36,0.045360418782272226,-0.9360145117686838,-0.45024814161074705,559.2001223198569,76901.80952380953,203985.1124552777,719.5233766233786,14,297413.061775786,0.43947930505156724,0.471,0.786,0.61,160.01,0.00888,-5.24,0.192
orion,Kenshi Yonezu,0,41,-0.520891936456793,0.801175015955411,0.37331188301753426,415.48878408695737,46753.42857142857,25779.995313035575,-3937.9961038961046,2,6743.075472475449,3.383125255895527,0.702,0.614,0.507,104.022,0.103,-4.93,0.028
parents,YUNGBLUD,0,118,-0.5954628414459169,-0.16109748581540748,-0.22072793890128717,320.779608487522,4235.571428571428,743.6585603768497,79.4506493506494,17,665.6270183067992,0.7777537596887256,0.612,0.824,0.586,82.017,0.013,-4.758,0.0478
positions,Ariana Grande,1,1,-0.06070450593168728,-0.9999962700184462,-0.5988600032387122,516.7365044840878,68341.90476190476,74271.15392866662,-2220.7454545454552,2,110846.62432905885,1.867760945543498,0.737,0.802,0.682,144.015,0.468,-4.771,0.0878
queen of broken hearts,blackbear,0,62,-0.22442553270192211,-0.7859125691037899,-0.4366340903519058,576.6951020037365,92005.85714285714,166852.00602595208,-9606.729870129864,1,248609.21966396883,3.074101025075479,0.717,0.712,0.825,97.019,0.00663,-6.098,0.0765
schizophrenia,XXXTENTACION,0,53,-0.05568401632105507,-0.9434099146638641,-0.47598793637399534,560.6582054618491,95093.0,214451.64930918245,-4753.292207792202,9,327490.835529374,1.531006776952443,0.606,0.349,0.239,180.055,0.0762,-10.032,0.198
"she likes spring, I prefer winter",slchld,0,69,0.8706544498150671,0.05713991562493558,0.37505943412746895,308.99577993420223,6392.714285714285,928.9141199146833,-57.89480519480518,0,579.7644349216326,1.090035715900357,0.39,0.661,0.487,79.56,0.556,-6.68,0.0604
shut up,Greyson Chance,0,166,-0.27389810792792624,-0.999627684840001,-0.7279757742270596,342.00507995645154,5037.571428571428,961.3392231885769,3.668831168831198,9,1576.2228990533033,0.9963536918869644,0.821,0.448,0.45,105.006,0.296,-4.33,0.0468
silent,SEKAI NO OWARI,1,3,0.1763137846016908,-0.9945350096510306,0.07574043251565495,380.89891550375796,44786.619047619046,10674.176834443511,1714.7506493506496,20,3226.978213437457,0.5836054057332308,0.435,0.623,0.397,87.794,0.456,-5.299,0.036
someone like u,lullaboy,0,104,0.1465110507298795,-0.999185954907951,-0.11180213265149745,317.77808873687735,6512.952380952381,533.638675348465,26.0051948051948,17,685.461616357911,0.9424123369119902,0.588,0.178,0.358,129.763,0.877,-17.502,0.0489
sugar honey ice & tea,Bring Me The Horizon,0,67,-0.17229488731650455,-0.9999973640660225,-0.629287389950458,387.85696916821047,28335.70588235294,33277.43652415819,2373.8431372549016,4,50364.95171480238,1.0,0.431,0.914,0.534,147.108,0.000243,-4.243,0.0616
supercuts,Jeremy Zucker,0,51,0.9999970922106358,-0.9999999999932295,-0.4988614330080117,518.5315580507888,19581.428571428572,54428.40907062399,-2562.522077922077,2,80777.27820586368,5.314643959626791,0.807,0.539,0.755,127.992,0.0789,-8.193,0.124
tears in the club (feat. the weeknd),FKA twigs,0,40,-0.7572847324106906,-0.41491162362578937,-0.7034997256600811,405.83786748585754,180091.53333333333,355632.0955845365,-37094.95357142854,1,582423.641416926,1.0,0.616,0.717,0.72,167.99,0.194,-6.178,0.11
tere bina,Zaeden,0,51,0.3911110444525788,-0.9999999168890131,0.10987818462800218,379.2647738248672,18510.0,4080.227561347645,-540.8363636363636,2,2807.618882612097,1.5511870380341672,0.889,0.341,0.942,118.003,0.117,-7.909,0.0424
"thank u, next",Ariana Grande,1,1,0.24539775153082435,-0.950013850859755,-0.19245203888811124,496.09119604103506,43760.142857142855,44598.63649238161,-1787.8818181818158,10,56727.36612453904,2.3628435221536734,0.717,0.653,0.412,106.966,0.229,-5.634,0.0658
the remedy for a broken heart (why am I so in love),XXXTENTACION,1,4,0.6819875724898214,-0.9999999999994377,-0.4452863290850751,564.8779043908735,66259.85714285714,192088.55695034337,-11421.174025974029,1,266497.2415968691,7.845995134634017,0.699,0.304,0.271,119.705,0.779,-11.192,0.0993
tomorrow tonight,Loote,0,152,-0.4520058368137757,-0.9989172789784926,-0.7694897098054206,245.44018969543427,4497.071428571428,2159.6569987016032,0.15604395604407445,9,3761.3757020002176,1.0,0.32,0.5,0.142,91.361,0.134,-7.979,0.0994
tonight,demxntia,0,146,-0.12454780318679072,-0.9994689960594763,-0.3881858693662616,269.42838164958204,3676.904761904762,330.7434489524219,48.51428571428578,19,234.41810403635634,0.833099780819949,0.719,0.63,0.4,170.103,0.255,-7.142,0.0853
toxin,Benedixhion,1,8,-0.8004078110703362,-0.2500217809362504,-0.9124370604847502,382.8993860036314,4774.428571428572,3728.3934184837844,323.54155844155844,19,5512.785186273813,0.3093208813129023,0.53,0.545,0.148,175.94,0.000418,-7.951,0.0492
traitor,Olivia Rodrigo,1,2,0.24113964186995826,-0.9999999999435542,-0.32779458016526514,485.8718771571224,26191.0,34415.07265996218,-89.78181818181757,4,44390.902231876295,1.6298661634946268,0.38,0.339,0.0849,100.607,0.691,-7.885,0.0338
watch,Billie Eilish,0,92,-0.21487812936874345,-0.9995234295865164,-0.4465319616213592,419.12394161673893,20098.85714285714,6886.259764997281,384.6220779220783,10,9854.072794535263,0.8025016899195537,0.441,0.599,0.35,165.212,0.333,-8.985,0.225
we fell in love in october,girl in red,0,41,-0.7139385343472828,0.1820294931894973,-0.644688006770652,528.0609764160052,135066.2380952381,93165.99045988769,4298.492207792209,16,133588.0057682575,0.650328955937022,0.566,0.366,0.237,129.96,0.113,-12.808,0.028
what are you so afraid of,XXXTENTACION,1,8,0.9998283717705452,-0.999999999999999,-0.44231009829155316,581.2687147580955,87506.90476190476,279258.8515895849,-17473.80389610391,1,386765.7702406587,17.344012633446184,0.639,0.312,0.347,103.369,0.774,-9.902,0.0301
willow,Taylor Swift,1,1,0.029970755581836133,-0.8499215863888312,-0.4944770205745086,517.5697460318356,53203.42857142857,72892.72152284344,-2722.259740259739,11,103129.41949385732,2.447727455393024,0.392,0.579,0.549,80.961,0.835,-9.195,0.164
wish you were gay,Billie Eilish,1,1,-0.1338732868617914,-0.9999999968310432,-0.5349470389947706,528.0512064667306,39863.333333333336,98077.07328147755,-4529.919480519479,1,150263.46095304575,2.7113042515500445,0.853,0.351,0.282,118.028,0.39,-10.198,0.241
wonderful life (feat. Dani Filth),Bring Me The Horizon,0,91,0.16575119192930013,-0.9188582366241568,-0.2923328731846641,410.1845882939928,27875.777777777777,29924.703313400816,1699.4365325077401,6,40196.64166832554,1.0,0.406,0.964,0.406,173.058,0.000416,-4.076,0.206
would you,Talitha.,0,92,0.5804356457413627,-0.9991631418979029,-0.19471649638251312,325.9918425925675,7031.523809523809,1085.5958038943897,130.4987012987013,11,742.1607709923774,0.7552268869947963,0.605,0.538,0.201,136.925,0.666,-9.298,0.101
you broke me first,Tate McRae,1,4,-0.01997883980524904,-0.9999998331364309,-0.45242203599825875,403.59767805288976,12542.952380952382,4389.734946724498,129.96233766233775,4,6436.72154128171,0.9378185305304443,0.667,0.373,0.0823,124.148,0.785,-9.389,0.05
you should see me in a crown,Billie Eilish,1,6,-0.0029276006545027647,-0.8628313013908864,-0.48655990573947594,544.2143289242638,54545.23809523809,140194.08606401435,5131.272727272727,18,206382.21835737207,0.4439018947672396,0.678,0.533,0.323,150.455,0.462,-10.485,0.186
youthful days,Mr.Children,0,73,-0.9999263050323757,0.9999351357004924,-0.04392734334816223,336.7992253628582,6690.9047619047615,939.5398521546854,-68.89090909090916,2,898.776440501196,1.1721298459723704,0.471,0.932,0.482,148.257,0.00665,-5.307,0.0606
¿A Dónde Vamos A Parar?,Marco Antonio Solís,0,61,-0.6218849472508107,0.18968047755294587,-0.4749101841186235,350.39362069867775,2380.714285714286,1281.8724452871254,77.64155844155843,20,1457.8035910231529,0.5989943431803897,0.385,0.511,0.179,144.186,0.516,-4.728,0.0285
Ævintýralönd,Hafdís Huld,0,29,-0.09819413064380986,-0.9961214096458209,-0.37059898117671675,229.11743666993635,1075.2380952380952,58.637631961788564,-3.232467532467517,11,81.29612536892517,1.0573555770026197,0.627,0.123,0.351,73.551,0.918,-14.632,0.0298
Çift Gökkuşağı (Ada Masalı Orijinal Dizi Müziği),Buray,0,45,0.5694743697120866,-0.9837145307279456,0.2649809854608058,401.9631041815595,47374.90476190476,9409.71222121951,1327.941558441558,20,4937.578418617774,0.657595719363193,0.634,0.579,0.901,82.021,0.418,-7.964,0.075
Çoban Yıldızı (feat. Hayko Cepkin),Hayki,0,36,-0.8451889084177018,0.99997584318579,0.15976260835398207,363.82750606104565,24999.666666666668,5830.339166262182,-912.6727272727272,0,1803.2045474654283,1.7407986742966879,0.791,0.727,0.719,139.974,0.181,-6.154,0.196
Þú ert,Hafdís Huld,0,42,-0.36175424816759766,-0.31852683646284835,-0.5985482848335116,210.97288354799562,1054.904761904762,40.228993053346095,2.568831168831185,14,48.090409646830835,0.9560806300894407,0.581,0.19,0.298,78.347,0.828,-13.84,0.031
İstemem,Ahiyan,0,79,0.726859095658194,-0.9999016628186466,-0.017309768294825053,385.5643631635443,33210.71428571428,5331.217685820514,-639.9753246753241,3,3169.1806023008535,1.3496636157396544,0.58,0.479,0.352,119.758,0.224,-10.397,0.191
Şöhret,Ati242,0,24,-0.2863232652526085,0.5732156241412111,0.710692582389006,239.0356643564863,43502.71428571428,10763.44955611066,-2586.351648351649,0,1829.0113150367724,1.0,0.721,0.611,0.413,139.011,0.138,-9.958,0.153
Δ. Dieu ne ment jamais,Damso,1,6,-0.4745527663279116,-0.9709299058266403,-0.5875528033739504,504.43539619850736,50515.19047619047,60806.51232245492,-729.7363636363623,1,107093.31941950208,1.3154148650331856,0.756,0.736,0.612,115.985,0.0597,-7.719,0.0443
Амфибия,Krovostok,0,41,-0.8510204471198585,-0.22956011100701823,-0.6785987321745988,414.5577172342292,8272.238095238095,7627.821126231714,-471.779220779221,0,10847.143895514617,1.6908122306283642,0.847,0.409,0.481,125.946,0.341,-11.034,0.422
Антигерой,Mnogoznaal,0,31,-0.5730847336773425,-0.9856109383639694,-0.8106600117578154,419.0145325761884,9906.238095238095,7759.989291258946,94.8636363636365,13,14128.437424570348,0.9028192681105301,0.751,0.781,0.583,103.012,0.496,-5.285,0.0303
Антидепрессант,FACE,0,96,-0.5620698496774967,-0.9988401136271599,-0.7353767120192464,423.12390404904,12999.809523809523,8497.472159799994,-45.26883116883106,2,15404.795169362038,1.1185217265771619,0.423,0.657,0.567,129.904,0.607,-6.361,0.0486
Без ключа,PHARAOH,0,35,-0.5182164295724028,-0.9992808639575391,-0.7237414631122628,416.10036153637486,9414.857142857143,7090.497304647318,256.1324675324675,14,12471.583008984866,0.7304120903482436,0.85,0.556,0.202,114.998,0.159,-7.284,0.0385
В новых адиках,FACE,0,24,-0.6580039183499817,-0.9667433467216702,-0.7354219110322178,429.71379657457277,13583.238095238095,10622.759935986334,-436.2025974025976,0,17949.365275337732,1.5111539651929624,0.891,0.627,0.519,159.998,0.0614,-5.988,0.143
Гостиница Космос,Mnogoznaal,0,51,-0.6669590973139105,-0.9871830128816699,-0.8509081618664266,411.28877109673715,9185.952380952382,6989.79166169657,-33.166233766233866,13,13010.70639617619,1.0777430255967788,0.635,0.911,0.382,149.93,0.242,-4.682,0.11
Дежавю,kizaru,1,1,-0.6322463936459384,-0.9109364862516965,-0.8899260315795864,438.39806637923175,15836.047619047618,16147.387854434597,1630.8636363636363,20,23558.414665677315,0.14795951399529533,0.801,0.591,0.231,87.509,0.0186,-5.18,0.143
"Дико, например",PHARAOH,0,95,-0.6330492468148186,-0.9730457643866955,-0.811627003470401,393.85903048809485,6908.761904761905,4432.619572740705,-56.06103896103895,3,8282.562612350119,0.9348762818703547,0.891,0.624,0.084,90.073,0.114,-6.636,0.0789
Домино,FACE,0,12,-0.8488303148722116,-0.3906925867858964,-0.8206387036868891,426.77919901664876,15914.190476190477,11227.283560781521,-539.4844155844158,0,19338.721546162247,1.6051516104203027,0.841,0.541,0.436,133.982,0.0737,-8.559,0.0495
Дурак и молния,Korol i Shut,1,10,-0.5058977164274787,-0.9830668221325229,-0.7237759861484971,429.42000884316235,13054.904761904761,10061.448664532605,588.8441558441558,13,16406.358994228427,0.4963872568696858,0.434,0.744,0.668,178.879,0.111,-9.449,0.194
Как тебя покорить,Перемотка,0,48,-0.7429628127695509,-0.9896720725900057,-0.8787308010809879,398.72551816687286,10407.285714285714,5698.61749435236,99.62727272727281,12,10756.057900550739,0.9082638458326479,0.514,0.966,0.802,91.025,0.00677,-4.854,0.0502
Колхозник,Mnogoznaal,1,9,-0.6647608760227555,-0.9994257746806938,-0.8369502114784383,434.1762841574318,16921.333333333332,12956.062108722672,545.7987012987015,12,23589.1017321029,0.6648613991050966,0.859,0.707,0.572,101.992,0.262,-4.363,0.106
Контракт,Poshlaya Molly,1,4,-0.6230923222125679,-0.9597531648084494,-0.737898735849734,462.28815418220887,30906.285714285714,23271.053036813286,-421.631168831169,0,41470.0328585293,1.2438346996821148,0.682,0.806,0.872,109.972,0.000461,-6.184,0.0418
Кукла колдуна,Korol i Shut,1,4,-0.7145424744518634,-0.40820829361046096,-0.8615526239871791,388.4815024184172,7916.0952380952385,3709.265296328743,-239.40259740259714,2,5868.296162217786,1.581073349353473,0.386,0.796,0.635,148.6,0.0259,-4.76,0.0413
ЛАБИРИНТ,FACE,0,17,-0.5684662994873126,-0.9974131421558733,-0.7923809409444474,431.1851682352394,12842.761904761905,10460.52288552292,45.693506493506675,10,19038.810509785006,0.9943785536031285,0.866,0.722,0.912,137.969,0.213,-6.497,0.143
Лесник,Korol i Shut,0,168,0.17480995327663099,-0.9986372500366332,-0.2927021928550977,201.20525809233612,3329.0,152.50245899656832,15.123529411764764,6,183.55332255838417,1.0,0.366,0.779,0.564,169.688,0.0192,-10.715,0.0788
МОЙ КАЛАШНИКОВ,FACE,0,51,-0.23508387254431926,-0.999441960156609,-0.5385984234026508,234.4180211982942,1101.0,66.69618394166905,2.8506493506493724,20,101.56741603486819,0.9766126959650475,0.802,0.771,0.634,171.113,0.0764,-6.179,0.246
Миллионы,THRILL PILL,1,2,-0.6438338807469438,-0.9636817251677121,-0.7184999168504389,463.97310907836396,31945.14285714286,25061.375313390912,-755.6584415584408,1,44413.02159006973,1.459216071448966,0.647,0.655,0.619,150.138,0.108,-8.031,0.148
Мишка (feat. KATERINA),Poshlaya Molly,0,83,-0.2899540704457151,-0.9980734011481085,-0.6106727406590539,407.079257217723,8547.714285714286,5103.022429733906,-232.36623376623356,6,8009.358248324269,1.5430087154225085,0.725,0.788,0.881,109.994,0.00175,-5.358,0.03
На луне,PHARAOH,0,139,-0.11634333200572675,-0.9957840796903844,-0.6126073010889695,396.91495434901753,4817.761904761905,3678.2029632075432,-8.507792207792232,19,5722.951930603646,1.2506495006062006,0.733,0.427,0.451,149.974,0.0812,-8.759,0.0768
Не по пути,PHARAOH,0,62,-0.4921139526339461,-0.92855710469901,-0.7835869683128531,411.9208424802276,7555.142857142857,6117.842704789346,220.261038961039,13,10559.094452650757,0.7041478170818117,0.812,0.634,0.609,98.015,0.45,-8.31,0.136
Нон стоп,Poshlaya Molly,0,80,-0.5911865684051827,-0.9853114615790635,-0.8097639932982992,405.05006459061315,7507.0952380952385,5553.611359627792,-15.515584415584376,13,10187.500842208554,1.0755701754385965,0.587,0.7,0.496,129.992,0.0107,-5.857,0.0366
ПОРНХАБ КРИСМАС КЛАБ,Poshlaya Molly,0,95,-0.5260778408485672,-0.9504026352542978,-0.7269793512362877,409.19023097759657,9207.666666666666,5750.89081574352,100.73506493506473,12,10232.393221895843,0.9116913282863044,0.72,0.677,0.229,110.026,0.0093,-7.595,0.0917
Пачка сигарет,Kino,0,74,-0.5793248108198106,-0.9991024933207573,-0.8026261716307632,392.084253698484,5267.0952380952385,3923.3652210310947,56.711688311688285,4,6984.814327525107,0.9160828662930345,0.714,0.609,0.62,87.465,0.19,-12.619,0.0251
Прыгну со скалы,Korol i Shut,0,78,-0.03179114338385349,-0.9993987860861102,-0.2379857630552826,296.87216333956394,8276.57142857143,600.5880111887628,85.95324675324683,19,429.2453232127288,0.8623903070603092,0.304,0.764,0.353,151.98,0.249,-5.602,0.0634
Рэйман,FACE,1,7,-0.5607413935684595,-0.9985745774005256,-0.7100655836033434,445.24006155071834,19840.52380952381,14795.976633367172,521.1999999999998,17,25441.785715825845,0.7607301430685741,0.917,0.62,0.701,90.032,0.311,-7.209,0.22
СПАСАТЕЛЬНЫЙ КРУГ,FACE,0,52,-0.5797446042998367,-0.9995177874039375,-0.8123744244796246,406.1213339848658,7756.571428571428,5659.1267252569105,46.34545454545455,13,10345.892293441877,0.9286122778993867,0.766,0.728,0.732,152.014,0.303,-4.065,0.254
Судно (Борис Рижий),Molchat Doma,0,32,0.7398382878133307,-0.9981527601751676,-0.08177564241230517,263.7651647218287,1670.047619047619,296.2642765200525,40.63766233766234,15,149.27741791711162,0.7104769057453999,0.484,0.75,0.467,159.992,0.697,-4.176,0.0685
Танцы,ssshhhiiittt!,0,40,-0.7813818173834501,-0.9979197944826751,-0.9081640993501303,379.80623050870105,5432.666666666667,3677.684537253781,74.24805194805192,20,6868.600054596278,0.8787629807143672,0.481,0.972,0.856,159.905,0.144,-1.647,0.0576
Хочу перемен,Kino,0,64,-0.0746068600579759,-0.9866283211587106,-0.6054621725847549,393.72273320120536,8032.285714285715,3443.521939372359,-107.40389610389609,5,5164.208560854219,1.2723003688137917,0.563,0.986,0.335,129.842,0.0866,-6.833,0.0416
Это пройдёт,Pornofilmy,0,61,-0.7048395504944567,0.4432389599649841,-0.23557566879971642,341.78587970646424,10290.952380952382,2423.140710419915,345.14025974025975,15,1092.632137317954,0.6056435993194295,0.508,0.828,0.713,165.093,0.00359,-3.826,0.213
ЮМОРИСТ - Original Motion Picture Soundtrack,FACE,0,26,0.37346726629329424,-0.9992011849519709,-0.2765945602206231,260.4440098870657,1302.4285714285713,133.2997236551172,6.009090909090906,20,151.6931442089589,0.9831592410999788,0.842,0.7,0.846,153.969,0.058,-7.567,0.294
Я ничего не могу с собою сделать,Electroforez,0,54,-0.3020364922299894,-0.999456601977409,-0.5458658626412847,437.19778322834753,18221.285714285714,10592.96112719087,-287.70519480519505,13,17112.455269773534,1.5668778388716231,0.587,0.825,0.471,99.996,0.000393,-7.338,0.0353
Я так соскучился,Pornofilmy,0,31,-0.5484234059655386,0.14138920409007003,-0.28385884655063254,305.2747753571872,8200.809523809523,522.5090219360189,15.901298701298625,0,437.5135426475391,0.9720909182339333,0.326,0.796,0.182,101.507,0.000584,-4.976,0.043
Я тебя люблю,Где Фантом?,0,28,-0.7474106048357105,-0.9977332055097632,-0.8865911688686354,398.0435848746877,8500.333333333334,5663.110724625211,171.0207792207792,16,10526.925192571665,0.7861354423562095,0.518,0.659,0.622,185.032,0.657,-9.738,0.0271
засыпай,ssshhhiiittt!,0,87,-0.3865331834105913,-0.9989390073326905,-0.6650133296005262,406.7483763493577,8016.714285714285,5124.24247728251,-138.87922077922047,13,8653.083123806218,1.3214497920380273,0.521,0.838,0.39,103.951,0.00684,-6.754,0.0409
あいつら全員同窓会,ZUTOMAYO,0,13,-0.18021674013387592,0.999999999363839,0.3706024002108881,443.4911179670471,150780.80952380953,31189.48753547617,3021.4181818181837,9,15371.886107761793,0.7688532828285051,0.723,0.926,0.912,130.957,0.436,-1.991,0.114
あの夢をなぞって,YOASOBI,0,51,0.24504677749679102,-0.9892802698502224,-0.037460506020948005,352.0094142888259,27084.619047619046,3149.545220023126,480.2883116883118,20,1478.7744959932197,0.7849591306180762,0.537,0.793,0.73,180.029,0.217,-3.446,0.04
いつかこの涙が,Little Glee Monster,0,102,-0.9156077864668025,0.8086626501105622,0.0446558478009979,353.2905404345556,5721.619047619048,2353.264166180173,267.2727272727273,19,1391.9728616248235,0.576725750588061,0.515,0.705,0.352,163.742,0.263,-3.738,0.0347
うっせぇわ,Ado,1,4,0.0994804202775543,0.21158311444711145,0.37038959637936597,383.1143834849336,36522.380952380954,9504.256492431321,1309.3402597402596,15,2991.3281013623364,0.5411100331685829,0.525,0.978,0.577,178.069,0.00485,-1.072,0.0815
お勉強しといてよ,ZUTOMAYO,0,57,-0.4462340586629414,0.9999938929515735,0.18324267119316925,353.01845158737757,32322.47619047619,1868.3025047976323,-110.93896103896034,5,1477.6301770064117,1.0742942462637926,0.699,0.875,0.863,132.007,0.083,-3.291,0.0558
きらり,Fujii Kaze,1,3,0.9999518642506483,-0.9998827790828048,0.028181508257602232,464.12196528530967,171479.19047619047,39793.11934854477,4741.733766233768,20,21672.15797192333,0.6839314716669582,0.746,0.764,0.701,116.982,0.00803,-6.833,0.0462
ぎゅっと。,もさを。,0,31,0.5674619635010598,-0.9881867722757426,0.322541991603888,372.6546184764912,39503.666666666664,11732.434880374245,1899.1324675324674,17,2372.1326396304235,0.49633275166321295,0.773,0.363,0.774,119.994,0.814,-7.304,0.0383
ただ君に晴れ,ヨルシカ,0,12,0.511288434272361,-0.9971731972229879,-0.1991416357043735,319.4205640505412,7807.666666666667,892.4194152406213,107.67272727272726,13,645.7655360113297,0.8148129094214082,0.679,0.834,0.962,139.996,0.343,-3.223,0.032
たぶん,YOASOBI,0,17,-0.251972423881638,0.47607689372740214,0.3719217874855531,411.9950137807268,82755.0,24157.509139179143,3605.985714285715,15,5995.615532203512,0.5018198418620176,0.748,0.661,0.743,90.003,0.157,-6.702,0.0334
だから僕は音楽を辞めた,ヨルシカ,0,51,0.4802174746802721,-0.9993600390923465,-0.24193941745183445,327.01950196093117,10636.142857142857,782.9846003298798,58.49610389610403,5,770.6529374497965,0.9368064478448779,0.65,0.88,0.921,124.985,0.36,-5.326,0.0283
ないものねだり,KANA-BOON,0,184,-0.017813257776106935,-0.9996293635603098,-0.37430216543106287,275.6833923052599,3132.2380952380954,184.13708784539145,8.718181818181845,19,263.4800324502789,0.9633002946691669,0.471,0.77,0.529,174.85,0.0002,-3.783,0.102
なにやってもうまくいかない,meiyo,0,123,0.3989702350644029,-0.9972291873046402,-0.15230193803259173,371.73561423760196,27568.0,2329.9114636765553,160.48831168831194,19,2469.2607653911323,0.9391896900186295,0.872,0.814,0.829,124.92,0.0483,-4.875,0.215
なんでもないや - movie ver.,Mone Kamishiraishi,0,25,-0.5139780192855009,0.20555368547192354,-0.23226856056398762,298.1258405965172,3708.7619047619046,382.1520396463896,21.409090909090956,20,355.9479737264984,0.9377237993281405,0.357,0.161,0.325,83.449,0.971,-10.667,0.0388
ひまわりの約束,Motohiro Hata,0,25,0.6067705117466599,-0.9968928327813927,-0.11026336683267726,279.073007435699,2752.904761904762,219.96426219727363,-4.1077922077922215,4,222.93839395671623,1.0321073825503355,0.523,0.445,0.336,78.957,0.188,-6.359,0.0329
まちがいさがし,Masaki Suda,1,3,0.2009191218931214,-0.6002347852310926,-0.12358966041519075,400.0024066476653,46723.333333333336,6965.2433405912525,904.5896103896101,19,4642.230639466333,0.7775385458551671,0.534,0.642,0.443,155.921,0.523,-5.568,0.0372
もう少しだけ,YOASOBI,1,8,-0.41334738847045804,-0.830315429547217,-0.5652405983293989,516.3338529779023,52133.142857142855,66299.95654116632,1755.5467532467528,19,116028.09618160379,0.5789398985214134,0.675,0.746,0.533,99.99,0.12,-5.531,0.0288
アイデンティティ,Kiro Akiyama,0,129,0.429986969442998,-0.9993857603611513,-0.23908552165629146,334.1083078811831,25809.5,1806.1471008752305,222.1729323308269,16,1451.6271470185513,1.0,0.264,0.889,0.492,118.977,9.8e-06,-3.494,0.0589
アイネクライネ,Kenshi Yonezu,0,58,0.9034562588589947,0.40595544494663494,0.5969443023918382,373.12269802377716,37849.19047619047,11726.428655449105,-1570.7103896103904,0,4030.161747374415,1.697274787070094,0.471,0.868,0.811,173.969,0.0384,-2.291,0.0295
アカシア,BUMP OF CHICKEN,0,52,-0.999981243583624,0.9999782010761367,0.011974873522564442,429.6098239389137,53984.619047619046,8881.97155546099,-270.3454545454537,7,9140.917153655862,1.1034656631956248,0.469,0.929,0.578,139.99,0.0244,-2.971,0.0339
アンコール,YOASOBI,1,10,-0.6968064885755874,-0.5837884318942962,-0.8228566027086435,475.4897233427783,36840.04761904762,31860.352950659377,740.5870129870133,10,59005.436172335,0.7706966078911995,0.682,0.669,0.831,81.999,0.283,-4.741,0.0275
アンビバレント,Keyakizaka46,0,15,-0.09031305676432538,0.2813851078213413,0.1651642315679473,339.21045531362495,13285.714285714286,1253.1676489849972,-28.284415584415488,5,970.5277997048822,1.0607745442192276,0.556,0.931,0.636,129.972,0.089,-2.409,0.0718
イト,Creep Hyp,0,52,0.11269990805685587,0.030283562226518495,0.17080897523137026,297.33841399031206,3130.1428571428573,554.9037055642895,53.961038961039,11,338.3185592012357,0.806521833775959,0.627,0.794,0.95,131.973,0.0542,-3.765,0.0317
インフェルノ,Mrs. GREEN APPLE,0,13,0.7507762997538112,-0.5491983848060412,0.42343524032459845,350.54797075624805,24713.85714285714,4975.852042717951,710.5610389610388,18,1316.6578674811462,0.6566713003917604,0.529,0.931,0.695,92.466,0.00955,-1.538,0.0581
インフルエンサー,Nogizaka46,0,13,-0.23739864021372206,0.060480601102763654,-0.039620034490888356,351.8446631039697,11117.380952380952,3337.159648794458,464.45324675324684,17,1329.342563073943,0.5268665490887713,0.349,0.853,0.675,131.966,0.557,-3.759,0.0481
オレンジ,7!!,0,131,0.49710225802578784,-0.9998181241240478,-0.0748309097150352,299.44825661520395,6537.0952380952385,412.94331500327706,34.83896103896104,20,386.52087912556544,0.9411813782746539,0.348,0.492,0.3,171.637,0.171,-4.844,0.0324
カタオモイ,Aimer,0,54,-0.911621960543675,0.6900374483197947,-0.07570940710161428,257.5184372650803,2064.714285714286,162.91778319641062,6.783116883116898,7,133.57652301209222,0.973585690515807,0.621,0.533,0.791,96.981,0.78,-5.974,0.0342
ガラスを割れ!,Keyakizaka46,1,6,0.8548265420779808,-0.9999952735403285,0.19514718329728198,349.1734709804408,15265.285714285714,2379.0151852606323,257.7051948051949,10,1247.5965133006746,0.8027341344546687,0.424,0.929,0.548,81.984,0.119,-3.601,0.0925
コイワズライ,Aimer,0,82,0.71714453892909,-0.9979362699100792,0.2289793414009037,304.5663282593416,11234.52380952381,488.2265885980187,33.25194805194805,15,414.9703121911253,0.9531224695725835,0.675,0.5,0.773,93.917,0.3,-5.825,0.0258
サヨナラの意味,Nogizaka46,0,169,-0.9978565026228869,0.9641718160700109,-0.20881376878873803,133.1675788179774,4615.8,262.90218713430284,30.4000000000001,7,268.9980494674338,1.0,0.499,0.765,0.589,126.98,0.237,-3.358,0.0312
シャッター,Yuuri,1,10,0.13045080298935596,-0.9746059188777925,-0.28339429772415636,429.5159999607383,153485.04761904763,9616.35178064743,814.2103896103865,20,11299.38598541974,0.9552632796405606,0.606,0.579,0.661,149.988,0.512,-5.582,0.033
シュガーソングとビターステップ,UNISON SQUARE GARDEN,0,97,0.5825803134997505,-0.9994624008192802,-0.16469779347121669,341.57137155494434,13294.904761904761,1250.3707223502386,94.03506493506508,19,1099.9573673556627,0.9408021266526366,0.621,0.9,0.817,131.971,0.00397,-3.302,0.0605
シルエット,KANA-BOON,0,78,-0.29452112651004,0.10898117377277045,-0.15392566432662902,266.46962190633906,2066.9523809523807,293.13307171389977,29.698701298701312,11,157.8793447541508,0.8039072847682118,0.436,0.934,0.384,91.481,1.03e-05,-2.685,0.0507
シンクロニシティ,Nogizaka46,0,11,-0.9996910951150292,0.9947523688591176,0.02784238436039991,358.0345473820396,15649.809523809523,2472.5812157501978,124.66493506493521,12,1537.3010147658135,0.9150149641425264,0.571,0.923,0.466,135.94,0.603,-3.639,0.04
ジコチューで行こう!,Nogizaka46,0,32,0.9241883664378933,-0.9996521199582742,-0.13963248330239408,340.9312994517038,10531.095238095239,1676.6162608563118,-108.60129870129873,6,1004.9548982417073,1.2036182535641549,0.423,0.953,0.472,84.022,0.0735,-2.232,0.0479
スーパーカー,PASSEPIED,0,79,-0.9984008758089848,0.9663880083407969,-0.2111079475268465,275.5971589173792,1199.3333333333333,228.07086061204194,-13.923376623376601,4,215.62432028878376,1.26091516979153,0.464,0.845,0.662,171.839,0.145,-3.791,0.0371
ツバメ (feat. ミドリーズ),YOASOBI,0,64,-0.8890360489772094,0.16777041003111098,-0.7244089176214614,427.28963251628414,38837.19047619047,15694.21891628539,1929.3493506493512,12,14223.090040845555,0.4393280738474749,0.72,0.926,0.846,104.997,0.309,-5.027,0.0297
ドライフラワー,Yuuri,1,1,0.13697911110509656,-0.963562379198467,-0.26649708411446726,439.84341679437307,205391.19047619047,12291.868448845311,1025.6324675324738,13,14612.370976248172,0.9622116665211127,0.463,0.603,0.477,148.089,0.495,-5.464,0.0276
ハルカ,YOASOBI,0,16,-0.6033749503747189,-0.9487420441835005,-0.6983092372971136,470.458994299842,26775.666666666668,28142.94839756376,347.33246753246755,14,51237.86404466915,0.7692114650366574,0.712,0.817,0.679,100.016,0.0717,-5.123,0.0279
ハルジオン,YOASOBI,0,11,-0.3152179831139954,0.49434423955979734,0.5098967155998358,365.4802467217342,36873.95238095238,8720.342672800522,1366.7805194805192,20,1869.636793604576,0.5722136442413739,0.686,0.902,0.901,130.02,0.0591,-2.657,0.034
ピースサイン,Kenshi Yonezu,0,24,0.9999999502565485,-0.9999999533617258,0.017902152321855436,485.6613491620132,83289.14285714286,28243.86208969121,870.4038961038966,5,22038.344958900612,0.9431958464405039,0.593,0.935,0.618,100.003,0.00221,-3.853,0.0684
ファンファーレ,sumika,0,109,-0.14388787972510353,-0.9996299549184213,-0.44776903958425945,319.37539091098506,9942.380952380952,707.1642549271788,77.14155844155857,9,822.7028792340526,0.8918762965914243,0.63,0.945,0.715,109.092,0.0282,-2.354,0.0487
フィクション,sumika,0,140,-0.20673806310918352,0.9994028967091517,0.2514669211191284,378.1601697736131,16739.428571428572,5570.918626235358,651.6272727272728,17,3101.5734410134482,0.6150410192311353,0.658,0.94,0.694,122.992,0.144,-2.427,0.0339
ベテルギウス,Yuuri,1,1,-0.17303079465319096,-0.0578280635439485,-0.08436551554893164,455.0692512388481,188290.95238095237,32002.78791795399,4228.1779220779235,19,17037.866771620793,0.732138932826163,0.367,0.671,0.691,179.833,0.222,-4.604,0.0478
ラブレター,YOASOBI,0,15,-0.48324250615865855,-0.9292701738275149,-0.6401945556706035,504.01031046556415,48225.76190476191,58023.73376547022,783.3623376623382,19,102808.98974938913,0.5719445858071813,0.662,0.86,0.69,100.016,0.447,-3.534,0.0286
一人之境 in C major,Terence Lam,1,1,0.23682246443035956,-0.9972905934044509,-0.485995256214935,356.6932304831424,11756.57142857143,1828.7152287207275,199.58831168831156,13,1775.422907366017,0.7464835566787484,0.711,0.315,0.232,122.052,0.742,-11.211,0.034
一格格,Janice Vidal,0,106,-0.7637467373584347,0.5360943338307367,-0.19430083243883747,251.85261558454485,2307.8888888888887,367.9184524515195,-1.5128998968008205,7,328.92944732097016,1.0,0.649,0.459,0.408,133.889,0.84,-7.747,0.0774
一路向北,Jay Chou,0,90,0.3963863639752019,-0.9954529449954789,-0.46307117960948446,323.6764681531447,2899.904761904762,624.1793778166738,-6.33506493506491,3,720.7447034144614,1.0475335835100885,0.456,0.617,0.3,133.917,0.0133,-6.252,0.0273
一點點,Jay Chou,0,128,0.37862846136060985,-0.9995650841103743,0.0017240732520116854,171.02360500157883,2185.6153846153848,233.89035513430665,33.02197802197811,9,243.07376281011216,1.0,0.507,0.413,0.172,133.966,0.119,-7.49,0.0277
七友,Edmond Leung,0,85,0.135840728743013,-0.9996015292415654,-0.34781072818161723,253.79514743552443,1956.6666666666667,102.9874395177038,-0.22727272727275916,18,142.12511213715894,0.980544747081712,0.513,0.558,0.482,200.9,0.875,-6.258,0.0554
七里香,Jay Chou,0,102,0.5558715706885273,-0.9998188170289558,-0.09600770392264614,332.726736992683,3009.0476190476193,855.74793107664,4.640259740259715,6,879.0835270325568,1.0954380883417814,0.483,0.576,0.49,142.132,0.382,-6.911,0.028
三原色,YOASOBI,1,4,-0.3437573262358359,-0.7509523220925335,-0.509132910337936,530.4785094371833,71912.90476190476,91120.31133873017,2898.642857142858,14,154659.88124219544,0.5028602409743911,0.443,0.893,0.826,127.999,0.128,-3.496,0.154
下一位前度 in Ab major,Terence Lam,0,48,-0.2849550710901929,-0.9999353051267328,-0.4422513654552566,315.3029095284453,7634.619047619048,592.0343037190036,-54.81558441558447,0,759.7680830358695,1.0922184630256162,0.591,0.392,0.354,117.85,0.637,-9.737,0.0283
不可幸力,Vaundy,0,18,0.23296860619927687,-0.9946144925529739,-0.3715934622958906,352.1156188576723,16091.333333333334,1257.6576236848796,46.86753246753225,18,1602.1322011619388,0.9780172949553421,0.69,0.815,0.613,94.032,0.0157,-5.227,0.0426
"不將就 (電影""何以笙簫默""片尾曲)",Ronghao Li,0,54,0.19430282788319703,-0.9990960303030362,-0.24590187274793662,335.99749518346545,4980.238095238095,815.6860918598004,-16.73636363636352,2,1053.933644732912,1.039839333531687,0.51,0.456,0.237,143.787,0.418,-7.773,0.0282
不愛我就拉倒,Jay Chou,1,1,-0.09875364306973586,-0.9860696637282338,-0.27042593571195217,437.62477617278705,20180.238095238095,10484.065241638364,-433.16363636363576,2,15366.209468424538,1.1980343033339758,0.429,0.719,0.26,172.064,0.313,-7.999,0.0327
不是因為天氣晴朗才愛你,理想混蛋,1,7,0.2073015442419196,-0.9992296685222176,-0.298802373660563,321.5540643901973,4632.142857142857,590.5164233605221,27.520779220779332,15,744.4820951507162,0.8866800896123415,0.507,0.271,0.399,135.783,0.753,-13.185,0.0347
"不曾回來過 - 電視劇""通靈少女""插曲",李千那,1,3,0.5010036673051798,-0.9993540203260488,0.07750379603186043,359.46584959282075,6854.809523809524,3022.4255888126168,419.925974025974,15,1754.568881520472,0.35934395681186027,0.533,0.419,0.315,170.034,0.526,-9.18,0.0372
不為誰而作的歌,JJ Lin,1,7,0.325504043009455,-0.9670046171413327,-0.028692049768934053,404.05363052748817,7456.047619047619,4659.047761651675,132.33766233766244,13,5561.456790041616,0.9435389988358558,0.402,0.641,0.252,145.054,0.534,-5.905,0.0335
丑八怪,Joker Xue,0,154,-0.3742177172866479,0.7516725285185558,0.04845002994448057,293.4230126716883,4149.476190476191,306.82671067801044,14.155844155844244,5,327.3339884582718,0.9658620923452438,0.569,0.399,0.287,124.026,0.784,-10.902,0.0395
主角光環,Kaho Hung,0,19,0.3509876405337588,-0.28397716899526443,0.1208206201516418,344.4878917651319,9767.666666666666,2845.0984974720054,394.08181818181833,13,1092.1422194476322,0.5341952690166977,0.54,0.407,0.614,127.995,0.476,-8.741,0.0295
也可以,Janice Yan,0,108,0.5185327939516622,-0.9999250735145739,0.11437409604077697,306.0825397141501,4985.047619047619,912.3693109904499,132.38181818181826,15,460.18892587718796,0.6762966388395356,0.486,0.496,0.387,141.939,0.707,-5.77,0.0383
交換餘生,JJ Lin,0,14,-0.25044944331981306,-0.9987837061971718,-0.4910304764315731,402.93863896245045,8627.714285714286,4420.618758056573,110.94675324675336,19,6941.640839887929,0.8417847704125002,0.49,0.496,0.173,130.219,0.0473,-6.825,0.0302
人質,A-Mei Chang,0,39,-0.27951361701605343,-0.9969619121158678,-0.508169499026839,276.98152908066805,2407.4761904761904,211.67846664842975,16.08571428571431,16,291.9516055787329,0.8981173229250373,0.366,0.28,0.258,128.895,0.884,-7.394,0.033
人非草木,Kary Ng,0,151,-0.6846496277983006,0.13497669870833448,-0.6090453937608086,258.0002451660147,3197.2105263157896,258.60365506990127,-2.58947368421056,17,301.0240956681699,1.0,0.549,0.468,0.415,118.018,0.596,-7.895,0.0289
人類不宜飛行,Dear Jane,1,4,0.20712096616700076,-0.9947381865961511,-0.257270628884155,365.12309378225746,21631.809523809523,1687.7137993394276,13.774025974026006,9,2236.1490172839553,0.9731529957367983,0.445,0.783,0.347,135.981,0.245,-4.879,0.0317
人類群星閃耀時,Jer 柳應廷,1,1,0.7226830674063802,-0.99999994631866,-0.07331816627781503,376.2095700072142,23721.428571428572,4641.415809975275,-615.2233766233766,2,2496.060445982829,1.4252947089463583,0.362,0.785,0.27,76.485,0.209,-6.05,0.0465
"今生今世 - 電影""金枝玉葉""歌曲",Leslie Cheung,1,10,0.22048321615573704,-0.9993477744193804,-0.38264869730389317,360.87187606353035,4816.3,2452.984082704166,-81.57142857142867,10,3165.103275152688,1.0,0.558,0.119,0.17,129.569,0.945,-16.353,0.0449
以後別做朋友,Eric Chou,0,32,-0.021008866932468732,-0.9990115122942119,-0.5097893077119735,370.77255595360674,4651.142857142857,1936.0271860968592,60.693506493506455,12,2714.1963340922853,0.875426671811463,0.423,0.36,0.291,130.576,0.728,-9.458,0.0372
任我行,Eason Chan,0,159,-0.4816314867682806,0.6382203986410249,0.03240135606314039,257.49191165886106,1844.0,150.54978610160194,-10.6194805194805,4,125.8016295601929,1.110344254116082,0.417,0.375,0.464,130.416,0.766,-11.861,0.0344
"但願人長久 - 劇集 ""跳躍生命線"" 插曲",HANA,0,17,-0.8855785774366378,0.8221589364284427,0.08653349740211122,295.0072759449439,3640.6190476190477,705.4148037512921,100.78441558441558,20,318.6898923718793,0.696412527275061,0.397,0.136,0.232,183.357,0.854,-12.295,0.0413
"你,好不好? - TVBS連續劇【遺憾拼圖】片尾曲",Eric Chou,1,8,0.3101045670293645,-0.9878030136502491,-0.16177287636097118,400.4500964274959,8545.047619047618,4282.233701460361,190.83246753246752,9,5268.381534209534,0.6385092159038623,0.439,0.477,0.535,159.819,0.643,-5.638,0.0307
你不屬於我 - 《比悲傷更悲傷的故事》影集版片尾曲,Eric Chou,1,2,0.26879900083274016,-0.955288508689947,0.01371343562441292,437.5661442023225,16713.04761904762,10105.628151236604,-19.88701298701272,19,12919.056534437797,1.247727034120735,0.358,0.391,0.284,75.168,0.856,-8.979,0.0316
你不是真正的快樂,G.E.M.,0,163,-0.7916322713795765,0.9992932874764713,0.2378852508889791,323.2021408741267,5337.9047619047615,900.9189966632699,46.17662337662335,9,660.7622567913515,0.9015321919076981,0.538,0.603,0.322,163.92,0.23,-8.452,0.0373
你不知道的事,Leehom Wang,0,74,-0.44025231118322844,-0.44178372346612976,-0.5505092460818339,335.9942132725378,5120.380952380952,995.301891325081,95.17012987013,19,1169.2458210316597,0.7711322294469161,0.493,0.288,0.318,86.982,0.511,-9.861,0.0253
你啊你啊 - 電視劇「用九柑仔店」插曲,Waa Wei,0,16,0.14785768617980433,0.45858268093900717,0.4113402003730594,346.0810886797567,9436.619047619048,1354.1592533549042,44.87402597402595,18,1314.3775817853864,0.9406454091432962,0.585,0.187,0.179,123.862,0.903,-12.514,0.0364
你敢不敢,LaLa Hsu,0,60,-0.49664236598693917,0.9987105340327797,0.09263059694879758,284.7204769662675,5005.380952380952,303.8720714834853,24.223376623376637,17,272.3158827538343,0.9236234458259325,0.509,0.602,0.187,91.997,0.351,-6.307,0.0264
你是你本身的傳奇,Charmaine Fong,1,10,0.08758627686876427,0.999997569886847,0.25480748240665113,334.5613904938753,5456.190476190476,1328.6279574934085,-126.84675324675315,2,1108.578260656414,1.4638863899241743,0.663,0.42,0.427,129.786,0.831,-7.465,0.0301
你的名字 我的姓氏,Jacky Cheung,0,127,-0.02290503134098437,-0.999317689799967,-0.5476134531400652,270.53646986971506,2668.285714285714,173.46692915424566,-12.822077922077925,8,228.48010854339157,1.063592741713088,0.544,0.054,0.115,131.713,0.927,-18.767,0.0387
你瞞我瞞,Jason Chan,0,13,0.04542852649563316,-0.9992847854020055,-0.39821768136202124,301.55115499480365,3523.8571428571427,385.64087484827314,-30.98051948051949,2,443.7409041321298,1.1609887919195498,0.65,0.425,0.403,75.988,0.834,-7.816,0.0266
你要的全拿走,Tiger Hu,1,9,0.28189696435519923,-0.9996079131002445,-0.32788196198474073,358.4183520676627,4991.809523809524,1458.9731424483068,-24.810389610389585,1,1832.0160281777014,0.9438028553241793,0.618,0.573,0.157,133.986,0.339,-5.309,0.0363
你要的愛(深夜版) - 電視劇「流星花園」插曲,Penny Tai,0,13,0.3612905725213888,-0.9974318735819607,-0.3208506480214956,371.26285275593614,6913.571428571428,2070.6090562792338,44.3974025974025,8,2456.1234008086813,0.856329466158654,0.463,0.332,0.231,73.781,0.827,-8.456,0.0322
你还要我怎样,Joker Xue,0,106,0.19074773232638595,-0.9985653881741954,-0.4148678294683028,278.16737588884877,3605.6666666666665,315.38341492966686,41.42987012987021,20,256.1621751937627,0.8611797290216334,0.586,0.197,0.299,95.529,0.847,-14.649,0.0307
來自天堂的魔鬼,G.E.M.,0,19,-0.700915887202581,-0.6809331603613726,-0.8747533515719329,357.4248207714404,4899.285714285715,1776.0477831103408,47.19480519480519,11,3196.7906011342066,0.843604515828678,0.595,0.7,0.302,135.993,0.0244,-5.576,0.0301
俏郎君,Hins Cheung,1,5,-0.9985779262540392,0.9997318478713931,0.10224525660835401,385.540887211514,13649.714285714286,2677.499137750199,64.87402597402634,2,3039.8816934216366,0.9644297265110838,0.611,0.411,0.391,123.728,0.633,-7.278,0.036
修煉愛情,JJ Lin,0,25,-0.09519784113628162,-0.9967590798092144,-0.37197720186735894,359.79412857207654,3882.3333333333335,1466.2546174435745,35.628571428571405,8,2197.9938233534685,0.8066371195194315,0.471,0.648,0.239,135.053,0.63,-3.968,0.0342
倒帶,Jolin Tsai,0,107,0.36187157758779,-0.9999779792369949,0.06983269556326811,209.66073295612483,5424.2307692307695,1754.2647880937366,387.6868131868134,9,1218.1960336451966,1.0,0.57,0.669,0.344,130.413,0.11,-3.722,0.0279
倒數,G.E.M.,1,1,-0.08109477674557941,-0.989120958823679,-0.5348725049747413,395.47137827569946,7432.047619047619,3561.3579335789545,72.10519480519474,14,5322.418409661157,0.8610644728005372,0.526,0.671,0.204,164.062,0.0215,-5.655,0.0324
倫敦的愛情,Shadya Lan,0,85,0.261293060487463,-0.9999340334196111,-0.22944637808164847,314.1272778386511,8354.47619047619,1099.8072393464324,-163.71688311688337,1,606.7533271437413,1.3128383067314364,0.642,0.623,0.456,126.062,0.215,-4.712,0.0375
假使世界原來不像你預期,Charmaine Fong,1,2,-0.36829304407309815,0.49338761375336987,0.08292971285260506,315.00728061451116,5308.714285714285,1215.0882446048397,164.67142857142863,17,524.7512053344899,0.610382715479433,0.517,0.427,0.34,139.925,0.682,-8.322,0.0307
傾城,Mavis Hee,0,148,-0.559132453235989,0.10884647341493607,-0.43713559670814717,185.9319404895015,2620.5714285714284,178.3598746858698,-1.6483516483516096,5,247.55842057508997,1.0,0.647,0.262,0.151,126.117,0.706,-15.539,0.0456
像風一樣,Joker Xue,0,74,-0.3545511481214319,0.9999877191716879,0.212101681623253,162.89001524932638,3543.7272727272725,639.831382746351,-82.74545454545448,3,634.4478623180947,1.0,0.514,0.418,0.147,117.705,0.355,-9.053,0.0619
優しい彗星,YOASOBI,0,52,-0.35581186314427904,-0.9362656377408657,-0.5765666880059005,480.84285746955743,28092.85714285714,30659.730378533237,-88.82597402597366,18,52035.46131906106,0.9807533288101096,0.715,0.722,0.522,89.995,0.197,-4.62,0.0348
兄妹,Eason Chan,0,90,-0.6856329460539146,0.010680758873729273,-0.6884153683536989,333.0129334824725,3439.0476190476193,752.8827440603583,35.644155844155875,11,1095.4329783240964,0.8874444761400221,0.557,0.432,0.418,140.006,0.81,-7.072,0.027
先哭為敬,Joyce Cheng,0,23,0.39120160723691594,-0.9999024918638273,-0.028219842483328286,340.9326089350321,7980.619047619048,1253.7073584332068,134.07012987012976,9,1110.2114156772122,0.7959677150385217,0.495,0.733,0.273,146.041,0.131,-4.863,0.0477
光年之外 (電影 《Passengers》 中國區主題曲),G.E.M.,1,8,0.3161441150082684,-0.9995466410873597,-0.2667781804438516,364.6450413518658,5414.142857142857,2120.1206903137845,206.33636363636373,17,2113.414272569389,0.5967936635676317,0.539,0.668,0.238,175.867,0.4,-6.825,0.0825
光輝歲月,Beyond,0,107,0.31024669829701895,-0.9993322725982349,-0.21712829759131377,146.57454740046637,2502.5454545454545,235.44285685273022,-27.545454545454565,3,285.52633853989727,1.0,0.628,0.494,0.472,148.165,0.767,-10.86,0.0384
光陰獨白 (電視劇《你是我的榮耀》片尾曲),LaLa Hsu,0,51,-0.27039838467191807,0.4934930251907814,0.17684231808470421,357.48885061809193,9015.190476190477,2035.8034945644251,-48.59740259740268,5,1548.407196928508,1.179044721843421,0.243,0.258,0.191,59.153,0.916,-9.887,0.0345
兜圈 (偶像劇「必娶女人」片尾曲),Yoga Lin,0,15,-0.3614538930458263,-0.9769858208740148,-0.6732425907381392,426.9624422490864,11614.0,8616.554647885661,382.12337662337666,15,14142.165122338942,0.5785217940619078,0.605,0.31,0.292,118.028,0.849,-10.276,0.039
兜轉 - 《HIStory4-近距離愛上你》LINE TV片頭曲,Andrew Tan,0,49,0.920503361319574,-0.9999494786526189,0.23250687942146953,365.74313357136424,12445.095238095239,2785.098355188298,-281.890909090909,3,1868.9575831195314,1.4274088129875606,0.523,0.609,0.439,180.0,0.544,-6.515,0.0271
其實都沒有,Aska Yang,0,58,0.2087180616856573,-0.9992979163297944,-0.05145427384706852,308.4345812019051,2986.5238095238096,406.2307131301736,2.00129870129871,20,514.9023669590187,1.0074659009332376,0.537,0.396,0.386,135.593,0.927,-8.533,0.0363
再不再見,C AllStar,0,58,0.6954322215926128,-0.9993744582985226,-0.03936577020805559,290.5300800104205,2955.0476190476193,347.93684103795897,-13.223376623376634,5,297.6798783928803,1.1108261962151906,0.549,0.692,0.341,143.905,0.379,-5.336,0.0315
再生,Perfume,0,124,0.35235764295397903,-0.9998926993323779,-0.19125542427972173,341.4038339752694,14372.0,1192.780345403525,-115.49870129870109,1,1162.8463989280785,1.1141715030835497,0.525,0.916,0.754,150.01,0.0191,-2.407,0.0321
再見,G.E.M.,0,83,-0.10999518942907471,-0.9973013222981543,-0.451113092919061,296.64572151796534,2320.0476190476193,315.24540345434536,-16.279220779220793,1,450.2387699876589,1.0968349660889225,0.598,0.538,0.157,135.889,0.284,-6.712,0.0373
凡星 (天星銀行airstar音樂劇場主題曲),Panther Chan,0,31,0.043616410441411464,-0.19665960378182776,-0.10844857045164234,334.06441822124646,7574.619047619048,1907.2792258480333,265.1181818181818,14,849.2873836340675,0.5689746879008791,0.511,0.571,0.274,157.847,0.434,-5.669,0.04
別再想見我,許光漢,1,10,-0.7668248879760124,-0.41515045265445627,-0.8549091822876259,429.2395518188837,15317.285714285714,11130.220299633216,589.8623376623377,19,19342.69847513526,0.6212812098320395,0.437,0.417,0.427,141.849,0.724,-7.749,0.0285
別問很可怕,J.Sheon,0,15,0.30236568571947076,-0.9953811907675545,-0.2172411036600124,376.2477999493486,7558.047619047619,3060.6390163180986,340.91948051948043,19,2772.546816106087,0.5630869116950428,0.77,0.456,0.408,125.9,0.634,-7.453,0.0464
到此為止,Dear Jane,0,93,-0.20659051164299697,-0.15381485165121014,-0.354024358850597,315.0703469986679,4008.1428571428573,675.1510085556723,-50.63896103896099,6,557.9379244145356,1.243536280233528,0.408,0.827,0.295,130.256,0.00736,-3.356,0.0363
到此為止,Shiga Lin,0,61,0.7150827115354961,-0.9999407794318925,0.08274232451123306,282.1977254777235,3026.3333333333335,362.6688550354143,44.29090909090912,20,236.6964089292442,0.828107405803378,0.566,0.292,0.396,135.818,0.621,-11.589,0.0312
刻在我心底的名字,Mayday,0,31,-0.9402559150945249,0.9997060731617117,0.010162794869523565,368.2617889763543,11515.57142857143,3026.7782269889135,-223.2207792207792,5,1986.702657042568,1.4529906317559451,0.349,0.593,0.233,133.642,0.258,-7.8,0.043
刻在我心底的名字 (Your Name Engraved Herein) - 電影<刻在你心底的名字>主題曲,Crowd Lu,1,1,-0.801544579288923,-0.9992542399481434,-0.9341289995170112,433.78913632500377,17913.809523809523,15158.662739798552,607.0987012987014,19,27892.641003094348,0.5517642180819609,0.425,0.201,0.267,136.328,0.873,-11.961,0.0373
剛剛好,Joker Xue,0,102,0.09647768132380825,-0.9981696707998335,-0.5285483450955828,318.06096799853844,2456.714285714286,512.3582398931381,6.0246753246753215,8,715.3529268829477,0.960621946860479,0.473,0.41,0.151,113.674,0.603,-10.925,0.043
劃火柴,Daniel Chan,0,172,-0.8620203435146511,0.9960702035202524,-0.1411068207068549,131.04436968537917,2001.2727272727273,100.81494379585789,9.718181818181929,0,114.67798393763294,1.0,0.545,0.53,0.426,136.023,0.464,-8.063,0.0264
勇敢的人,No Party For Cao Dong,0,22,-0.033264096896243066,0.7252655319439432,0.26727650626162264,373.38767755928114,7793.857142857143,2783.8684336337287,-196.781818181818,2,2632.9229930820234,1.527841204530554,0.719,0.557,0.214,114.021,0.0546,-8.503,0.0365
勿念,Yoyo Sham,0,17,-0.06364476846719402,0.999998220995461,0.20482978308644972,362.38930525922484,11663.761904761905,2391.8581719531844,207.20000000000005,8,1992.2497452628777,0.7715154727067445,0.512,0.169,0.287,135.854,0.892,-16.756,0.0354
匿名的好友,Rainie Yang,0,118,-0.6540350978999641,0.8689420838457499,-0.02861152421750918,326.8311500571367,3960.1428571428573,1275.3627415166948,170.3012987012987,19,725.047170879247,0.589073438572409,0.551,0.367,0.205,119.842,0.609,-7.907,0.0291
十年,Eason Chan,0,57,-0.28842805779414865,-0.9986150555098822,-0.570339138702562,344.1421004469914,3611.6190476190477,1053.1818671774947,-42.807792207792204,16,1708.86324496725,1.169980472217291,0.6,0.468,0.203,123.987,0.865,-9.126,0.0335
十萬毫升淚水,Tanya Chua,0,71,-0.5424365356680936,0.9982075323250384,0.0015772368011349846,209.8223913920903,3608.846153846154,1222.5019015970013,153.8406593406593,12,1174.8977585541456,1.0,0.313,0.21,0.156,75.071,0.858,-9.931,0.0361
十面埋伏,Eason Chan,0,102,0.028038146887324412,-0.99999220639371,-0.31631689004968877,309.09606544856257,2514.9523809523807,493.22210549758813,46.059740259740266,17,580.6695790206337,0.7720802081738865,0.542,0.465,0.428,138.017,0.198,-6.334,0.0298
原宿いやほい,Kyary Pamyu Pamyu,0,18,0.999706970921355,-0.9997217732626101,0.04635823109450334,323.304761857633,3884.904761904762,857.4472581176727,90.85584415584421,20,641.4206965790861,0.7338497983225558,0.662,0.975,0.806,127.995,0.063,-0.544,0.0318
反對無效,MC 張天賦,1,2,-0.8169483940885601,0.9999045845422279,0.05246019715765921,353.77009383660834,14311.47619047619,3051.9509391776583,442.3064935064936,15,1407.9811602077637,0.6260758767340601,0.703,0.607,0.819,118.973,0.716,-7.823,0.0409
句號,G.E.M.,1,2,0.2732960382733577,-0.9999714187498365,-0.22130395099411201,427.96545268913513,13943.952380952382,8792.06276503979,521.4662337662337,19,10293.790280916937,0.5653607230158552,0.72,0.481,0.443,143.947,0.246,-8.552,0.0621
只是太愛你,Hins Cheung,0,46,-0.2289388487753574,0.6337290252292652,0.26123752748213164,297.9661686149568,2821.3333333333335,586.7305971660194,-53.19740259740263,5,369.0146711175587,1.380572354884968,0.559,0.342,0.334,130.004,0.581,-10.726,0.0397
可惜我是水瓶座,Miriam Yeung,0,36,-0.5005238615620017,0.13552457227071799,-0.3887519069691116,272.2664640880759,2038.0,234.07426578921894,19.024675324675332,19,193.99800901040197,0.8746788645905132,0.537,0.385,0.554,169.98,0.841,-6.216,0.0391
可惜沒如果,JJ Lin,0,16,-0.17439912522594891,-0.9988133357636291,-0.4024500146670271,371.93280961300036,5085.0,1999.3890971756252,41.09740259740273,8,3092.0314034627786,0.9307868410323956,0.486,0.424,0.286,79.989,0.617,-5.755,0.0262
台北某個地方,Cheer Chen,0,34,-0.6218120019406543,0.9993551443036994,0.13877751524498838,359.9576686907514,7179.047619047619,2468.7782109527952,256.0883116883118,11,1712.6038946586568,0.6025048884094126,0.479,0.434,0.206,133.472,0.89,-6.624,0.0346
名もなき詩,Mr.Children,0,51,0.24589959706585507,-0.014650474026304946,0.24289206251259698,348.1852663723042,8343.904761904761,2380.095374334757,263.47922077922084,10,1228.9576436964783,0.6149816429887827,0.538,0.831,0.668,125.972,0.0324,-6.588,0.0419
后来遇见他,胡66,0,140,0.6714057203039212,-0.9995593130026712,-0.04575954221682189,310.27367714815557,6296.0,632.8811669093744,59.324675324675326,10,485.89013933192757,0.8445112716888062,0.576,0.405,0.256,127.955,0.748,-7.306,0.0292
君に叱られた,Nogizaka46,0,153,-0.1780897573585211,-0.9999816619488772,-0.4116074877790567,213.8465450387732,26258.0,1405.4061006315249,-225.37362637362688,0,1813.6703328854696,1.0,0.662,0.926,0.84,132.957,0.0457,-2.175,0.048
君はロックを聴かない,Aimyon,1,2,0.2329782571562048,-0.0004034430888760968,0.3293374968503654,339.63223348473,4486.523809523809,2670.379794979191,352.25714285714287,18,993.2605650079943,0.35716446124763707,0.524,0.687,0.619,99.919,0.00135,-4.039,0.0267
告白氣球,Jay Chou,0,11,0.09413457996859764,-0.996272665745668,-0.21665267804611063,392.8267005335709,6223.380952380952,3340.998916437595,72.28441558441567,8,4628.79496494498,0.7084525357607283,0.59,0.572,0.448,179.989,0.192,-7.658,0.0379
呼吸有害,Karen Mok,1,1,0.7977431182168332,-0.6157167096781488,0.4061981861037495,309.0556679975487,5124.952380952381,1475.6181102359228,205.9909090909091,20,463.6273800154603,0.5975331392792076,0.604,0.622,0.195,77.981,0.498,-6.568,0.0465
命硬,Justin Lo,0,30,0.16662235824531976,-0.9992672633461772,-0.4399494250328811,295.79363889276885,2924.6666666666665,295.5676271553132,1.079220779220801,2,398.75668019482754,1.0024963994239078,0.495,0.503,0.333,185.088,0.67,-6.838,0.032
哀的美敦書,Dear Jane,1,4,0.03890214739177598,-0.9960196364105952,-0.370338956310508,344.79714774426435,11654.0,1007.784651977745,27.971428571428476,10,1442.2879948193427,0.9717546327738431,0.545,0.689,0.358,139.995,0.386,-4.721,0.0351
唯一 (三立/台視戲劇《戀愛是科學》插曲),告五人,0,14,0.07012808826327745,0.08862241841228662,0.2101119701530583,351.6314642251506,9795.619047619048,2832.356035532634,383.15324675324683,16,1318.8279749459366,0.566510272041535,0.485,0.103,0.21,140.595,0.959,-13.383,0.0367
喜歡,Deserts Chang,0,56,0.08872852104826114,-0.9924381542678644,-0.2448560115012519,311.340813970836,3907.3684210526317,1124.770816914147,95.9701754385964,11,1410.124630031765,1.0,0.691,0.181,0.313,103.013,0.963,-17.201,0.0324
單車,Eason Chan,0,70,0.32856609229554956,-0.9998769752033629,-0.24063500670772114,304.5344260572732,2864.4761904761904,562.3117775286165,68.12987012987017,17,467.0231552075336,0.7002314327792972,0.635,0.35,0.307,130.067,0.754,-10.591,0.0284
囍帖街,Kay Tse,0,15,0.2860991576818643,-0.9963956101616482,-0.20481952018835264,292.77144728115394,3090.809523809524,289.2121678016593,-12.658441558441535,2,343.079728343136,1.0792050828834854,0.612,0.491,0.492,125.912,0.792,-7.803,0.0295
回到過去,Jay Chou,0,97,-0.5280264275425294,0.19940001080207098,-0.3267065811159414,227.39832678570593,2829.125,430.2093785298038,16.732352941176494,8,387.026246597767,1.0,0.52,0.459,0.187,170.154,0.843,-7.017,0.0295
因為你 所以我,Mayday,1,4,-0.22925245634715502,-0.9608110390311281,-0.4669429052635492,448.177649876356,14318.57142857143,13325.294834838522,-25.876623376622888,1,21674.13544527209,0.9072713529856388,0.47,0.685,0.488,152.103,0.188,-6.896,0.0363
因講了出來,my little airport,0,52,0.31152646264637585,-0.9516834494977939,-0.2026369250252741,171.84773283834357,5356.2,1867.276348053496,-66.49696969696961,5,2466.6717917864676,1.0,0.606,0.361,0.635,104.995,0.597,-12.514,0.0299
在,No Party For Cao Dong,0,36,-0.6778518832369609,0.9991800517756885,0.21435287487264,363.6466136305992,4722.0952380952385,2236.811482887488,-220.1623376623377,2,1866.2066177141264,2.0606073659272024,0.534,0.403,0.227,79.842,0.0166,-12.384,0.0343
在這座城市遺失了你 (戲劇《他們創業的那些鳥事》插曲),告五人,1,2,0.11184442902986086,0.5061175084338613,0.6109462835610175,373.536863926337,28788.85714285714,9440.215384375579,1373.3701298701303,20,2658.1269998816833,0.5048771893139407,0.46,0.297,0.125,180.095,0.692,-8.785,0.0309
在錯誤的宇宙尋找愛,陳健安,0,120,0.1966573666644611,-0.9990280072021139,-0.27593475659331124,295.33600370374745,2853.7619047619046,296.2685243976363,-7.63246753246747,20,377.8100680236036,1.0118310974704223,0.509,0.501,0.248,139.825,0.615,-8.547,0.0382
在青春迷失的咖啡館,Cyndi Wang,0,11,0.32759059711011507,-0.9999992648608763,-0.1261228149048901,378.7993128139707,11120.238095238095,2449.642518229993,-18.5012987012987,4,2996.2822543111656,1.054894423315476,0.587,0.539,0.168,168.002,0.69,-9.594,0.0446
夕陽之歌,Anita Mui,0,33,0.9312426060534722,-0.9996244442552952,0.15769532960345653,299.1619093064726,7870.315789473684,997.6285065690101,30.163157894736855,10,793.1168102438367,1.0,0.599,0.48,0.265,129.148,0.614,-8.168,0.0277
多喝水,Stephanie Cheng,0,51,0.2112227174102351,-0.5137251954568742,-0.21089154329607068,312.3531363739821,4542.476190476191,727.7399207754439,78.30519480519476,9,510.82394227365654,0.7782525976876922,0.531,0.484,0.335,139.944,0.332,-7.215,0.0326
夜に駆ける,YOASOBI,1,1,0.028213095691836346,0.1396050450409804,0.6582505216405334,331.28828980074786,24591.619047619046,5795.362336970834,939.3545454545456,20,794.2633363689904,0.5781031578192767,0.663,0.871,0.826,130.025,0.00299,-5.287,0.03
夜明けまで強がらなくてもいい,Nogizaka46,0,140,-0.031390645891839646,-0.9999972549256718,-0.3495551536545237,150.14505515060645,11138.8,646.1299869221363,-121.69696969696936,2,851.9594118889543,1.0,0.439,0.855,0.633,134.059,0.186,-2.476,0.043
夜曲,Jay Chou,0,127,0.0929321409639263,-0.9989320001631574,-0.4168654635625994,170.97548168962828,2711.3076923076924,216.9258592292926,29.598901098901074,12,266.91722603750316,1.0,0.674,0.649,0.6,86.985,0.285,-5.869,0.0451
大哥,Janice Vidal,0,57,-0.1319223087919836,0.7139851284595846,0.34231499079233163,281.68853395887794,2414.7619047619046,449.41866203668945,46.28311688311688,13,262.28983968121986,0.7622661678246927,0.595,0.435,0.402,135.719,0.55,-6.837,0.0382
大眠,Cyndi Wang,0,15,0.36472660218025466,-0.9999998423400134,-0.26083046406711435,373.51319450980037,9357.952380952382,2218.711219136664,74.92987012987004,4,2591.5252241681924,0.9162488622865342,0.567,0.519,0.233,136.197,0.764,-6.88,0.0454
大風吹,No Party For Cao Dong,1,2,0.06713400399751956,0.6501260599304649,0.1828997500266128,394.44551123795827,14755.52380952381,4502.075802909963,-365.65974025973986,2,4274.966232322778,1.4837146516216124,0.523,0.543,0.489,175.944,0.0694,-9.544,0.0385
天后,Andrew Tan,0,119,0.273879363108762,-0.9996108261920126,-0.025905680345718874,309.8413024095317,3670.190476190476,461.6374189512411,27.566233766233793,15,548.1600017330707,0.8697375665259681,0.46,0.643,0.286,160.044,0.199,-5.903,0.0309
天梯,C AllStar,0,56,-0.00465353928680473,0.4499515929794531,0.3168710384902364,283.2093863569453,2403.7619047619046,277.6288898034834,9.357142857142842,3,257.52562493856806,0.9471960704052395,0.679,0.444,0.413,121.834,0.679,-6.88,0.0376
天真有邪,Yoga Lin,0,79,-0.3601160744320604,0.7243957568335996,0.18078451960907618,306.74684326625595,3825.809523809524,613.3418699494651,72.0012987012987,18,454.86328715340386,0.7601806992274454,0.426,0.382,0.186,127.639,0.364,-8.703,0.0302
失落沙洲,LaLa Hsu,0,36,0.18740139002296288,-0.9999863665325043,-0.44541956034249075,329.307588388465,3421.4761904761904,721.1048810215519,-37.44545454545462,4,902.7760228871833,1.2287781662781663,0.422,0.366,0.224,80.197,0.728,-7.181,0.0333
失重前幸福,艾薇,0,39,0.6008605593421557,-0.3382156204906224,0.14867164690449433,350.0544021066845,12462.142857142857,1756.8043847447855,115.85844155844129,0,1288.0379419877352,0.8451502570611138,0.647,0.473,0.227,129.961,0.728,-6.847,0.0353
奏(かなで),Sukima Switch,0,19,0.3847417181178053,-0.9612805705704032,-0.025191964533383154,317.6985491862236,6081.380952380952,1105.897415211068,160.69610389610395,18,629.1689657794637,0.6976039492695456,0.519,0.666,0.461,149.839,0.553,-6.163,0.0262
女神,Joyce Cheng,0,32,-0.213990003980239,0.999953637023217,0.2017872579887428,315.40871266066296,4387.380952380952,777.5642356677481,-77.76753246753238,2,626.5710334830361,1.3355360335847004,0.634,0.426,0.282,81.935,0.839,-5.653,0.0345
她說,JJ Lin,0,26,-0.2079416565347397,-0.9982244797465286,-0.485823277209103,357.37374664957076,3966.5238095238096,1396.0358713854782,26.832467532467533,8,2182.58106149577,0.9210035330078202,0.335,0.326,0.326,169.267,0.948,-7.223,0.0331
好好 (想把你寫成一首歌),Mayday,0,32,-0.5762070093716903,0.9999905271899835,0.26583726152168846,339.3362004597156,7043.190476190476,1022.797592928226,-35.50389610389614,2,1022.5625396522208,1.0879252720884396,0.582,0.321,0.612,133.895,0.816,-8.876,0.0284
好心分手,Candy Lo,0,157,-0.8060536092230729,0.4254769683791371,-0.4338402943976942,120.30005629597551,2042.8,148.16396322992983,36.75151515151519,7,146.3672026947682,1.0,0.734,0.536,0.591,114.036,0.601,-4.686,0.0318
"如果可以 - 電影""月老""主題曲",WeiBird,1,1,0.31598549375383816,0.19046853883178358,0.6742370546335893,391.21118236828767,36002.80952380953,12351.675223258651,1882.6441558441559,20,3793.488675019342,0.48951523821596077,0.54,0.54,0.372,74.969,0.241,-6.368,0.029
如果沒有你,Karen Mok,0,80,-0.5413421521448432,-0.047603964495393884,-0.5422953920203611,153.89997626289087,3816.2,993.4157035199313,252.72727272727278,5,999.8554833846345,1.0,0.507,0.281,0.264,125.893,0.758,-11.657,0.0307
如果能幸福 - HBO Asia原創影集《戒指流浪記》片尾曲,Eric Chou,0,11,-0.07268671241148653,-0.9990362341738372,-0.3446562668672326,407.5176568197803,9339.857142857143,4848.525257237301,143.15844155844155,20,6681.21917223945,0.7506480634339738,0.48,0.358,0.142,149.945,0.622,-9.565,0.0282
如果雨之後,Eric Chou,1,2,0.10268920283295382,-0.99786768934593,-0.5220884849771279,383.35187010714316,6583.380952380952,2650.5987908609213,70.82987012987,9,3642.4204109355637,0.8722897466720093,0.315,0.534,0.445,136.725,0.525,-5.931,0.0332
妳幸福嗎?,Hubert Wu,0,72,0.3708547063818016,-0.9999822499968638,-0.10228856106713936,305.25134770053853,3778.904761904762,398.0041761879372,14.835064935064999,14,454.46992199704476,0.9358950398086195,0.56,0.382,0.276,126.922,0.655,-10.478,0.0439
安靜,Jay Chou,0,59,-0.24688028176136365,-0.9983317962541727,-0.6865005438022221,324.65524385801564,2846.5238095238096,632.9145446754072,-22.67402597402596,3,997.3825983543126,1.1323446688826388,0.507,0.402,0.124,143.86,0.613,-7.869,0.0279
寂寞寂寞就好,Hebe Tien,0,63,-0.2988879936378576,-0.9999805644565156,-0.512559949026701,331.76680966597144,4446.857142857143,768.6114434617847,26.996103896103826,3,1255.9411769665012,0.8832009148910557,0.465,0.496,0.167,151.89,0.407,-7.864,0.0273
寄り酔い,和ぬか,0,61,0.40138629009721133,-0.9997821000118708,-0.20778563389441979,383.880107128859,33530.04761904762,3323.224531000985,311.2168831168831,20,3149.1478033747476,0.9092037674717725,0.591,0.665,0.694,118.195,0.14,-6.525,0.153
富士山下,Eason Chan,0,57,0.2908688068401574,-0.9982941535537938,-0.36740926816161873,291.14955766512924,2338.5714285714284,331.04302287345865,31.664935064935083,20,336.7207893789749,0.8620370905309376,0.475,0.44,0.528,103.371,0.499,-10.48,0.0354
將故事寫成我們,JJ Lin,0,17,0.040229547937273104,-0.9965655789208351,-0.2432566958171949,407.7707351625575,11566.42857142857,4796.117780946115,-2.9779220779220066,13,6871.820347440698,1.154592120054718,0.462,0.636,0.388,134.933,0.611,-4.349,0.0309
對的時間點,JJ Lin,0,15,-0.4446371124111119,-0.9969539300403437,-0.7253473494516435,422.2295293370366,12639.238095238095,7603.895110275559,66.51818181818186,10,12946.575738781277,0.8550446219836961,0.394,0.493,0.238,82.344,0.65,-7.23,0.0307
小幸運,Hebe Tien,0,34,-0.31006918648225024,0.6659651979985518,0.19110088295773606,309.1997804526658,5378.809523809524,504.31222557229165,32.85064935064933,18,480.0849299863515,0.9215125270646458,0.519,0.412,0.506,157.916,0.75,-8.584,0.0365
小情歌,Sodagreen,0,66,-0.027104536602594195,-0.9977839855628815,-0.383468394874129,279.190821275497,2235.0,201.39962642420548,9.718181818181861,6,287.0265492946602,0.9700583445534398,0.527,0.522,0.272,132.066,0.775,-9.29,0.0314
小時候的我們,Eric Chou,0,25,0.05430195029658212,-0.9997832560957397,-0.4243178555986392,407.3613716867092,14039.238095238095,4870.215766265117,193.8974025974026,18,6667.869318605457,0.8870978646140176,0.678,0.568,0.436,135.049,0.224,-7.7,0.0286
山海,No Party For Cao Dong,0,12,0.039462708137509545,0.6587138425422077,0.29849779102388413,373.6619012170777,10507.666666666666,2879.23090480333,-192.94675324675322,2,2662.291724717635,1.3570201105382935,0.564,0.676,0.286,160.039,0.0543,-10.49,0.0647
差不多姑娘,G.E.M.,0,16,-0.43803310410798885,-0.9999994054126149,-0.7431327696823089,363.465548255295,7512.0,2017.3838787612322,172.62467532467534,20,2856.828432020376,0.721967944616697,0.759,0.714,0.5,87.987,0.223,-7.333,0.205
巴黎的十二點,OHMYMEITING,0,74,0.5618504786256532,-0.999685762280735,-0.09997245579336053,327.6405685332621,7210.476190476191,1178.4692500199699,149.1675324675325,16,774.2906737782654,0.723881966338054,0.665,0.738,0.214,96.966,0.447,-5.556,0.0345
帰り道は遠回りしたくなる,Nogizaka46,1,6,0.9028077408163409,-0.9999520833452037,0.08331184906488386,362.60297188529125,21378.14285714286,3074.1177175730595,291.67272727272746,13,1731.5118098066787,0.8419598748578662,0.51,0.857,0.693,138.064,0.457,-2.715,0.0403
帶我去找夜生活,告五人,0,64,-0.999940626584032,0.9968626784533648,-0.08370917750334017,355.4248283825565,7916.476190476191,2051.735679139044,-214.33636363636361,3,1454.1147960185262,1.5366510464154703,0.571,0.828,0.648,128.003,0.0165,-6.448,0.0412
帶我走,Rainie Yang,0,92,-0.33826035073881705,-0.9985417572811142,-0.41574693077379293,301.0954577920784,3104.0476190476193,362.5581695450468,19.797402597402577,0,484.8699078103321,0.8945302276890866,0.526,0.513,0.255,141.941,0.563,-6.982,0.0265
平行線,Sayuri,0,66,0.7249840214601717,-0.9987974665860133,-0.06298192418775811,283.2989730767083,1994.8095238095239,337.54514605246925,32.21948051948055,13,244.7332169935254,0.7832402986078417,0.387,0.879,0.604,191.027,0.102,-0.684,0.0706
年少有為,Ronghao Li,1,1,-0.17379556053073547,-0.9999769745427639,-0.44432074518739134,380.8744287521955,7028.523809523809,2573.277558346602,112.34025974025975,12,3896.589204355522,0.8367519918630276,0.518,0.462,0.289,131.892,0.322,-8.471,0.0277
年輪說,Rainie Yang,0,14,0.05799919111523508,0.9990810540492603,0.48313985340754795,335.2126145331059,7345.0952380952385,1299.4014704493356,53.47792207792225,17,1179.1685322717867,0.9067208712516783,0.478,0.37,0.318,147.995,0.758,-9.806,0.0523
幸福之歌,Supper Moment,0,27,-0.9991794018031702,0.9994765116898034,0.20959959161464922,307.0463013300221,4839.476190476191,596.0873712762344,-64.62987012986999,2,427.18466732784316,1.2406141056583535,0.566,0.622,0.397,145.025,0.292,-6.685,0.0293
幾分之幾 - 電影<花甲大人轉男孩>主題曲,Crowd Lu,1,1,0.3907034620409974,-0.9989830014222313,-0.32919952729569846,329.17928796891704,5316.285714285715,774.0844141772322,49.4727272727273,20,830.0422037462915,0.8858469811781959,0.519,0.342,0.425,143.819,0.636,-5.54,0.0257
彩虹,Jay Chou,0,101,-0.14336755177049026,-0.9960595044813273,-0.4728101217283722,316.7496843107214,2658.4761904761904,592.6266486340297,53.211688311688285,9,779.2883596589905,0.7600420308544682,0.612,0.279,0.345,147.916,0.778,-10.306,0.0386
彼個所在,Waa Wei,0,29,0.7280366899000726,-0.9997081632892001,0.10085094533508837,331.7634134922099,6479.619047619048,1036.4169723569607,-94.04415584415587,0,816.7529246963245,1.1991942920933845,0.565,0.394,0.285,139.859,0.669,-8.307,0.0298
往け,LiSA,0,101,-0.17147453240982585,-0.9999999946360879,-0.5500851315061214,422.18281438141815,30176.52380952381,7062.085295833205,184.45064935064966,4,11089.273698038118,0.9153115943286534,0.56,0.952,0.689,89.872,0.135,-2.579,0.162
"很久以後 - 電影《可不可以,你也剛好喜歡我》主題曲",G.E.M.,0,18,-0.6939031057453887,0.8077702459930619,0.041589555712074275,322.06210941136936,6577.0,1409.940052761447,-198.9194805194805,0,629.4709266518986,1.4920485210511147,0.459,0.474,0.182,145.948,0.67,-8.962,0.0343
後來的我們,Mayday,1,9,0.31143813105617524,-0.9921914952730257,-0.11759590585867839,392.191165709661,5437.761904761905,3413.412841867351,50.554545454545554,15,4222.298820251831,0.6660492254972331,0.488,0.602,0.225,78.011,0.0119,-3.697,0.0277
心之科學,Joey Yung,0,12,0.5278982060910258,-0.9940788681692643,-0.10783983076213267,324.0639172741979,5135.523809523809,863.9907748100763,95.69870129870138,11,693.450666954759,0.7856468861396518,0.476,0.747,0.252,139.9,0.0704,-6.302,0.0313
心淡,Joey Yung,0,19,-0.6891683446011451,0.6070460534359757,-0.06202681959046541,306.74794870632155,2759.1428571428573,479.69784991271774,34.34415584415583,8,426.93916135674414,0.7857878475798146,0.66,0.487,0.375,125.914,0.7,-6.757,0.0333
必殺技,Leo Ku,0,145,0.17100342997798096,-0.9994136586132157,-0.3498651335073036,289.1648908619515,3149.5238095238096,270.26840610376286,16.792207792207822,18,335.11294737744765,0.9124812673945621,0.625,0.507,0.373,136.933,0.574,-8.294,0.0296
忘川,Sita Chan,0,135,-0.036390652264775995,-0.997206778411372,-0.35358709578672715,279.39812792362807,2830.9523809523807,193.72009168618132,0.800000000000008,10,286.2425370206182,1.0030085156289839,0.622,0.514,0.0949,142.091,0.184,-4.853,0.0308
念念不忘,Juno Mak,0,126,0.3963994039526701,-0.999283718454305,-0.30186701267231364,289.46436649626554,2206.3809523809523,264.838760684681,3.766233766233768,9,305.0669434730679,0.9892487216467811,0.431,0.687,0.351,141.811,0.586,-6.252,0.0493
怎麼了,Eric Chou,1,2,0.023700820645650173,-0.9995482740152121,-0.2541521265748816,408.4397399936763,9322.0,5057.319608156837,222.54025974025984,16,6843.969728710086,0.7004225518975346,0.502,0.565,0.253,139.926,0.696,-7.779,0.0358
思念即地獄,Jay Fung,0,39,0.5326066069404619,-0.9983175786983225,-0.11690761950379673,327.54614450821384,5662.142857142857,1150.6428549258178,143.69220779220785,15,784.1672956072574,0.6815777639778153,0.405,0.413,0.397,71.659,0.398,-9.66,0.0662
思覺失調,Wilfred Lau,0,71,-0.8332252543759636,0.5568125718290584,-0.40419768718495325,268.09039304130084,1948.5714285714287,131.71562854392445,1.283116883116889,14,180.02607450033454,0.9939645142524723,0.627,0.409,0.381,135.989,0.66,-7.355,0.0291
怪物,YOASOBI,1,4,-0.6050986924981275,-0.921644093773457,-0.8253297956696694,470.9812751255185,26592.04761904762,28588.444995897324,673.0532467532466,19,51965.90672700708,0.8344953308519227,0.627,0.824,0.774,169.935,0.0699,-3.419,0.118
怪獣の花唄,Vaundy,0,60,0.0780290080960582,-0.9983964245683979,-0.4374354063064955,322.621066601087,21306.190476190477,573.1841405315713,-6.535064935065018,8,801.2202880606557,0.9996625087747719,0.425,0.939,0.638,150.015,0.00361,-3.498,0.054
怪美的,Jolin Tsai,1,1,-0.26288222702210545,-0.7304936163089581,-0.5605086513151575,447.9520679801477,34071.28571428572,12794.360298278962,98.31298701298753,8,20455.27638110764,0.9950078730460331,0.767,0.625,0.58,97.985,0.0264,-7.43,0.18
恋人未满,S.H.E,0,140,0.40424573691423066,-0.9963168834769556,-0.10992317885688656,240.0125810595609,3462.470588235294,433.107800416948,58.075980392156914,10,383.5479466034853,1.0,0.749,0.69,0.328,115.928,0.607,-6.559,0.0489
情歌,No Party For Cao Dong,0,33,0.570069488785412,-0.999977158442976,0.21294406433062643,364.35894836732996,5113.9047619047615,2207.6613116871395,-209.17142857142846,2,1899.8274888789244,1.9312492700587847,0.433,0.337,0.208,133.564,0.0226,-9.992,0.0512
情非得已,Harlem Yu,0,113,-0.2686280517558348,-0.9989667074115092,-0.7794368219828011,305.0273445451659,3025.095238095238,382.18244269083556,11.51428571428575,20,555.7270373123841,0.9465093503707505,0.686,0.48,0.729,106.908,0.436,-7.59,0.0241
惡作劇,Tangerine Wong,0,59,-0.6185414319638803,-0.42914792062890805,-0.7807437114483401,298.50110470959993,3119.6666666666665,434.74013401914493,41.414285714285754,13,586.1752532306358,0.8442945474985948,0.684,0.683,0.676,135.978,0.581,-6.374,0.028
"想見你想見你想見你(電視劇""想見你""片尾曲)",831,1,1,0.6717701863934223,-0.999987665253868,-2.6999494278708183e-05,348.1784544685899,11473.52380952381,1268.198633196957,-80.53506493506478,1,1227.8940294259924,1.0992087562510953,0.547,0.666,0.43,129.814,0.4,-5.694,0.0393
愛 請問怎麼走,A-Lin,0,46,-0.5957390857420365,0.4478149128565204,-0.11879453061962011,305.0500866767992,2734.0,448.0164750372043,25.72467532467529,13,412.65109656948687,0.9008999795459193,0.536,0.449,0.22,129.904,0.705,-8.672,0.0338
愛し君へ,GReeeeN,0,104,0.24610887283990873,-0.9951030484495195,-0.10774869391449285,257.4716803968693,1318.2857142857142,144.39995477414635,14.384415584415587,8,148.41155615382516,0.8173096142314611,0.499,0.823,0.548,158.124,0.226,-2.909,0.0551
愛を伝えたいだとか,Aimyon,1,4,-0.6315073324522054,0.9984845120214089,0.17474830249887674,291.1870675404369,2345.190476190476,334.4433355162004,13.838961038961042,6,308.38351123236146,0.921252040102588,0.673,0.85,0.793,100.008,0.0345,-5.021,0.0337
愛了很久的朋友(電影「後來的我們」插曲),Hebe Tien,0,116,0.14003824460873862,-0.9985285293042658,-0.3716287802421447,308.66488458035485,5377.952380952381,406.26316549397905,-3.1363636363636194,12,550.2844173697816,0.9848387096774192,0.36,0.334,0.137,130.637,0.858,-8.512,0.0306
愛人錯過,告五人,0,62,0.31586927909872786,-0.9999761155585357,-0.14685042158939898,354.9289837141372,6945.809523809524,1345.6779356799916,11.003896103896189,10,1660.9798734482004,1.0311449073578236,0.549,0.923,0.498,140.045,0.0295,-3.857,0.0393
愛你,Kimberley Chen,0,119,0.06647815366315994,-0.999810621164814,-0.3306557318952716,301.78499668558385,3671.714285714286,508.6109133949937,62.58441558441561,18,455.7372488616659,0.778574645740221,0.552,0.521,0.142,144.027,0.333,-6.721,0.0286
愛在夏天,告五人,0,103,0.4704638528187872,-0.9985654184861193,-0.024068120414686433,298.46118938508215,7212.0,368.2735784324319,-19.21948051948041,9,384.83792367696816,1.0235591506572295,0.551,0.378,0.275,74.974,0.736,-7.37,0.0303
愛情你比我想的閣較偉大 -《當男人戀愛時》電影主題曲,EggPlantEgg,1,1,-0.07976256281770897,0.08801140623569934,0.1816179722342369,387.0980453755496,25565.904761904763,9322.681174246172,1392.9649350649352,20,3160.678304968729,0.41736818405986664,0.665,0.654,0.736,149.969,0.00249,-6.948,0.0725
愛情廢柴,Jay Chou,0,110,-0.21362387446450717,-0.9981179305451638,-0.621683730846644,323.87310399861946,2966.3809523809523,622.7885428947756,-26.463636363636304,14,967.7464996061727,1.109492005666869,0.411,0.671,0.397,73.947,0.0115,-6.207,0.0319
愛愛愛,Khalil Fong,0,123,0.4048569619228553,-0.9999881645140859,-0.07858601976315392,165.0616812191157,3754.7272727272725,575.0867272000397,28.581818181818242,2,697.094319299763,1.0,0.473,0.459,0.346,66.37,0.4,-7.348,0.0377
愛我還是他,David Tao,0,80,0.08254241601427616,-0.9987999442804727,-0.3092865701001218,321.8246738582512,3201.6666666666665,721.8981153105256,75.04935064935064,17,797.6295819489144,0.7244282626009785,0.465,0.391,0.152,133.025,0.758,-8.029,0.0304
感電,Kenshi Yonezu,1,1,-0.40285461049574006,-0.6223574437229739,-0.6995410151566569,537.1090817717313,148152.04761904763,121073.25991767534,153.69610389610196,1,201232.3426616358,1.1968005928681695,0.633,0.723,0.688,103.101,0.107,-5.733,0.143
慢冷,Fish Leong,0,11,0.3981353491883756,-0.9996269741628682,-0.2667068297838251,383.3524467880782,12701.714285714286,2742.4456437354484,52.07012987012983,5,3136.094776549331,1.0152358628772342,0.521,0.471,0.269,92.054,0.786,-8.247,0.0317
慢慢喜歡你,Karen Mok,1,3,-0.15999190679184438,-0.9997769926555188,-0.42362621769471276,401.79020098049847,11693.380952380952,5664.871010814015,631.3792207792209,20,6619.629158042012,0.4787324579685981,0.601,0.316,0.375,130.118,0.876,-9.55,0.0365
懸日,Hebe Tien,0,11,-0.6180054581926858,0.7541709418415856,-0.007117221663972864,379.35574977954985,14196.095238095239,2825.446343243622,187.80129870129886,9,2644.4570950386014,0.7514438442704147,0.575,0.216,0.309,82.941,0.905,-11.18,0.0331
成全 - Live,Yoga Lin,0,82,-0.8337656538383331,0.6729562470547319,-0.17569620716307865,281.41829027044844,3524.3809523809523,407.5502278353145,58.75454545454549,17,236.26184626384344,0.7869197546546656,0.413,0.491,0.14,80.04,0.0731,-7.561,0.0288
我不配,Jay Chou,0,132,-0.31213420668029973,-0.9995095265779016,-1.9810400296136677,155.78760646673447,2906.5,874.3316590402065,157.94545454545457,9,988.557285225717,1.0,0.731,0.489,0.363,108.019,0.511,-8.361,0.0244
我不難過,Stefanie Sun,0,71,-0.18128276126537976,-0.9990833017411818,-0.43312530287146517,334.8657480682702,3967.6190476190477,791.4737595259495,-14.828571428571456,3,1231.7703306623357,1.0521654646687344,0.446,0.521,0.126,127.977,0.268,-6.804,0.0351
我不願讓你一個人,Mayday,0,56,-0.6770819779350686,-0.19970231294258473,-0.7871422787665474,353.3340330476144,3195.4761904761904,1337.1971617652748,51.153246753246776,13,2159.113010011287,0.8179561271417525,0.472,0.507,0.408,144.006,0.433,-7.124,0.0255
我以為,Victor Wong,0,64,0.24078356607340431,-0.9988413937421534,-0.20600635836530573,306.58087589681685,2797.4285714285716,535.3110863635027,60.09999999999999,14,507.4904407966715,0.7068010075566752,0.479,0.657,0.238,76.966,0.65,-6.294,0.032
我們,No Party For Cao Dong,0,55,0.4973216340283931,-0.9999773806421901,-0.056159764536929974,258.3122667940263,4132.5,1593.977768038187,-265.9499999999998,1,1123.660296629823,1.0,0.509,0.503,0.31,163.094,0.069,-9.944,0.025
我們 - 《後來的我們》電影主題曲,Eason Chan,1,3,-0.36948688361040677,-0.9927674876027978,-0.5274743821072697,384.0573392764974,9165.095238095239,2879.3463528205725,91.51818181818186,14,4692.244787678921,0.8965970456298752,0.355,0.0962,0.201,144.58,0.956,-14.729,0.0395
我們的愛,F.I.R.,0,90,0.09592612273067465,-0.9967396112865287,-0.2750586143550956,152.07423750990532,3369.9,612.7014689063508,28.078787878787853,6,906.7993094694774,1.0,0.509,0.646,0.135,136.054,0.502,-4.051,0.0301
我們的歌,Leehom Wang,0,133,-0.6951531066246085,0.24512403720399592,-0.5571561506179399,164.941473175972,2543.25,258.81400174642795,-19.821678321678373,8,356.75968252365647,1.0,0.756,0.421,0.829,69.928,0.0275,-8.338,0.0924
我們都是這樣長大的,Sammi Cheng,1,3,-0.7860020339720856,0.9999817427691254,0.2321969009018865,361.65492760110897,9935.666666666666,3182.0487011527553,435.08961038961036,20,1721.6985624667286,0.5528449953002382,0.427,0.409,0.37,159.826,0.716,-10.06,0.0306
我喜歡上你時的内心活動,Cheer Chen,0,33,0.4426703888319182,-0.9999627817636575,0.03896730157828253,366.1356041594765,5467.0,1888.3393056686962,-36.95194805194811,4,2112.598343273042,1.0742859986068265,0.347,0.333,0.297,145.245,0.765,-10.876,0.0359
我在流浮山滴眼水.jpg,Serrini,0,22,0.19894844299497297,-0.9984871926047313,-0.13089303478318662,322.3759170072993,6503.809523809524,1573.1960983039658,241.77142857142857,19,746.5135815911189,0.5935378294627625,0.546,0.422,0.461,139.84,0.657,-8.534,0.0286
我好想你,Sodagreen,0,127,0.5993008560666315,-0.9992230159203356,-0.1525291457216027,337.2116060328769,3611.6666666666665,1650.854593502677,216.8922077922078,20,978.1989623793312,0.45238155337355174,0.445,0.481,0.35,76.034,0.062,-6.985,0.0272
我就想你,理想混蛋,1,8,0.837737053666139,-0.9980728359605087,0.25981004052109785,385.39174965080747,19056.47619047619,4927.589641803032,363.583116883117,6,3096.297153052336,0.7836950163162606,0.501,0.462,0.585,82.513,0.186,-7.102,0.0726
我很快樂,Eric Chou,0,51,-0.2807690009387809,-0.9999975072655372,-0.44689805032380875,350.5391462559075,7801.142857142857,1723.6463366588725,-206.48181818181806,0,1890.6153336942978,1.4151444558141562,0.302,0.454,0.455,149.606,0.796,-7.748,0.0298
我懷念的,Stefanie Sun,0,78,-0.8975727456198889,0.6534992118364196,-0.3294793000469532,281.95995456150877,2833.3333333333335,349.23321902396583,45.41428571428571,17,251.39260132310972,0.7934914160204402,0.434,0.391,0.283,139.972,0.755,-8.016,0.0341
我本人,Kary Ng,0,147,0.14633568474171843,-0.9994092540166274,-0.4126551408664125,266.0145591351141,2027.095238095238,158.70814926773903,12.41558441558444,18,187.66679914145712,0.9280723933728126,0.45,0.485,0.417,133.86,0.731,-7.389,0.0293
我的宣言,Pakho Chau,0,108,-0.9999862014114036,0.9962221189552262,-0.265152480358047,264.86242272001516,1951.6666666666667,232.44955076487813,21.950649350649375,7,172.64775556027365,0.8463218714768884,0.468,0.433,0.416,84.034,0.639,-8.039,0.0245
我的快樂時代,Eason Chan,0,110,0.6022638225114562,-0.9998725935962514,0.0938686360303387,186.5954942574239,2561.076923076923,446.61848484575415,29.780219780219866,3,442.14420724465,1.0,0.582,0.442,0.23,90.025,0.625,-7.318,0.0266
我的秘密 (MySecret),G.E.M.,0,103,0.013342701722981826,-0.9978128705148612,-0.29595344070074353,302.91008352893687,4645.0952380952385,358.8587604856878,14.198701298701407,5,490.2469785730454,0.9651430256561486,0.563,0.741,0.397,104.006,0.213,-5.728,0.031
我睡不著,守夜人,0,64,0.056751115521888294,-0.9971421984250047,-0.17662397645570183,316.03002737287716,8618.666666666666,1100.2379973413256,163.14545454545453,15,692.4929512276641,0.7506010833985111,0.522,0.227,0.0987,145.914,0.781,-12.27,0.0292
我還年輕 我還年輕,老王樂隊,0,14,-0.10212869921525027,0.9994915417844124,0.014252582902652597,340.40420902767363,4366.190476190476,1035.296167381591,32.10389610389613,16,1186.0731627939315,0.837614979311166,0.596,0.561,0.453,127.887,0.15,-10.226,0.0386
戒菸,Ronghao Li,0,12,0.42720090487555257,-0.9999960710849132,-0.09066783133034689,378.50711087225784,8211.142857142857,2723.6040248820573,168.37272727272725,11,2883.3712560126555,0.7928256183926922,0.656,0.471,0.226,120.002,0.73,-6.909,0.0294
"手中沙 - 劇集 ""不懂撒嬌的女人"" 片尾曲",HANA,0,56,0.8718767398802456,-0.9998190822729703,0.11207907278195575,294.9081080721708,3591.714285714286,559.4185027548604,35.60649350649348,7,321.0280789899849,0.8708854706304296,0.67,0.156,0.466,115.748,0.872,-11.854,0.0345
披星戴月的想你,告五人,0,16,-0.9999849835916114,0.9974365455653313,-0.1974032581108044,288.1967822285407,3997.9523809523807,410.5374498537573,44.73766233766223,14,282.34143780182177,0.8596657000423578,0.692,0.453,0.351,99.976,0.263,-7.131,0.0299
拼命無恙 in Bb major,Terence Lam,1,10,-0.10294685396762626,-0.9994488241030997,-0.5881303347389404,286.98323795084076,3155.4761904761904,236.57770676432824,4.254545454545476,14,362.6550564930813,0.9815904766119395,0.532,0.443,0.19,151.996,0.674,-9.69,0.0269
推開世界的門,Naiwen Yang,0,82,0.16342665004669504,-0.9993027098114596,-0.25498547313167613,320.90328328306504,2923.6666666666665,599.7770485242895,-38.14025974025966,1,752.1510004646673,1.2551179410026327,0.617,0.324,0.352,139.955,0.221,-11.804,0.0394
搜神記,Joey Yung,0,113,0.5817931927305287,-0.9989861973594326,-0.03412790732635209,196.1228453436225,3094.785714285714,368.57024501471096,34.16923076923081,9,358.5585705581587,1.0,0.636,0.493,0.4,104.005,0.57,-6.545,0.0244
擱淺,Jay Chou,0,81,0.5673195800120555,-0.9993036957123048,-0.09092878152789018,330.5869258493061,3109.714285714286,841.2700796645365,32.05714285714288,7,831.4855440715731,0.8767322799894077,0.497,0.49,0.126,122.71,0.671,-7.161,0.0276
斷點,Hins Cheung,0,69,0.3128834649219408,-0.9991753335207584,-0.1765835100684348,311.35219030521665,3094.1428571428573,450.463072395326,-8.58181818181821,7,544.8753320714749,1.0261342155009452,0.656,0.384,0.197,99.945,0.775,-8.877,0.0313
旅行的意義,Cheer Chen,0,72,-0.13536556331675625,-0.5888309191844086,-0.4893534495389271,330.24807456584637,3378.190476190476,812.2983629095207,67.425974025974,14,941.9176981031835,0.7456746197851262,0.525,0.516,0.25,137.972,0.38,-7.931,0.0299
旅路,Fujii Kaze,0,59,0.28895888097909317,-0.9998870516183789,0.019116610782995546,430.59481936865905,64326.95238095238,8975.203053684929,466.9740259740268,15,9752.070693447624,0.9133620837771896,0.564,0.564,0.714,172.025,0.126,-6.752,0.0792
明け星,LiSA,0,52,-0.4148174744236506,-0.596722979767274,-0.6075922668989244,474.0086647110553,48987.76190476191,25573.324515065196,1242.7961038961037,0,40166.72639187814,0.7383333977007943,0.389,0.867,0.215,94.952,0.000303,-3.604,0.048
明年今日,Eason Chan,0,33,0.44037940385521435,-0.9993384457489541,-0.07055894071441476,296.7579218204722,2065.2380952380954,511.82222590437124,64.86753246753253,18,370.695616375484,0.6255035720040824,0.67,0.397,0.214,123.969,0.71,-10.87,0.0417
明明就,Jay Chou,0,70,-0.8965216148926951,-0.4599266018948955,-0.9309046112742818,304.9620422036386,2916.0,749.9187892540035,52.65714285714289,7,1308.0487223341493,0.7617087206728641,0.543,0.428,0.173,112.985,0.14,-8.966,0.0262
春夏秋冬,Leslie Cheung,1,5,0.1386166443857353,-0.9947259249274737,-0.37897111198115085,273.7141394065444,4786.2,2835.28501095275,-33.36428571428571,4,3949.542332695663,1.0,0.6,0.564,0.323,136.036,0.698,-7.867,0.0277
春夏秋冬 A Balloon's Journey,Leslie Cheung,0,24,0.4830212496509381,-0.9975390125574325,0.02168546527281879,315.82351814809755,3611.095238095238,632.3848967174753,-61.05454545454546,0,570.2236754116756,1.224996702861916,0.586,0.33,0.471,136.057,0.933,-9.607,0.0389
春愁,Mrs. GREEN APPLE,0,60,0.21138835820396207,-0.9996635646490292,-0.3884973430159538,298.75149144280164,8112.9047619047615,382.9586456303586,34.46883116883129,9,424.92661425239066,0.9390900746436674,0.724,0.444,0.739,129.962,0.0121,-4.903,0.0412
春泥棒,ヨルシカ,0,51,0.18045538257598073,0.02837089710227041,0.25263378903849204,396.6258981732365,62269.90476190476,10337.849831265052,1540.893506493507,16,4071.1625010554417,0.6947206548885394,0.762,0.595,0.832,125.046,0.101,-6.782,0.0442
春秋,Hins Cheung,0,16,0.14633460910759902,-0.9993064774051257,-0.16797796288756592,260.7013014268374,2075.2380952380954,123.09497098617055,-2.0012987012986754,6,166.64816230609924,1.0344900105152472,0.38,0.502,0.45,98.658,0.805,-5.508,0.027
是但求其愛,Eason Chan,1,1,0.712231172916941,-0.9999995178819681,-0.028235353219633025,376.60761876818685,23584.190476190477,3727.697829301077,-462.37012987012923,3,2503.1212635427796,1.3482237323278585,0.326,0.272,0.253,181.863,0.94,-9.536,0.0434
時光倒流一句話,Terence Lam,1,2,-0.6846196014526299,0.9964727645463222,0.1685534852699684,349.9956587968906,14300.095238095239,1907.7132135662898,37.094805194805154,7,1310.765977396423,0.9794726970009906,0.518,0.449,0.382,133.886,0.626,-9.659,0.032
時光機,Terence Siufay,0,42,0.09892798889734698,0.03573837963597232,0.12027656760480625,294.4299233647831,2582.5714285714284,308.4935086804246,10.787012987013002,16,314.0017356639928,0.9419170088610331,0.588,0.465,0.392,126.898,0.345,-7.488,0.0293
晴天,Jay Chou,0,32,-0.32419594736802465,-0.9986304623450897,-0.6579966869977375,326.7345444109681,3162.6190476190477,683.9598621048764,25.1064935064935,19,1115.4989679511139,0.894561882032049,0.547,0.567,0.399,137.13,0.276,-7.295,0.0242
最後一次,高爾宣 OSN,1,8,0.5263774423935674,-0.999193432379007,-0.0896711254869198,348.9994531754793,7515.380952380952,2823.523676209105,415.47142857142853,16,1343.115613043047,0.44734041854415996,0.708,0.639,0.293,89.993,0.515,-4.173,0.0648
最長的電影,Jay Chou,0,112,-0.5019601024314819,0.5024793519819586,-0.02400745453502995,341.5460146846996,4150.428571428572,1429.478845141642,-53.45194805194795,8,1012.0265856191725,1.320251915213611,0.533,0.359,0.165,120.858,0.19,-9.45,0.0314
會呼吸的痛,Fish Leong,0,68,0.1307571330190467,-0.9987633301780475,-0.42888600605276167,334.8773018855782,3117.095238095238,781.455900395562,5.851948051948095,18,1064.7192587720015,0.9740350265748888,0.67,0.518,0.195,112.006,0.538,-7.53,0.0278
月牙灣,F.I.R.,0,120,-0.6539927778015285,0.3154882539469817,-0.21338666284072716,304.45540177422436,5117.047619047619,477.802158319038,22.250649350649415,19,422.7499142519132,0.9592895358626871,0.409,0.667,0.549,174.022,0.0532,-7.034,0.0309
月球下的人,Gin Lee,0,79,0.26845125020927435,0.010855845166619948,0.2163441243027848,297.52019695050654,3048.8571428571427,377.21211485295214,15.197402597402672,4,346.60432772831905,0.9552500461339731,0.633,0.372,0.489,105.998,0.838,-8.877,0.0284
有一種悲傷 - 電影《比悲傷更悲傷的故事》主題曲,A-Lin,1,1,0.15398481949808482,-0.9997337393210234,-0.2594458620384281,372.26609716330165,8649.904761904761,1997.725108711738,17.10389610389614,11,2710.8887892165553,1.0402026225731034,0.363,0.233,0.341,77.378,0.901,-11.531,0.0499
有心人,Leslie Cheung,1,2,0.26634107291576054,-0.9992261428554878,-0.36152352193432563,389.906627376099,5336.619047619048,3283.4790996338666,-141.13766233766225,5,4026.302066102343,1.768902891030393,0.541,0.38,0.192,72.015,0.716,-12.094,0.027
木紋,Denise Ho,0,92,-0.9962211490792913,0.9832141306758014,0.0639095641917313,295.2498968575507,2434.0476190476193,311.357928495788,9.6233766233766,16,319.32045033163786,0.9462828909571412,0.612,0.561,0.479,128.948,0.0641,-7.119,0.0322
未完劇本 - 電視劇《神之鄉》插曲,Bii,0,57,0.30521976186820876,-0.9942140303148913,-0.04342264748537105,230.20216869643647,8066.642857142857,2579.306318903339,-576.6571428571428,1,1392.0358893217385,1.0,0.551,0.446,0.222,112.876,0.48,-9.832,0.0344
未開始已經結束,Dear Jane,1,8,-0.5802545362824013,0.998797637611546,0.23201563857058774,349.5053662935677,6305.476190476191,2802.2104475378446,359.88961038961037,18,1329.821807611832,0.46358234031299583,0.473,0.648,0.435,137.987,0.0617,-5.542,0.0323
東京フラッシュ,Vaundy,0,78,-0.7715513378951786,-0.9973385812612632,-0.2564471925285789,364.5220922743225,20198.285714285714,2504.5606808543553,-274.8402597402596,1,2759.341176349891,1.228122980916211,0.628,0.634,0.606,97.99,0.00255,-5.508,0.0322
東京人壽,Joey Yung,0,11,0.34636692000115027,-0.9998971221154906,-0.21037646591082734,335.9311225737375,10122.333333333334,1091.6276328899378,117.06883116883124,13,984.2356056859556,0.8404482390608324,0.451,0.813,0.341,142.14,0.198,-4.939,0.0506
桜,KOBUKURO,0,52,0.1272053973049609,-0.9991788665611828,-0.1303981514784902,293.0416391009775,6974.047619047619,375.4236307084718,42.36233766233769,16,372.5038791744322,0.9203711315990369,0.442,0.4,0.355,83.887,0.645,-7.964,0.0255
森林,Mr.,0,118,-0.2216378182324127,-0.9989357505131536,-0.44670999369327863,268.2230940903069,2023.142857142857,149.9213399195235,-1.3883116883117017,17,236.40521885102285,1.009722417923066,0.525,0.479,0.359,75.012,0.0495,-7.768,0.0299
楓,Jay Chou,0,62,-0.16210924534044535,-0.17366080202547068,-0.32490865337497987,349.694500763502,4187.047619047619,1513.815283321628,25.3012987012988,9,1312.6709183950104,0.970417223226212,0.502,0.435,0.145,134.425,0.76,-7.177,0.0292
橘子汽水,Nan Quan Mama,0,60,-0.2583775195381457,-0.9994228464889218,-0.5583943182261062,328.04566191951744,3567.714285714286,685.7461798138228,20.72207792207801,10,1088.9567300861868,0.913658137632901,0.724,0.568,0.451,105.096,0.657,-7.311,0.0257
櫻花樹下,Hins Cheung,0,25,-0.38858383300257443,0.08993020190603378,-0.3041219055905116,291.9616941740194,2623.6666666666665,342.2354151239748,33.50259740259743,18,308.4270537744703,0.8247170846004287,0.415,0.498,0.3,143.68,0.659,-5.022,0.0278
歌よ,Belle,0,66,0.39733033638092274,-0.009521192698846237,0.2830575161235931,398.39562334238497,43478.52380952381,6624.59316716019,-507.7090909090906,2,4441.813840088304,1.199642134509105,0.314,0.277,0.161,87.004,0.467,-12.458,0.0364
歲月如歌,Eason Chan,0,38,0.0409462951755267,-0.9974754217157319,-0.5035219258383828,282.2718442472549,1944.2380952380952,215.64982743457588,9.320779220779265,16,302.3372744138572,0.9500873820342538,0.592,0.427,0.453,139.908,0.834,-6.759,0.0281
死性不改,Twins,0,69,0.16186834380322893,-0.9996984204100567,-0.39343189579371407,283.0182786052203,2604.0476190476193,215.76187848787558,-4.6285714285714175,12,279.6961029403163,1.0417898567204913,0.72,0.334,0.395,96.046,0.814,-9.754,0.0373
死神,Kenshi Yonezu,0,53,-0.461809888727869,-0.9223191147695774,-0.7677890884445999,468.3720279587624,47262.42857142857,25640.367315122883,-1620.866233766234,13,41712.44223322341,1.7733173219223841,0.807,0.653,0.939,119.019,0.0349,-6.308,0.0443
每天愛你多一些,Jacky Cheung,0,105,0.12602019401694395,-0.9999060222682518,-0.384084062548529,292.6574675808621,2874.190476190476,293.2346076904844,18.455844155844165,20,356.1195164547992,0.917451334341611,0.682,0.336,0.515,100.027,0.718,-12.049,0.0253
每次你走的時分,my little airport,0,31,-0.3270960245684356,0.04411581868836307,-0.21029568598701065,359.0725123226829,7568.190476190476,2292.928770082316,-209.11428571428561,5,1613.710835310961,1.6281088565798585,0.576,0.505,0.57,127.025,0.753,-13.07,0.0392
水平線,back number,1,1,0.7497270189221391,-0.6952229810686062,0.24566195751347078,430.211708511243,143501.38095238095,42352.37100629521,6529.70909090909,16,9287.274605071178,0.4877005723937318,0.419,0.75,0.436,145.867,0.011,-3.546,0.0316
永不失聯的愛,Eric Chou,0,96,-0.06077273059115917,-0.9990900558108637,-0.42185090579850265,337.1456254864529,6160.238095238095,854.9428777778306,39.1662337662338,19,1245.0882940578954,0.8992338106194295,0.289,0.43,0.531,169.511,0.624,-6.818,0.0332
永不失聯的愛 [原創概念版],Eric Chou,0,19,-0.9201443735183684,0.7470150025205067,-0.33911688371613663,363.7495696565539,4564.714285714285,1954.0422850339448,154.1909090909091,7,1967.9863687281982,0.6177077701872512,0.583,0.227,0.368,84.765,0.936,-14.525,0.0332
江南,JJ Lin,0,84,-0.6132895250443832,0.816662876697922,0.13567083228582272,350.60378469247723,5840.761904761905,2024.639460079413,-192.90779220779223,3,1305.2697527714338,1.756639566395664,0.621,0.517,0.404,120.021,0.75,-9.433,0.0371
沙龍,Eason Chan,0,70,-0.794482839282853,0.9985174899191729,0.1707330446374415,237.74398202164068,3367.235294117647,702.4423383839596,-127.59558823529397,2,326.86392787175214,1.0,0.534,0.58,0.347,142.081,0.658,-5.311,0.0265
油尖旺金毛玲,Serrini,0,87,0.2689597278660356,-0.9998206640954831,-0.2896070191486639,274.34875667312315,3244.4761904761904,182.97635003246134,7.733766233766262,13,225.6760731668291,0.981756338899196,0.472,0.524,0.318,143.946,0.565,-7.15,0.0267
沿海地帶,Xian Zi,0,51,0.3678301370927139,-0.982942615078941,-0.16314026499734025,344.2194242807702,3520.0,1095.4860630266887,-56.425974025973964,6,1236.9405604150913,1.2913087651242263,0.466,0.316,0.179,91.775,0.739,-6.182,0.0267
法蘭西多士,告五人,0,51,0.3590855354896558,-0.9997436658408965,-0.33553193534348025,357.9714946304448,7491.380952380952,1500.0737275909528,-64.80129870129853,9,1708.66244398945,1.1499268702656684,0.745,0.639,0.762,124.969,0.0317,-6.612,0.0442
泡沫,G.E.M.,0,55,0.045381264004882176,-0.9996760934592855,-0.5433527301457334,332.447369750247,4099.0,738.8502006818561,19.08961038961041,5,1048.57801211927,0.957886756039563,0.551,0.403,0.162,136.02,0.237,-8.391,0.0307
泣きたいくらい,Sakurako Ohara,0,143,-0.40614713854314105,0.19995079885169342,-0.19978779729112442,297.15011709387096,4882.619047619048,339.77856601454795,8.76753246753245,20,341.48976558602743,0.9870606799598336,0.581,0.865,0.599,109.946,0.287,-3.208,0.0316
洋蔥,Mayday,0,76,0.4337689365551247,-0.9999979454620324,-0.042154362373100815,174.13039071630186,3024.4545454545455,1044.1587621914384,-165.7545454545452,2,1087.3172903987133,1.0,0.486,0.585,0.224,129.784,0.233,-6.105,0.0296
浪子回頭,EggPlantEgg,1,1,0.3743845291409321,-0.9779905314170887,-0.24266329240355933,351.07422859543595,3657.7619047619046,1246.4961904612735,20.576623376623424,19,1458.7737478786767,0.9910377358490565,0.473,0.488,0.203,129.523,0.251,-9.979,0.0477
浪流連,EggPlantEgg,1,1,0.9152645370207957,-0.9999802532045535,0.15045985125015596,397.13619340244463,21011.95238095238,13141.23765815871,1892.5285714285715,15,4107.685519547474,0.18016583993484858,0.535,0.499,0.162,123.593,0.395,-8.033,0.0397
海のリビング,鈴木鈴木,0,53,0.2511040174558264,-0.9995856797447601,0.07419561812403486,377.3718809819065,39536.80952380953,8592.815302382665,1367.3441558441561,18,2896.8758080905027,0.6124874153994774,0.652,0.846,0.762,97.998,0.0905,-4.005,0.0374
淘汰,Eason Chan,0,80,-0.006001653608616421,-0.9994509984026638,-0.40487730024220436,347.0129674127621,2654.7619047619046,1069.4749448193595,34.13506493506487,20,1432.947398720553,0.9081789333606304,0.512,0.551,0.206,117.978,0.192,-5.483,0.0295
深夜告別練習,Zpecial,0,91,0.5142630482900512,-0.9985713352665062,-0.10621309426317832,285.4781154839981,3139.3333333333335,272.03174417936935,13.01948051948048,15,275.6596225420038,0.9539493881847287,0.716,0.56,0.743,127.997,0.292,-8.42,0.0348
演員,Joker Xue,1,4,0.0010942665602424102,-0.9883362216584564,-0.4853297756747042,398.8429471394036,6513.380952380952,3935.2220059137276,147.0636363636365,15,5542.766531931505,0.6169255627777166,0.53,0.432,0.186,182.842,0.399,-10.678,0.0472
火炎,QUEEN BEE,0,98,-0.7891726634843192,0.9991527108521139,0.0189506319827009,325.9519367731852,8542.714285714286,931.0249929056504,39.74805194805206,12,708.6991233944063,0.9614188034188034,0.521,0.933,0.607,169.842,0.034,-4.874,0.179
炎,LiSA,1,1,-0.2744096842524341,-0.6263195176600663,-0.5874528507979565,522.2761217164135,53018.0,77549.22904716412,2838.72987012987,20,117541.33871153586,0.46986936367467336,0.477,0.685,0.308,152.04,0.105,-4.554,0.0325
炙愛 - 女聲版,Vicky Chen,0,23,-0.05263669756796255,0.5989722927368135,0.2829785929644908,364.5181953283384,15533.142857142857,3506.167739525175,377.97272727272747,6,2000.3359536587845,0.7166395954386376,0.407,0.497,0.312,152.194,0.263,-5.828,0.0357
热爱105°C的你,A Si,1,6,-0.6252285773127505,-0.9967865080780306,-0.8309818403861872,394.66749010044543,11737.761904761905,5286.873186125028,506.77402597402596,19,7730.122835214199,0.498898180029513,0.799,0.613,0.751,137.124,0.363,-5.948,0.0446
無人知曉,Hebe Tien,1,2,0.40203901475473125,0.47414124162776905,0.6343541558526485,377.62347908095575,20212.333333333332,8544.068035963584,-924.5545454545451,5,3456.882611183087,2.266853567077138,0.471,0.432,0.159,129.386,0.859,-7.846,0.0454
無條件,Eason Chan,0,52,-0.6103824348729561,0.9965897752133879,0.042077437412533156,279.46631045330963,1915.857142857143,264.7774061923184,10.210389610389635,20,228.91745237093653,0.9753732927605973,0.646,0.37,0.465,129.914,0.825,-10.98,0.0351
無盡,Supper Moment,0,39,0.4363988773805166,-0.9998595325638122,-0.2506429716276784,301.3159324759262,4136.380952380952,483.9771222643519,-53.709090909090946,2,405.6021942741434,1.2314941006970133,0.399,0.745,0.526,156.492,0.172,-6.595,0.0472
無賴,Ronald Cheng,0,40,0.40408080008450087,-0.9996852178197555,-0.26530757228114626,289.900251525224,2143.904761904762,335.95477370819464,33.5116883116883,20,308.84609435769136,0.8149024587325406,0.639,0.659,0.54,111.024,0.456,-5.356,0.0307
煙幕,Vicky Chen,0,52,0.750439857243936,-0.9994117584517946,0.03726613084166429,307.6560891595974,5100.523809523809,732.0652858635219,86.53896103896115,19,448.1442262263344,0.8120762603863995,0.521,0.277,0.291,140.064,0.75,-7.857,0.0296
爛泥,No Party For Cao Dong,1,9,-0.16995437591199378,0.9999972145167053,0.24086838733329935,383.5941985972496,11790.285714285714,3437.9998911722905,-205.79480519480495,2,3387.3312426599205,1.3651524107067468,0.708,0.734,0.425,114.952,0.0401,-8.619,0.0951
爸爸媽媽,Ronghao Li,0,107,0.33501369760275873,-0.9995152729870106,-0.20566736146181117,201.68636568402655,2559.8571428571427,378.17170271543836,13.32307692307699,0,459.76874814970625,1.0,0.67,0.507,0.258,101.921,0.699,-6.551,0.0316
特倫斯夢遊仙境,Terence Lam,0,15,-0.5858797143878607,0.5071905893480179,-0.009212812482010987,337.13543552245665,4738.809523809524,1889.5496974033035,237.3857142857143,14,910.3397428982215,0.4632462084543401,0.631,0.784,0.605,124.053,0.199,-6.347,0.0481
猜不透,Della,0,40,-0.15440523979896267,-0.9991769108617746,-0.4094039561493471,342.60310881214116,3535.1428571428573,1014.8782373933802,-58.75584415584414,7,1484.9869225013397,1.173784915008115,0.565,0.455,0.182,139.956,0.56,-6.632,0.0346
獨家記憶,Jordan Chan,0,39,-0.39221443712213067,-0.9995455884511724,-0.6322352558821228,332.75368683030354,3248.9523809523807,814.0846730379361,-26.4402597402597,9,1376.0109229217624,1.1153208619464834,0.486,0.506,0.485,79.914,0.586,-7.967,0.0343
玫瑰少年,Jolin Tsai,1,2,0.999992705941516,-0.9999998931053324,-0.045308131329562414,415.8048466219048,17510.809523809523,5689.307411351726,-404.78571428571433,1,6472.610155686808,1.311545225533533,0.648,0.716,0.287,98.014,0.0577,-6.657,0.0401
玫瑰少年,Mayday,0,20,0.5849085246949769,-0.9999981759613225,-0.13034046704869584,374.6440721277204,12522.095238095239,2548.5348714368624,81.0974025974025,4,2493.90748826014,0.9531976297207471,0.509,0.705,0.369,95.98,0.029,-7.448,0.0371
甘心替代你,Ekin Cheng,0,118,0.01163926398498604,-0.9995877253409686,-0.39734911069868656,287.1712747281323,2796.809523809524,235.20155875892996,-1.27922077922077,8,344.4106415312976,1.0065352750475993,0.448,0.355,0.273,74.182,0.77,-9.437,0.025
留下來的人,C AllStar,1,7,-0.5628955444250053,0.9999994149799971,-0.13314839651818297,365.04497740295557,11885.0,1859.2830159320376,124.6545454545455,8,1926.5127374351823,0.8647685990509663,0.402,0.435,0.35,157.204,0.504,-8.005,0.0341
當你,Cyndi Wang,0,61,0.03128838743754387,-0.9984483970496317,-0.41209324440017514,283.78853664241115,2723.3809523809523,251.45130669214706,21.23116883116886,7,314.9367357105233,0.8999797529864345,0.638,0.646,0.208,135.98,0.661,-4.615,0.0315
當你,JJ Lin,0,96,0.3861354834069516,-0.9990959825171833,-0.19746403046171876,318.643169695687,6292.619047619048,773.793037187007,-89.59740259740258,4,645.6601660316362,1.2299149280443256,0.651,0.476,0.365,133.964,0.739,-7.131,0.028
白日,King Gnu,1,1,0.9999974925867344,-0.999935182866749,0.10917343864818921,398.2213676886725,33782.619047619046,6736.939275906845,656.7948051948058,10,4170.463406805052,0.7763435005084923,0.599,0.891,0.694,93.029,0.562,-3.242,0.116
白銀,LiSA,0,115,0.65493290799969,-0.9979155952453108,0.30198120420205693,238.78476057844875,32126.714285714286,2910.49694894118,540.6637362637359,6,1837.7309169399427,1.0,0.485,0.888,0.282,142.983,0.00277,-3.326,0.0489
百年樹木,Hins Cheung,1,3,0.39354129899604184,-0.999860509864231,-0.26757700442576055,325.78300335282336,5516.333333333333,919.8573560914515,-105.75584415584419,1,770.3664777234274,1.2546128718990024,0.467,0.349,0.343,140.212,0.572,-7.96,0.0339
相依為命,Jordan Chan,0,132,-0.5425041293514186,-0.010933615006148038,-0.5678492865716877,288.3850451723226,2874.809523809524,351.08059297893396,-38.95974025974028,8,317.5854963627904,1.252414348126006,0.505,0.434,0.342,133.12,0.442,-8.439,0.0361
真的傻 (電影《一吻定情》追愛版主題曲),LaLa Hsu,1,6,0.44362903469891635,-0.9999968890744795,-0.1989562257205309,365.4345738909858,7268.0952380952385,1923.5103798539521,-87.15324675324662,3,2081.3383068352923,1.2543789899357067,0.522,0.383,0.332,150.018,0.714,-10.962,0.0285
真相 - 《守護神之保險調查》電視劇主題曲,A-Lin,0,42,0.01709540252036085,-0.9998134694204167,-0.4533892754275757,302.1316895893339,5799.277777777777,1567.7704907697412,-186.23219814241477,2,1821.7414080449144,1.0,0.395,0.385,0.0822,103.16,0.79,-5.63,0.0333
祝君好,Chilam,0,111,0.5446661498585834,-0.9966857714092464,0.09383126401926307,288.43275592734864,2967.6190476190477,442.77818548563357,56.71428571428572,16,290.5976772102627,0.7863678150855843,0.379,0.514,0.139,134.732,0.429,-6.808,0.0334
神奇的糊塗魔藥,Terence Lam,1,1,-0.9999996868501121,0.9998817546880703,-0.2104469976411768,409.6116138224918,20225.85714285714,4165.690456526006,-161.4051948051943,1,5558.549771298265,1.1472815533980583,0.509,0.709,0.631,91.014,0.408,-8.361,0.0477
稻香,Jay Chou,0,130,-0.012217327345318243,-0.022542659731872076,0.026915261734390652,155.45099042541284,2548.1666666666665,275.4459515444404,49.53846153846159,7,197.14390431424567,1.0,0.67,0.626,0.205,163.985,0.286,-5.027,0.0628
突然好想你,Mayday,0,22,-0.7611950775091028,-0.9976242230555665,-0.5443124278428769,273.8292900856753,2347.4761904761904,214.74649928908292,-4.051948051948026,1,355.2550457066022,1.036703515091293,0.462,0.465,0.409,140.112,0.226,-6.485,0.0262
第六感,Reol,0,54,0.5628382318601572,-0.9996741019127718,0.1173274824565494,354.64668679637896,30139.904761904763,2075.8234603522415,235.64935064935165,14,1527.9955791820864,0.8781578889548041,0.675,0.959,0.835,134.017,0.00893,-1.754,0.0835
算什麼男人,Jay Chou,0,65,-0.32117781419617913,-0.9994354818636112,-0.6905920752934246,337.4525296991596,3389.095238095238,887.4355726990045,-29.242857142857062,16,1443.66871113147,1.2517213921026746,0.523,0.572,0.306,106.943,0.356,-6.834,0.0274
約定,Faye Wong,0,79,-0.5630205537010738,0.999867367412594,0.07390255782516456,301.6087396465152,3513.095238095238,512.1258127380052,-30.69350649350652,6,405.3582705459456,1.1828219705868532,0.557,0.324,0.161,80.015,0.888,-12.13,0.031
紅,告五人,0,73,0.656931388004799,-0.9995181605018262,-0.11442138596141983,347.29848283527764,7277.0952380952385,1613.5342428453346,148.90389610389624,9,1239.585781622232,0.7093075258045474,0.424,0.355,0.199,169.927,0.814,-10.461,0.0295
紅綠燈,Stephanie Cheng,0,38,0.19272566877543704,-0.9987397040065168,-0.27516967191302455,310.76378034049634,3748.1428571428573,538.8245836752338,-53.303896103896044,1,572.0418603563903,1.2256399669694467,0.602,0.423,0.45,113.944,0.752,-9.248,0.0348
紅色高跟鞋,Tanya Chua,0,41,0.49055695324004467,-0.9987594740943783,-0.1392493096990421,297.15005645105,5337.619047619048,343.4396704753774,6.6311688311688695,12,369.3999018678808,0.9991056425822539,0.476,0.659,0.492,176.018,0.104,-4.898,0.0251
紅蓮華,LiSA,1,5,-0.8027818655757601,0.5775115931318276,-0.2699295185571547,304.1394662816925,5374.476190476191,356.73541202831444,0.9012987012986596,10,417.1521874568082,0.9920820491019238,0.541,0.977,0.263,134.938,0.00321,-2.828,0.157
終わりなき旅,Mr.Children,0,17,-0.9999485249317447,0.9954971070018908,-0.14046462913246677,369.65768697811257,11453.52380952381,3557.505059649685,324.9168831168832,12,2149.1351260448937,0.6448212163640855,0.375,0.64,0.16,147.478,0.000103,-4.998,0.0299
終究還是因為愛,Trash,0,11,-0.5147292500310758,0.9992327364415906,0.4994050368757051,368.06382323320776,20378.0,5814.6202758547315,596.1116883116886,7,2164.253808475337,0.6451662179450459,0.552,0.8,0.182,126.027,0.0253,-5.203,0.0587
終身美麗 (電影“瘦身男女”主題曲),Sammi Cheng,0,50,-0.13609755925970257,0.891849709436488,0.3957369737303762,303.04142664538284,2619.3333333333335,833.80352449502,75.14025974025975,20,478.4424207780911,0.7281295093795094,0.398,0.372,0.394,72.881,0.366,-10.18,0.0308
給我一個理由忘記,A-Lin,0,91,-0.14892114332212897,-0.9993559939038898,-0.5371799933868343,324.52131804597565,3146.190476190476,706.4562547739931,60.44025974025973,18,938.9331765360089,0.7580110922816207,0.399,0.512,0.197,133.175,0.583,-5.801,0.0357
給我一首歌的時間,Jay Chou,0,56,0.1593494081540086,-0.9974088843341457,-0.5323988896310834,347.8886145725304,3667.1428571428573,1103.0502421624747,-32.62857142857134,19,1464.8804353939609,1.173883511631856,0.756,0.635,0.519,118.004,0.272,-5.369,0.0282
續集 - TVB電視劇「On Call 36小時II」主題曲,Joey Yung,0,88,0.027909557557332654,0.028027102884906983,0.08219937531025973,300.72708238062876,2776.8571428571427,630.8896428826508,84.32467532467537,16,365.251885689862,0.5939977109914798,0.477,0.403,0.352,146.126,0.479,-8.838,0.041
羅生門,Juno Mak,0,31,0.3758537290725659,-0.9999730231105586,-0.16165624863008213,305.3908924740255,4624.333333333333,534.8383229968023,-60.52467532467534,2,454.63568931618204,1.2242648341298357,0.455,0.543,0.253,140.118,0.436,-7.164,0.0483
群青,YOASOBI,1,5,0.28416293627847067,0.04809078254005398,0.5089328090620234,419.33129466723324,106934.80952380953,32786.260908262644,4994.688311688311,20,7459.512219140069,0.46436975339437386,0.725,0.853,0.707,134.991,0.305,-3.193,0.0516
耿耿於懷,Juno Mak,0,75,0.3669451812238372,-0.9971311783559996,-0.007206038287511731,288.2189119693199,2913.5238095238096,276.1574118139385,-17.554545454545444,2,300.6237640307233,1.081876678319907,0.588,0.741,0.148,131.68,0.452,-5.48,0.038
聖馬力諾之心,Dear Jane,1,3,-0.6712733751219763,0.9999997699475015,-0.05877890753224133,354.4541407304813,11249.809523809523,1661.2218285704112,-7.371428571428617,3,1485.2416461640175,1.0238591150631524,0.521,0.917,0.555,98.037,0.00423,-4.363,0.0388
聽見下雨的聲音,Jay Chou,0,62,-0.2347173852804451,-0.9971359297220762,-0.6672230712310505,331.9037653698176,3522.0476190476193,747.2570461163424,-19.299999999999937,15,1180.6298096778685,1.0906795879311046,0.367,0.726,0.271,172.121,0.0294,-6.773,0.0341
聽風 in D major,Terence Lam,0,37,-0.8645612613633341,0.4904002780641731,-0.17766724989097227,318.61959171382654,4332.476190476191,655.1475020429419,28.379220779220827,3,614.6813219059125,0.9563679970481521,0.305,0.129,0.394,160.66,0.916,-16.701,0.0319
背對背擁抱,JJ Lin,0,81,0.08484886198809737,-0.9955607066505523,-0.5124595725171133,364.5757767629615,6764.523809523809,1640.4873439388623,-26.194805194805166,9,2279.19052297082,1.0478016648243813,0.392,0.564,0.349,129.549,0.644,-4.787,0.0333
致姗姗来迟的你,A Si,0,55,0.4100169647387161,0.18908648074262718,0.3363889442645306,334.49226131252476,9279.952380952382,1211.501487772625,3.4701298701300116,6,954.2582079814665,1.0417812515076952,0.697,0.628,0.741,119.99,0.418,-7.194,0.0362
致明日的舞,Eason Chan,0,22,0.29929486588009246,-0.9999874462622247,-0.4172260944880212,334.1915932671184,7641.666666666667,825.6158644039948,36.17532467532463,9,994.4749305538073,0.9279904484739946,0.549,0.618,0.474,111.996,0.842,-7.961,0.0309
與我無關,Andrew Tan,0,104,-0.9992502598885291,0.9877940340447039,0.17298251709365178,157.69235653359115,3748.7272727272725,701.818558643328,150.34545454545466,9,436.4417601467577,1.0,0.461,0.212,0.366,123.114,0.87,-12.389,0.036
良すた,Kyary Pamyu Pamyu,0,80,-0.696228529574168,0.999993396116558,-0.03484945999559179,137.69081925067695,1496.0,289.410089665167,-49.91515151515151,0,338.1019277972944,1.0,0.683,0.898,0.498,131.951,0.452,-0.889,0.034
艾瑪,No Party For Cao Dong,0,24,-0.6902707478257206,0.9926017034713774,0.19546229030713394,371.70481349962944,5907.428571428572,2810.842774336697,-294.07012987012973,2,2277.069474126778,2.1743746882348747,0.52,0.757,0.253,82.453,0.000669,-9.641,0.0617
花に亡霊,ヨルシカ,0,28,-0.3366971631417532,0.007565965420007002,-0.15405730590564548,361.8236377274123,31628.666666666668,3637.130217935869,512.9831168831173,19,1771.0323959487584,0.8107275645584022,0.646,0.45,0.413,90.01,0.573,-6.628,0.0482
若然冬天沒有花,梁釗峰,0,53,-0.3433446688223487,-0.4516125806565439,-0.531709429004316,311.19888787921775,3185.9523809523807,495.64613684615915,37.738961038961065,18,604.3107871782531,0.8254080351537979,0.552,0.562,0.384,81.032,0.276,-7.546,0.0371
若者のすべて,Fujifabric,0,52,0.24853093319026842,-0.9965669373360659,-0.3099948947936408,287.0966827291972,4995.047619047619,308.2510535556052,31.88051948051956,20,303.34110750111006,0.9186497707106613,0.589,0.672,0.246,123.936,0.00727,-5.324,0.0275
葡萄成熟時,Eason Chan,0,96,-0.0530315859712148,-0.9999964085027271,-0.44243128280865224,261.5587333283291,2721.0,616.8397637293231,33.769607843137265,1,906.9712560908422,1.0,0.521,0.567,0.223,125.194,0.417,-5.97,0.0307
蒲公英的約定,Jay Chou,0,86,0.5222224699578958,-0.999487512858648,-0.013158377867755299,330.1063880763714,3028.904761904762,806.8647083596926,30.86103896103901,6,830.1210393671516,0.9218629189975894,0.569,0.507,0.15,135.977,0.128,-7.191,0.0239
薄情歌,C AllStar,0,115,0.42417541124696334,-0.9999531164659,0.1763598820722871,146.43642859780954,3498.3636363636365,329.72806225937506,-78.29090909090901,2,266.1473276213759,1.0,0.64,0.583,0.499,127.998,0.305,-7.404,0.0288
虹,Masaki Suda,1,4,0.554175556501659,-0.8776054997075629,0.1734487604889881,449.56879528815466,132330.47619047618,63962.738765940194,10289.203896103898,19,15698.13194451811,0.27704704443574074,0.548,0.6,0.296,143.961,0.071,-5.049,0.0297
行星,理想混蛋,0,98,0.3011579815242879,-0.9999938263469627,-0.3241581572006895,326.13401344481025,5700.523809523809,874.446525308199,96.9038961038961,20,802.1739150583245,0.8045834196175883,0.514,0.258,0.357,147.697,0.788,-11.304,0.0329
裹著心的光,JJ Lin,0,27,-0.13182323257337322,-0.9926295868185175,-0.5634347672294098,392.1650697523664,9323.285714285714,3975.769325286762,373.32337662337653,18,5036.976497860596,0.6360918187168922,0.428,0.498,0.314,135.936,0.169,-5.742,0.0304
記憶棉,MC 張天賦,1,1,-0.9998144927159601,0.9994521558609977,-0.07453879174498074,426.1151477860246,37411.57142857143,7989.157012395455,153.429870129871,7,8375.366706001594,0.9842331961155172,0.491,0.533,0.214,149.856,0.393,-7.594,0.0473
詩歌舞街,my little airport,0,20,-0.0006690188447438843,-0.9999870970580086,0.010243889740063997,340.8027200521133,9309.809523809523,2013.5897255316038,-297.5999999999998,0,1251.3329482995323,1.552559281413791,0.641,0.479,0.301,121.974,0.732,-15.395,0.0443
說了再見,Jay Chou,0,94,0.33227449982493884,-0.998252954625693,-0.03260981056269948,345.30330774496844,3155.904761904762,1086.2083420588688,50.438961038961054,20,1246.9997955092053,0.900780949942389,0.545,0.507,0.151,124.041,0.492,-7.964,0.0279
說好的幸福呢,Jay Chou,0,52,0.10250168628633186,-0.9997595649583068,-0.4092345650825662,312.1890854365944,2670.4285714285716,609.9250985574705,69.48961038961043,16,616.2387930015442,0.714457887173782,0.543,0.473,0.24,117.61,0.345,-7.958,0.0282
說散就散,JC 陳詠桐,1,8,-0.13477781921994444,-0.9996316304187408,-0.5097927245756317,295.2715382588579,2749.3809523809523,291.7866925048202,4.964935064935071,19,446.75783149263316,0.9975083056478407,0.507,0.627,0.371,139.68,0.556,-6.804,0.125
說給你聽 (電視劇《你是我的榮耀》插曲),Aska Yang,0,68,0.11222272530402291,-0.9996963374609922,-0.0646114482124214,316.95328026675406,8664.047619047618,1568.6761624039334,-245.67792207792212,2,682.0344767678539,1.5052489064778172,0.394,0.266,0.264,134.238,0.845,-12.948,0.0518
說謊,Yoga Lin,0,39,0.6842660946873285,-0.9963453905445496,-0.04312677696708113,253.14769904029734,2038.4285714285713,133.89959686577225,-5.880519480519451,1,116.97559574543743,1.0349317465873293,0.54,0.474,0.22,128.051,0.372,-7.589,0.0294
誰,Yo Lee,1,10,-0.4802608689530612,0.9993696814145178,0.17977034272552284,368.6386858941278,12350.619047619048,3149.864221959424,356.7064935064935,17,2227.991517039506,0.6755986000259254,0.468,0.26,0.214,128.579,0.694,-9.757,0.0386
誰がその鐘を鳴らすのか?,Keyakizaka46,0,58,-0.6827035256506939,0.9999999307044982,-0.27010871985303664,419.2807683345025,35254.666666666664,6433.191671275237,-516.5987012987007,4,7209.274258030417,1.2954276769234363,0.371,0.803,0.655,72.69,0.0647,-4.649,0.0805
諷刺的情書,Hebe Tien,1,9,-0.26479101632974467,-0.8900593539106393,-0.6961495022970928,423.4367777736247,19300.428571428572,9591.982820844403,1067.1363636363633,12,11778.402631511626,0.441214203639041,0.477,0.473,0.431,155.875,0.723,-6.35,0.0396
让浪漫作主,Tanya Chua,0,67,0.6083824639799382,-0.9979403798671624,-0.016258626298548566,308.7174025278045,9817.52380952381,511.5544582141972,-27.127272727272757,0,475.6051828985887,1.0363433863829539,0.38,0.342,0.218,77.74,0.926,-7.725,0.0288
"起风了 - 电视剧""加油你是最棒的""主题曲",吳青峰,0,113,0.10736872855323741,-0.9998172508469603,-0.4670193011085477,273.39699925514805,8260.285714285714,184.78330754778509,12.90000000000013,20,231.82564029891083,0.9808790492686023,0.548,0.396,0.501,73.963,0.484,-7.788,0.0265
踊,Ado,1,9,-0.553380911023,0.9548208452416845,0.27520347407976725,430.0698419581005,104223.95238095238,32724.870394412043,5024.850649350649,19,10094.889400582852,0.5172071940284345,0.709,0.962,0.767,128.013,0.153,-0.753,0.106
踊り子,Vaundy,1,7,-0.09651166662953616,0.06745637012882222,0.1251095571656957,298.6741475628593,147711.2857142857,31576.89176196636,6157.5340659340645,11,16417.017345807504,1.0,0.718,0.475,0.678,157.032,0.845,-11.469,0.0611
过客,阿涵,0,77,-0.11910289132199986,-0.9996623631645671,-0.5308284578119791,252.3201848679154,5822.761904761905,198.88496430083222,28.48571428571444,18,152.02574617478447,0.9300740670626376,0.537,0.625,0.411,208.225,0.581,-5.514,0.0634
追,Leslie Cheung,1,3,0.33925446255602393,-0.9969875805748054,-0.2845299855032386,389.6513411237939,5508.0,3230.2446464920386,7.26623376623378,8,3929.145772302168,0.8009506833036245,0.311,0.209,0.231,179.695,0.734,-14.662,0.0302
追光者 (電視劇《夏至未至》插曲),Yoyo Sham,0,95,0.21047339201822432,-0.9996882204684291,-0.4321213940923564,291.3239827459481,7341.666666666667,267.4930053973523,4.703896103895971,10,346.73440484036195,0.9867204311497974,0.538,0.333,0.275,72.063,0.714,-9.166,0.0298
退後,Jay Chou,0,74,-0.06952306858976136,-0.9998315142273204,-0.2746364626023263,350.8003101661557,3719.190476190476,1234.1426798369025,-71.57532467532458,6,1659.0976011073008,1.392162753766256,0.661,0.572,0.186,131.954,0.406,-5.665,0.0246
逆光,Stefanie Sun,0,142,0.23421564873408937,-0.999993957412222,-0.3402821817267179,309.3854592994039,3955.5714285714284,434.52136463760974,18.73506493506496,7,537.5343221599901,0.9040985332304021,0.306,0.579,0.306,175.925,0.403,-5.831,0.0525
透明,G.E.M.,1,9,-0.42975446747887797,-0.960271772948027,-0.6534934219541136,423.35588054526346,11770.42857142857,7886.240625119101,179.64805194805209,19,13503.430198564363,0.7854484872069268,0.696,0.522,0.363,138.062,0.331,-9.945,0.0443
這世界那麼多人 - 電影《我要我們在一起》主題曲,Karen Mok,0,38,0.6322172913241804,-0.9997409678669366,-0.037267819376241976,379.7657585674624,12187.761904761905,4294.38297474583,-505.4376623376624,3,2820.3531800113265,1.7480203494802034,0.526,0.184,0.237,143.567,0.95,-12.648,0.0359
連名帶姓,A-Mei Chang,1,1,-0.6172497734015311,0.8561061265125766,0.1072942762006688,372.0655746425571,13860.142857142857,2912.28686586944,-145.86623376623382,6,2265.192693790089,1.140011081400111,0.512,0.311,0.271,80.884,0.889,-7.083,0.0314
連續劇,Joey Yung,0,58,-0.8683726285878334,0.7656269614860911,-0.013148948106957416,302.50230524888013,2697.095238095238,684.3565559645133,86.41428571428571,15,390.7451183316306,0.6083500602167804,0.561,0.515,0.386,147.866,0.752,-7.191,0.0317
進階,JJ Lin,0,19,-0.195835342176686,-0.9944108285969381,-0.4260215807721705,383.48734241291265,8544.380952380952,2880.5165124825803,184.89350649350664,13,4092.3393856692774,0.7508703567664251,0.558,0.757,0.147,92.035,0.304,-4.404,0.05
遇見,Stefanie Sun,0,113,-0.7471915145722782,0.12942636887465062,-0.6473113995276378,318.65875855519215,4517.857142857143,1155.4673878365159,152.8922077922078,6,789.9799918352363,0.601081775826059,0.631,0.233,0.442,91.864,0.841,-13.016,0.0329
道聽途說,Lin Hsin Yi,0,78,-0.30280212599715134,-0.13748210348591638,-0.43966740958778056,151.51609087513376,2573.1,609.217440656454,-28.721212121212154,3,777.9047039291264,1.0,0.378,0.521,0.188,167.889,0.346,-8.482,0.0547
還願,No Party For Cao Dong,1,1,0.5136519318352922,-0.9999991167466624,0.16133866715311623,389.5276165529419,19224.52380952381,7610.590325761594,-1119.0961038961038,0,3684.8572004217476,2.4128567303527597,0.502,0.202,0.158,109.111,0.359,-12.303,0.0347
那些你很冒險的夢,JJ Lin,0,11,-0.3676859152821239,-0.9952007944434842,-0.6509505254600401,337.4966661834937,3927.3333333333335,908.3685707450805,34.44805194805198,14,1483.1996527777371,0.8684464244157053,0.426,0.487,0.28,135.103,0.785,-5.276,0.0361
那些年,Hu Xia,0,105,-0.1738824279850036,-0.9994552521356257,-0.5559131719067092,295.73652265538493,4582.714285714285,407.70135461857757,46.43246753246752,18,459.91318746041634,0.8796146746654362,0.544,0.528,0.215,79.045,0.299,-8.131,0.0271
那女孩對我說,Rachel Liang,0,22,0.002850104229960018,-0.999888656505164,-0.5259269514065761,365.2977672217861,8401.42857142857,1658.549325147003,-18.233766233766204,9,2423.674067918374,1.0371820663888491,0.547,0.496,0.227,79.971,0.399,-7.964,0.0251
那女孩對我說,Yida Huang,0,162,0.45242880795144425,-0.9985051515061405,-0.04510787310443064,172.71338276222454,5577.692307692308,250.52418418968122,31.17032967032972,7,257.54816162332736,1.0,0.554,0.51,0.436,79.973,0.83,-6.534,0.0269
那陣時不知道,my little airport,0,55,-0.8147137038037222,0.9995735936887804,-0.022731465368282158,303.4775765633227,4667.523809523809,583.9001560971271,-64.91948051948052,1,397.85616433580617,1.2174384704047734,0.613,0.21,0.268,132.035,0.769,-15.309,0.0309
醉赤壁,JJ Lin,0,65,0.5012643188442061,-0.9941791067471636,-0.09607633792579588,336.2900233561787,6704.523809523809,1265.7755995755035,144.2584415584416,17,982.7734873815023,0.7410204191972896,0.523,0.449,0.451,82.041,0.48,-7.771,0.0271
醜人多作怪 (《新斗羅大陸》手遊半週年主題曲),告五人,0,70,0.676891998705067,-0.9997209042772004,0.07322612366530745,321.6779648682895,7016.0,735.6530626398754,-14.437662337662196,1,651.9410632871655,1.0020108427796943,0.595,0.753,0.466,90.026,0.174,-4.677,0.0393
野孩子,Miriam Yeung,0,61,0.45726302688821374,-0.9990227415912459,0.025765883715018423,271.71833154824697,2103.8571428571427,256.70128753165255,30.916883116883167,17,195.54830605249435,0.8332009045901839,0.624,0.375,0.521,120.06,0.751,-8.522,0.0505
金木犀の夜,Kinokoteikoku,0,107,0.5490320187710237,-0.9985486148992679,-0.028531736428465033,263.0282014185093,6278.058823529412,709.6462640423073,14.004901960784277,12,750.4710577988667,1.0,0.661,0.609,0.489,125.961,0.157,-6.978,0.0281
銀河修理員,Dear Jane,1,1,-0.1468504554597997,0.7839431488755224,0.279187669484545,362.5623574940572,21336.14285714286,2760.254272029754,282.16493506493526,16,1987.1271323194198,0.7901682735419076,0.425,0.792,0.367,140.007,0.319,-5.252,0.0505
錯的人,Elva Hsiao,0,133,-0.26498329094734735,-0.9986849940197531,-0.5198225752979336,249.7981549337597,3031.5555555555557,364.4789617800277,46.69143446852431,11,426.17126209621193,1.0,0.491,0.499,0.247,127.689,0.755,-6.91,0.0375
閃光,[Alexandros],0,76,0.7809850611157024,-0.5745613779546822,0.29528504930684574,379.3515597868907,40731.0,7061.293352461984,642.4389610389611,11,2723.929659058765,0.785797173455116,0.546,0.971,0.473,104.083,0.000132,-3.451,0.0636
開不了口,Jay Chou,0,61,-0.358806683254109,-0.2853487638593266,-0.5613206296941946,352.47692480711953,3659.0476190476193,1318.1110754622448,48.15714285714289,10,1626.6212066735143,0.827853740974036,0.578,0.525,0.362,139.95,0.598,-8.081,0.0273
關鍵詞,JJ Lin,0,69,-0.005999628600309336,-0.9986637752616273,-0.5174620849819086,303.5261759135428,2888.3809523809523,380.80096991053904,23.25974025974028,13,521.2859100340235,0.9164957105557628,0.464,0.452,0.327,135.885,0.824,-8.628,0.031
阿拉斯加海湾,Priscilla Abby,0,152,0.09549112915940587,-0.9980980819123066,-0.38687581450942776,250.02881225560603,5756.705882352941,415.22549008033786,-0.7279411764704933,4,564.502601854057,1.0,0.63,0.309,0.155,117.814,0.738,-11.415,0.035
阿拉斯加海湾,菲道尔,0,62,0.11791349937260691,-0.9928174962255715,-0.45302812959809524,352.81565856235187,7777.571428571428,1295.4665852384567,71.25064935064951,15,1704.8547768065173,0.8663702974820333,0.53,0.132,0.231,120.555,0.81,-16.326,0.0432
陀飛輪,Eason Chan,0,123,-0.7952465232420047,0.566030845570433,-0.19925540790509846,287.6634741662492,2805.9523809523807,492.4430328368644,42.3896103896104,12,283.5347377306703,0.7824957538215606,0.544,0.309,0.376,134.277,0.936,-8.7,0.0349
離開你以後 - 電影《你的婚禮》插曲,Eric Chou,1,8,-0.12395424155657338,-0.9862918589401546,-0.4913145982545771,417.5743026846818,13991.333333333334,6197.578531232473,-102.01428571428556,8,9488.278170985503,0.9936469901231336,0.24,0.469,0.24,154.969,0.753,-9.235,0.0361
難得一遇,Phil Lam,0,55,0.3227011806845388,-0.9984965874486946,-0.313470597527252,306.16009966185896,2862.6666666666665,432.99668241699845,28.54805194805199,19,486.76775519748634,0.9021605079249075,0.418,0.345,0.215,172.006,0.767,-9.795,0.0354
難道喜歡處女座,Terence Lam,1,1,-0.9999998732525621,0.999928304937864,-0.3105992794927663,441.36053759756425,31163.04761904762,10841.674534499647,-1171.042857142857,1,12281.760841182342,1.7426423408917568,0.838,0.501,0.693,129.969,0.733,-7.229,0.0472
雨天,Stefanie Sun,0,117,-0.19471772875569612,-0.9997267483321188,-0.475901649347842,270.04488807279995,3069.157894736842,321.2597347544744,-3.4456140350878095,3,518.2821250160101,1.0,0.503,0.383,0.417,115.749,0.73,-9.151,0.0294
雨愛,Rainie Yang,0,73,0.033309065187311006,-0.998657755796415,-0.45441016421338765,301.57223961265527,3504.7894736842104,770.6623657571841,27.63859649122801,9,1108.2746851650893,1.0,0.422,0.657,0.218,159.957,0.214,-5.274,0.0292
雪の音,GReeeeN,0,168,0.10070879190734436,-0.9960052627559285,-0.19509021512838307,115.64120485246482,1121.0,80.18229230946194,0.19393939393946116,4,115.20395226416476,1.0,0.712,0.681,0.574,109.0,0.0647,-5.814,0.0267
零分,JUDE,0,32,0.7774876347645792,-0.5166097114913408,0.4175080558539205,296.04071144337297,3470.0,1017.0399626928559,125.54805194805196,20,348.146847608879,0.6473116920061953,0.557,0.536,0.391,128.865,0.731,-7.661,0.0313
需要人陪,Leehom Wang,0,68,0.4582455552709286,-0.9988072615109208,0.011186377342445607,317.98563705454035,3064.285714285714,617.5107589467297,-46.38441558441556,0,613.0136927508227,1.2087526684964929,0.672,0.265,0.111,80.995,0.758,-12.312,0.0405
面具,Alfred Hui,0,76,-0.6142548414334089,0.8898273191517228,0.08744881214003984,296.3024354587144,2011.8095238095239,369.27710837044845,0.6350649350649454,10,342.29607067566525,1.075357889657391,0.448,0.507,0.218,159.868,0.397,-11.226,0.0348
風的形狀,Yoyo Sham,0,40,0.02949050654157498,-0.9998437116992103,-0.26694631472401353,337.8774965343583,7826.047619047619,1021.0542859590196,-96.96753246753255,1,1171.2845715282003,1.189061024373581,0.313,0.28,0.254,153.02,0.948,-14.236,0.0362
風繼續吹,Leslie Cheung,1,6,0.11127778770433513,-0.9841587891496086,-0.3628474135855139,387.91669807017223,4986.142857142857,3014.6650336822036,114.57402597402597,15,4076.53653730713,0.6146066094319652,0.538,0.426,0.322,133.786,0.264,-9.985,0.0289
風衣,Stefanie Sun,0,11,-0.33157939420334365,0.702890278818738,0.07173284420611598,375.6038868768724,8952.52380952381,3498.6233975671826,447.00259740259736,19,2495.887970242254,0.4788018607465678,0.602,0.381,0.401,125.918,0.802,-9.906,0.0304
餘震,Hins Cheung,0,63,0.5555171032308432,-0.9974739638407706,-0.11644278211917265,274.7069629775596,2113.5238095238096,212.80252841489747,10.853246753246754,8,207.04518830438923,0.9361716621253405,0.467,0.371,0.286,133.791,0.696,-10.442,0.0353
馬と鹿,Kenshi Yonezu,1,5,-0.9999999999264371,0.9998973817486575,-0.17703843640194014,492.3433294731,136535.7619047619,32893.304873708556,-2188.83896103896,1,37501.93874705013,1.3128176405411,0.643,0.447,0.676,91.019,0.0978,-6.411,0.0256
騷靈情歌,Hins Cheung,0,117,0.27047489767184535,-0.9988004239287998,-0.10729177127851491,223.23575774528797,2837.0625,462.8901690398598,78.41029411764706,9,374.6719216713322,1.0,0.489,0.337,0.276,179.599,0.301,-12.972,0.112
體面,Kelly Yu,0,145,0.30086647976902653,-0.9981739703525373,-0.07948249903281578,290.34637482931527,5362.952380952381,301.7754567619025,23.596103896103898,9,331.0302705191777,0.9357847950798491,0.36,0.465,0.205,169.845,0.421,-8.483,0.0337
高山低谷,Phil Lam,0,43,-0.13418265820950515,-0.9996014566764978,-0.521558187878478,294.4277021285132,3794.285714285714,396.2565478331939,-45.60000000000006,2,439.85939514804045,1.1982616576042182,0.603,0.405,0.353,143.986,0.724,-8.078,0.0351
鬼,No Party For Cao Dong,0,29,-0.18794947193103823,0.6008435006038053,0.1988725402959083,367.03218655068764,5394.809523809524,2457.8221218726226,-245.39350649350632,2,2048.6119758265595,2.03938788586936,0.452,0.659,0.355,77.62,0.0881,-9.614,0.0682
魚仔 - 電視劇<花甲男孩轉大人>主題曲,Crowd Lu,1,1,-0.09737734037291247,0.4014145416433683,0.34742328774278797,390.4318770554603,19367.809523809523,11098.128785301933,1742.3220779220778,17,3557.9183169375883,0.22936649915946747,0.666,0.217,0.395,82.011,0.786,-11.042,0.0335
鯨落,陳卓賢 Ian,1,6,0.30518560798746397,-0.9997818440911581,-0.2611465799098566,317.5304077218078,3868.5238095238096,759.9103718483058,90.89220779220777,20,647.5461682382191,0.7306050715541049,0.598,0.48,0.382,122.875,0.713,-8.073,0.0324
麻痺,yama,0,57,0.8549221500040081,-0.6337005492776843,0.28102786448445294,398.17213792402504,50322.23809523809,9092.225139696537,882.0181818181823,9,4370.255428461819,0.7784630361641696,0.309,0.941,0.704,100.02,0.0587,-3.558,0.0763
麻雀,Ronghao Li,0,11,-0.7797773394402312,-0.17171075229022248,-0.8434090461833367,381.4257556974619,10388.857142857143,3296.1810555581455,139.71428571428572,6,5184.289436364447,0.7885933830217624,0.622,0.509,0.231,85.024,0.619,-8.936,0.0235
黃昏,Steve Chou,0,137,-0.9216255382282801,0.6670069425973482,-0.2619822787947968,165.44567543472573,2642.25,574.5174968324869,128.7377622377623,11,361.530858964309,1.0,0.501,0.511,0.113,78.045,0.122,-9.836,0.0291
黃金時代,Eason Chan,0,29,-0.2690476944973573,0.9999668108419308,0.3329519331694495,316.4776399572466,4456.523809523809,1253.1333535638012,-174.53896103896093,2,623.9112016144605,1.836038961038961,0.555,0.494,0.28,144.044,0.246,-6.862,0.0285
黑夜問白天,JJ Lin,1,7,0.2607392382917509,-0.999480436004805,-0.19331151038553304,380.534188250073,5929.809523809524,2623.093350535505,127.01038961038965,5,3207.621967673248,0.8066328824226573,0.452,0.54,0.194,134.553,0.402,-7.004,0.0351
黑色幽默,Jay Chou,0,130,0.15647130012537544,-0.9983026309372981,-0.26982199595107165,230.2135043873206,3760.5625,355.1376438703028,2.104411764705901,8,473.50788330877407,1.0,0.603,0.292,0.231,127.905,0.406,-7.622,0.0282
龍捲風,Jay Chou,0,109,-0.31375645643595107,-0.24840476091325156,-0.43955730065952997,230.70633387172992,2609.529411764706,438.9491619561506,72.55392156862746,11,295.9377045933823,1.0,0.637,0.557,0.544,143.945,0.681,-6.585,0.0314
그대라는 시,TAEYEON,0,161,-0.5127677579541999,-0.2728726395342154,-0.7203280501290085,112.51549525550517,1326.5454545454545,44.075067444621496,-6.890909090909038,5,60.51189965618333,1.0,0.533,0.292,0.472,135.624,0.914,-7.1,0.0364
긴 밤이 오면,Eddy Kim,0,153,-0.08253451688168992,-0.9997028361006248,-0.5052244781383033,363.2824081126413,3686.4761904761904,1596.896085090061,36.918181818181786,13,2414.770504623576,0.8930874904347192,0.48,0.501,0.222,110.889,0.624,-5.511,0.0296
시작,Gaho,1,4,-0.8165727097093596,-0.07973484216909313,-0.8449661390537693,344.7076059406971,5292.761904761905,1700.8061367302357,194.85194805194809,19,2084.19917174439,0.6353123770384297,0.591,0.818,0.574,108.107,0.172,-3.532,0.073
